row,article_id,title,publication_date,province,news_source,url,stage,drop_reason
6,7d48221341146c64c788ac0809c81428,"WATCH: Residents of Magapi in Balete, Batangas use a temporary bridge made of bamboo and scrap wood to reach their village on October 28,2024, after the concrete bridge collapsed due to the flood at the height of severe tropical storm Kristine's onslaugh","Sun, 27 Oc",Batangas,facebook.com,https://news.google.com/rss/articles/CBMi1wFBVV95cUxPR2xjRUpvMFlNLTZmb2k4STBOeWkxOFhaSzBjdXZBZjc4bjdEV0JrOXBrSmN5NFJjaWFNNEJqZjlyN2pySHRkSlFyMGM3SkdHTGx4VnFLUFpiOTU4RHhTdGR5aDZqbzY3bTBQTGRER1hfMFlIbmozcDEwdWhkZ1FuUHoza3hmNnRkbUhRaDd0VVFZUXA0T1Z4Vkt3d1h1Q0RqejZLbnZ3V1NwRGo5Zk5EakxHcmkzMWtjRkI4dXlxdzktZ1NHNUhMV2RBOFppNDN2TkhZWjNkUQ?oc=5,stage1,"non_news_source (social media post, not a news publisher)"
18,fed61e58066c3ddb22fe8c4711ffca21,"A REAL-LIFE ‘DARNA’ LOOK: Actress Angel Locsin distributed relief goods to the affected families of the Taal volcano eruption in Calaca, Batangas on Friday. (Photos courtesy of Đom Ļasheras Violante)","Fri, 17 Ja",Batangas,facebook.com,https://news.google.com/rss/articles/CBMi3AFBVV95cUxPbEtKcDFsTUE1TDlGdW9oWGNPYlZoRmJmNGp6ZUswMDR4d0NCZW5DekZVbXRsbEZDaGFMUElzUzJjOVZTSXlibkhzWnBPM0VMejZSeGJJZU1reVNWZ25EbFM0R0Z4U3RVeERwN0dmcXVIR0owbldOcWpUXzFfbDBia1h4Y0tiS29OZ3U3LXVnS0dBbjBIcW10SW9vdjA4RGUwVmQtajVMdzRCMGw2enF2OTMzWnNZSEYtSzBOZ2tMYi1SX0xRdlpaRnotSmNNZjB1RGVOQ2JZVU13bjVv?oc=5,stage1,"non_news_source (social media post, not a news publisher)"
29,0fa56baa78cc28be50f743214483e72b,"Fishermen feed tilapia and bangus in commercial cages in Taal Lake, Laurel, Batangas on Saturday, as vendors in Talisay report up to 50 percent loss in income following rumors that missing sabungeros were dumped in the lake. Fisherfolk and vendors urge","Fri, 11 Jul 2025",Batangas,facebook.com,https://news.google.com/rss/articles/CBMi3gFBVV95cUxPMGxkbkQ0VjlpMElWdDNYUkZTc1dsQVpQVDg0RDF4LUxKcjByVlNIa25teDlNUGswSEZkSHNNMnpJQ1E3OU8wUGZGZzFJYzViWTZ1MWZFNXRjSmNtWkdieWlzTTBOcFFjalllajh0NHRHY1BxMldNSUdpOWI3NUxvMzdQS1FNMTVFeGo1MU1GSnl0dm5uZXFZWGZQX3UxaXZBMC0xTnVac05qRVBzb1JXY0xoazRTX0VJSW94VXUzY1l1dG9sZUhzaVB4WnNxbzRYQzg5c2trdUozc2xoZEE?oc=5,stage1,"non_news_source (social media post, not a news publisher)"
33,8e6144810a6164801d9525ad3c639842,"The Bugaan Bridge in Laurel, Batangas, is seen in ruins days on Tuesday, almost a week after Typhoon #KristinePH struck the province. (Photos by Michael Varcas/The Philippine STAR)","Tue, 29 Oct 2024",Batangas,facebook.com,https://news.google.com/rss/articles/CBMi2wFBVV95cUxNem9KOWVWZDdGeGVLMmUzWjlEMFpHWUdySkNIS1ZPTEctb1VLN1JReUFHSkNCUWF6c0VaQi1TOGhXOGZZOTBoVzY2UDdqYTdkS1A0LURoSVE0QkpkTVB1VmNIZkE2S2pNNDc4bkU3UGR5eTNsN1ZqdHZYWFMxSmhRcExPODc3MjdTUnFuX015d3VYNXlKSEVkMHFLVlRyNHZMeWhhVFZUOUFpODdwMm5IMUR0cWdraFUzbEZfakQwaHJOT2NBUGl0TGpadjRiYXR1SFVDbFJPXzNRbk0?oc=5,stage1,"non_news_source (social media post, not a news publisher)"
46,4ceb2cf807a286d53c7809c7c3013413,"UPDATE: Three people have been confirmed dead in Batangas due to the heavy rains brought by the southwest monsoon, or Habagat. Batangas PDRRMO chief Fe Fernandez said one person was electrocuted in Lipa City, another drowned in San Jose Sico,","Sat, 08 Aug 2026",Batangas,facebook.com,https://news.google.com/rss/articles/CBMi1wFBVV95cUxNWEVPeXJPbWFtUTZDYWlLUVNxdS1GbWRwbklwYXNMNTFjejdiNk53M2ZoZUQteGtjaDRxV3lmc1FJRnppNTRpanp1WkdlTVpOdzlLX210ZEVKNV80R3lXUENTWGMwUlN5dlVnSWc5ZENpTTVOVHE5MTYwS1BlMVRqWDdTaGtqM1BUVV8xMEQ4Q1dWTm9Nbk5POVo3TDgtYTExTS16cUNieU9aX3F0OVM1amZpQzU4Wkl4c0QtQ1E5dnpaYVFHYjlzZ1FrZ3F3Z24ySko1U1pycw?oc=5,stage1,"non_news_source (social media post, not a news publisher)"
76,37dbf68fbe4a522edbf9fe36d008468c,"President Ferdinand “Bongbong” Marcos Jr. leads the distribution of government assistance to farmers, fisherfolk, and families from CALABARZON affected by El Niño in San Jose, Batangas on Thursday. Marcos gave P10,000 each to 30 beneficiaries from Bat","Wed, 10 Jul 2024",Batangas,facebook.com,https://news.google.com/rss/articles/CBMi3AFBVV95cUxQLXZ0SHlzNUJ1SnpybWdZdlM5VmJhWGlCUTZ4RXRZQV9KcHdyXzNPaTJqOGxuNDJvdWRFR3AwbHZKWVd6SUFkaXV3T29jUGdIXzdHelMteV81bzZMbVd1eEhCc1VmVGFzQVZBR0J2UHFJM25ELUVUSjhNeG5MZ3o4aV9YUWNtRWZEWTNEVUdTc1Jva2xXQWFyU0dTZ0htTTdyUDJhYTFlLTNVTTNacWw2NXRBSHV6aGYtV1VWVU4xQ1F6Y3RJSlA3MDlGcEp2Mms2UUVhY05KR3F3Ylll?oc=5,stage1,"non_news_source (social media post, not a news publisher)"
82,c2750f6017c7df9af6e04f73f01ecd8b,"PTV.. #RiseAndShinePilipinas | Del Rosario Bridge sa San Juan, Batangas, sarado sa mga motorista; San Juan, Batangas, isinailalim sa state of calamity","Tue, 01 No",Batangas,facebook.com,https://news.google.com/rss/articles/CBMi0AFBVV95cUxNRlNva1p1SllHSjZOcnh5WWM1VlR3bGl4eGx5VFVMbTMtWkZhRm16MjJDOVpLbG5SWWF5STRNMDkxUi02TWJWVDVOV2ktS2VyN1lybl9lalNHVnNPRlVfaGlwN3VUQ3MwRGFWZUVzNjhPVjg1Zjk5Q0hPTl9rMmloM0lrR3VzWW9mQTltb0xFQUJHZEJXblZmY1BhQWM2emFGTUlWVXkxQTkzMmNkRjdtdF8ybDVKcWNYWk9rZHRuODV6OXRSdnlwRWJZNHFtY292?oc=5,stage1,"non_news_source (social media post, not a news publisher)"
85,1cda211b06f0582f5d5f99724d8b53d9,"A farm owner feeds his rabbits at the Papa Rabbit Farm in San Nicolas, Batangas on Friday. The Department of Agriculture (DA) has previously said that rabbit meat could be an alternative to pork if the African Swine Fever (ASF) continues to affect the local ho","Thu, 24 Ju",Batangas,facebook.com,https://news.google.com/rss/articles/CBMi3AFBVV95cUxNNUk3Z1hoek9kNXJqUmliTEFCcWlfbUMwdVQ1SnJaM1drQW1WMUJ3N0FjNlp0RThiMDJQU3R5UUdBOTdyeDR6QlpRUW41T19pM0U5SEY2aFVXVm9PcGZWdHVQbi1vX29wUHF1ZmRONWZvVjBaVjZLa21YeDF5OU1USWwyR1RoV3ZHOE9ySlJWbllmUi0zMk0xVEZMQXRvY05JR19ubFRiSnJRYVFsVUJ2VFdvZFp6dk5MOEtCNjJRRW1LdGVaNDBmdHFsWDQ0TE00SjR5YWJmVEt5ZmV6?oc=5,stage1,"non_news_source (social media post, not a news publisher)"
104,0a165368fabbe5291ca9631c22533573,"ABS-CBN News.. Natukoy na ng BFAR ang sanhi ng kauna-unahang naiulat na fish kill sa isla ng Tingloy sa Batangas. Sa kanilang pagsusuri, mataas ang lebel ng ammonia sa nakuhang sample ng tubig sa karagatan na maaaring dulot ng polusyon.","Mon, 14 Sep 2020",Batangas,facebook.com,https://news.google.com/rss/articles/CBMipwFBVV95cUxNY2pYdzlJU1hIeEMtU2FqQnM3LUFYMnNaS044eTRBUVlreHYwaGJzalhFOUVtSVZrNmQzdlVHb1RCNy0yd3Fhc3ZPYXVWdzlyX2pVUWd6TTNuOWpCeUpkeHl1V2lZYlNILTVWNzlWeE9NbWNCc2QzbDRNWFVoVUxTb1k1MlNnVFZ6Wk5vczNOWk4wSGplMEdmNTV1dTlsbkhEclVkWHZ3WQ?oc=5,stage1,"non_news_source (social media post, not a news publisher)"
310,c94ceb332b8f3b9d625d8f2858e54717,"Damage to the agriculture sector due to the Taal volcano eruption climbs to P3.06 billion, affecting 15,790 hectares of farmlands and 1,923 animal heads. | via Maureen Simeon","Thu, 16 Jan 2020",Batangas,facebook.com,https://news.google.com/rss/articles/CBMi3AFBVV95cUxPVG4wNnZVYUw0bHR0YjFSNy0wQVJzTXZnSUxWZG9yNGNjWGJIWTR4NXlTZmd1TE04dWFCX2t3THlEV21tVUZjVjVnNGx2Nk11dVhRYWJKeEFmeW8xRVNmODFiei05dVJ4aDFfQ3RnRVpTWkpxOG15bTEwclNtVTRpcWhOa055eDFwbV9xWGhta3pFQUhYMGVIMWVUM2l4SllrNHhpTWc4VWxMUXU5MHJCczBWN2xFb3Eta2VSNVRZNll3RWI1Uk5sRmZWQmtOb0ZsRVR5Q0RwaHVTUENo?oc=5,stage1,"non_news_source (social media post, not a news publisher)"
328,b7ad373ae482e905f4b434b6ca333e75,"Batangas Rep. Leandro Leviste turns over sacks of rice to Manila Mayor Isko Moreno during a donation event at Kartilya ng Katipunan in Manila. Leviste donated 4,000 sacks containing 25 kilos each for distribution to beneficiaries. (Photos by Ryan Baldemor/","Tue, 14 Ap",Batangas,facebook.com,https://news.google.com/rss/articles/CBMi3AFBVV95cUxOd0FLRnRsUThPaUhfeGY2X3R3QWZ0akxaMi1XaXRmcXZySndQNFdzQ3pKd2pwT2poNE9Ibkx5M0hhRU1UcDRxTWExbGZFVDRyLWpueHhfNFV3YTBxaHFldVo2TGxCd2Y2V0JIcUd0MzhmQllvZDJyNTN4bVp4am9DeWNvaVFYQXZRQTVqeXlvZndhUnk0bXVkMnNrcFd0N2VSS0FBTWc2dXAySzdacFZuaGVoSm1pdFpwckozU2pjV0JoakJKOFpldnZCb2l2amQtN05tbEV4X0lkbFJH?oc=5,stage1,"non_news_source (social media post, not a news publisher)"
374,893683b5cad30d38b2d1297403e2b151,"A farmer in Amadeo, Cavite on Tuesday tends to his coffee cherries now covered in ashfall due to Taal's eruption. Damage and losses to agriculture ballooned to billions due to the eruption, according to the Department of Agriculture.","Mon, 27 Ja",Cavite,facebook.com,https://news.google.com/rss/articles/CBMi3AFBVV95cUxPN2JwWXI0Y0tzdkVjOTlydWhvS2wyX3N6TURHcndXbW5iMTEzeV9tSGNvVFpoUFFyQTRIazFySUxuX0dmVGhUZ0FoX2xDTHRPU25McVp4ZWJ4ZWRRSFhicDJ1MDVfY1FsUnBRcDNGVUNMZjBrd3ZjTlJLWWRfU1d1SG4tNVl3eC01blRiS2F4azB6QjBGQTdVeG02X2s2bldjN2tFM0J5R2JwSG5uaktmem5xdjdOSjdBaDdtLXF4RTUtcUtZeEdENDY0TlMwZ2Zha3hWNk5tOXpKdENC?oc=5,stage1,"non_news_source (social media post, not a news publisher)"
389,5d5db97da5a5becca2d89880f53c94c9,"Nutrition Month 2026 Theme: “Nutrisyon at Kalikasan, Ating Pangalagaan!” Healthy food choices mean a healthy planet. This year, we highlight: Eat Local, Support Farmers – Fresh, affordable, sustainable produce from Bacoor. Less Waste, More Health – Plan","Mon, 06 Ju",Cavite,facebook.com,https://news.google.com/rss/articles/CBMi3AFBVV95cUxPNTczbnQxNHlOQmYyNmdmMmIybkJnU3lJcHNOdlJwMDdQVVFMUDNLbzF6V1N6NkQ3cVptel9SMThQNTZmSHU4NTl3eDEzLUx3emZESmx5a0dFMlVDRGp1R0ZuTlhtVFNhaXI2bXNiQU1aaENMTldOeENIdFFNRmtjSnJBUmVQN2g0Nld1MDk1d1dkUTFPUE9ZWWZickx6WG9tUlhoWXFNZUEtb3ZHRjZQX1BOR1Q3Nl84SHdKaHp4SHdlQnkyYkNpWURzV1pyd2lBNS1hWURBSUpnbVR5?oc=5,stage1,"non_news_source (social media post, not a news publisher)"
392,86eaafd3d75b1aea6eb312a32065fbb3,"President Ferdinand ""Bongbong"" Marcos Jr. leads the launch of the P20-per-kilo rice initiative under the program dubbed “Benteng Bigas, Meron (BBM) Na!” at the Zapote Public Market in Bacoor City, Cavite on Wednesday. Through the Kadiwa ng Pangulo ou","Tue, 01 Ju",Cavite,facebook.com,https://news.google.com/rss/articles/CBMi3AFBVV95cUxPQ0dXeTVDTWVveUxzWlljZTZuOEFrZ0hoMF9uTWFRamE4dVpVTXgtOGY1NFQxM2xvTk15SUNhZkpiNVh5NGF0N015YnZFZ0pxTm1Ga3pxTUFXbnc3Y09vWnl4Y3RBQUc0d1Y3N1c4YzhFcXFJTDNYb2Q3LUsycDFGQkoxS1IzazRhUWJjRkptTWhpZFdrbG5IcE9WZ25lV3RSejlFRWV3NUljVC1WRnJCY3RWOVYwVThiOUJZdmZCckV5TmR3SHlOZnpFQ0VjcVNzOTk3VUNpd2JkUkxk?oc=5,stage1,"non_news_source (social media post, not a news publisher)"
397,906fca7058e6e9ce43de780d31132f39,"Fisherfolk in Barangay Sineguelasan, Bacoor, Cavite carry their catch of mussels for sale on Wednesday, as some continue to head out to sea despite soaring fuel costs. In a Senate hearing today, April 8,2026, a farmer’s group decried the lack of government","Wed, 08 Ap",Cavite,facebook.com,https://news.google.com/rss/articles/CBMi3gFBVV95cUxNNFkyRkFKamowb3A2bEtOdGZDXzVZbmlVWXVEdXYydWlFQmN4QlFyTlg1SkNGSjFtZVZNcUtMRl9CNFdKSHE4RmJBa1dxQkZpR01PXzFnWGRYdlRuWEdBejFYUFdQSktPU2hkWXlQN3pHTWMwMFF0aTdseFNiQUxDdnE4aUNHQ2c3UGl2dklpb25IMHB1amZ0U25KYS1BN2V5cHNwMnhVd2lVQ0hxQVpIbWp4YmpUTEs5OHlpYmU0aGJybVdlRENvV1R2aUhWbUVDLUZtVFZoZXJaNWQxWlE?oc=5,stage1,"non_news_source (social media post, not a news publisher)"
398,9b0603ef6be4a9803d3d16e0a9cdde48,"Some egrets are seen in Barangay San Nicolas, Bacoor, Cavite on Thursday. The Egretta garzetta or the little egret is a species of migratory birds that are commonly seen in coastal marsh, tidal flats, and rice fields.","Wed, 21 Ap",Cavite,facebook.com,https://news.google.com/rss/articles/CBMi3gFBVV95cUxNUWVlTjczQmh6R1NEN2lRZ1RaOGZPRkhZcFhJaXd4LWN6UkRXTFZCbnAxNTFLNThVQ2liTHNONjh3ajZFam12ZFg3cGhUMVUtcE1fLUhJYjhINGEtY0JnWkc0bW1PQ2ROZGxURDBrMUtFX0xpZE9oLVJDblZtTEx0cG16c0t2ajlDSnNpdWNHOTdjNG9Ebm42blpoZlZST2FGTjZheFJmTk11clJOYi12TVlfQTJWdDlsb2wtWVZHeGc3b3VUYlN3UWp3MGRhdnU5em4xME1SM2YxOEYxenc?oc=5,stage1,"non_news_source (social media post, not a news publisher)"
409,0a15a0ee015704384e27f888a38979f0,WATCH: Drone shot shows massive fishkill in Cañacao Bay in Cavite City. (📹: Mayor Denver Chua/Jovert Buenaventura),"Tue, 14 Nov 2023",Cavite,facebook.com,https://news.google.com/rss/articles/CBMi3AFBVV95cUxPc3Z2YjhrLVpIVmY3OGl6YXZBWDFHcUNSSlNFS0k4UmQwclhqOXBKQjNjRkhiTWdPZ0lnUjNyc2pXUUY4TDhlTlk4Z2FHeEJodm1GbnBMVDhteFB2bXRYY1BaVFdPekgyMXRRTXh5RF82Tm0tLWswcjVmRnF4UHdYMEFvZFF6MTI1RHlwQzVhaFRhQ3NLV0JlNkdnaVpiM2lsQWgtNE42azV1R1pOS2pXRWdyUnkwMUJsOTRIQk0zWnR6QjBBcFBsNmhHeUZhdVNJQ1p0TU1aLVpydG9K?oc=5,stage1,"non_news_source (social media post, not a news publisher)"
410,4494309ad00730385041ccabb89fdc35,"Following weeks of incessant rain that have affected the livelihoods of many residents in Cavite City, the local government is set to distribute 10 kilos of rice to each of the city’s more than 28,000 households starting Wednesday, August 19,2026. The distributio","Tue, 18 Aug 2026",Cavite,facebook.com,https://news.google.com/rss/articles/CBMi3gFBVV95cUxOdlE4X1o3TGNnSzNRMk9uR1gwX3BySzFJNVA5VDRNYXlFX1RYY2RyWk5vRWczRUEyMHA3azNMZmk3MmF3emc3V2gwZjNXdmd6SnZKN0VMeU9yODFadnlVOFNxaEZERDNHU3VoeHBnRzUxVXZ5SFhDeGVaRjVObUlIUmFBeUNYekR2MnpuWlB0aDhEcTl1VGhwVDNnOEdISUZfeUxvaHQ5WFdBb1V5UGZzeFgxTHlZb3JIdnFVcnY4cWRLVkVGU0VFUWN5QkN4X21QT3dwWFhYMVhyRDRfR3c?oc=5,stage1,"non_news_source (social media post, not a news publisher)"
425,16f5e240e7a300cab1e17bf6db533de3,"Aerial footage of Medicion 2-F in Imus City, Cavite, taken at 9 a.m. on Thursday, July 24,2025, shows submerged roads and residences due to extreme flooding. Nonstop rains since Monday, aggravated by high tide, caused floodwaters to rise in this part of Im","Thu, 24 Jul 2025",Cavite,facebook.com,https://news.google.com/rss/articles/CBMi1wFBVV95cUxNTzRfWkdCZTVlakFjZ0ttNFE4UW1hRTFjUlJXRV9ad0kzVGREWldxTVhESTVxTWtUVmlvWmJjUUpUQVJvUkNxYlJ5akk2QWJpTEtneHhoNV9wb25VUWltUnRWMnQ4WFFOblN4Qm54NjJUeG51V1MzRUllamxzS0o1amlxT3pKRklDblRMYkc3U01SVjFNN0g2V2tzZFMxdXdXZzYxTXFTb1JSYnlFUjRWSjVNOWJuenRfSDN2YVhWSi1feE9fYm5HU18xUml2V0ZhZzJrXzg2RQ?oc=5,stage1,"non_news_source (social media post, not a news publisher)"
430,1bf40eab41bd24ecfe70968ffa538b50,"Cavite residents brave the flood in Barangay Alapan, Imus City, and Barangay Gahak, Kawit, after heavy rains brought by the southwest monsoon on Saturday, August 8. Photos by Rappler","Sat, 08 Aug 2026",Cavite,facebook.com,https://news.google.com/rss/articles/CBMi2wFBVV95cUxOSy1hdGtONjc1R3FBSm11NlBGU2dJMlprZE9Ma1AyU1hLclZhQ2RwV1A0OEJkc0tkTFkxdW5QRUJleXpMbjJ3bXB0NG9ManlKeE9Ibmt2SDdFSWFPYUNKa0trQjRud3JYZGl5UnJhS2k0TGRCeTUzWG1QdEpoYlVWR3lGVmgwQ3pHVi1lZFRkY1o3TkxRd2hjVVZDX0FXQmRmemh0NU85VDNkU0MwQjNnR0t6T1czRU9iMFUtTzVaRjRMTlg2QmdTWUdJOWN0TXFfSDlwTXdzSm1yVjg?oc=5,stage1,"non_news_source (social media post, not a news publisher)"
431,a3dc9618278867333850dd1ccf2863ad,"Residents of Kawit, Cavite, are forced to walk through flooded roads on Sunday, October 30, to buy essential goods as several barangays remain submerged in floodwaters. #PaengPH rplr.co/PaengPH 📸: Rappler","Sat, 29 Oct 2022",Cavite,facebook.com,https://news.google.com/rss/articles/CBMi2gFBVV95cUxNMmF4WXZUcmxrRkFZUDJhZWZTYVpsM0cwZGJSUkFQajlzd3IwYnVCOUdrSE16YlZfOWNyQXhnT3cxY09yeG9zMEZvZzhiQjUyVW1ES1R2UUdXbU5LdmpnSE5MVXBaNG8xelpQRGh2c1gxQmpHZV9vQ0VjNk5aRm9TWXp1dTRoY3Q4dmJrZG1nbUFaelE4V1gyLWF3YUNwYWJhNWZVMzVCb2RhTkNrbnNaUmk4VTRWWGlzT3ZxVXFOazZyOERLakVDWWd5MlE0dnRNVkxVb3VlNl9zZw?oc=5,stage1,"non_news_source (social media post, not a news publisher)"
438,c5199351b3dc7d9bf1c4505ca7f287b0,"#GOODNEWS | Rice farmers in Naic, Cavite have found that their harvests increased by at least five cavans of palay with the use of Mokusaku technology or wood vinegar For more details: https: //www.dar.gov.ph/articles/news/102419","Tue, 02 Ma",Cavite,facebook.com,https://news.google.com/rss/articles/CBMi0AFBVV95cUxNZy1hdTlra3U5SWc2QmRJUEI5WXlTLTFGTHNmcEJmVnQwa1V0cE5aeEFUZ2RObFM1UW1RUE5mOGhOMzRtSU9hbkpWWEN5c08xT3BQUC1KMjVWajVzNzVQRUFQcDV5OVNCVFQwR3Z5WndGSEN3VGFadXYtMWRNMkdsQUF5dUNYSURJY3Fha0RKUVIwZEdxZW5vaXB6NklOVDJxdFJtQXZtV1V4OEhPZk1mSm8zc25kRk5zRzJ0b0stUlNNSVNhYTdyUHJmZ0dLQkQw?oc=5,stage1,"non_news_source (social media post, not a news publisher)"
445,fdcdad38d9527adb5fc89a5fafb4dbbe,"Fishermen unload freshly caught fish from Manila Bay at the Noveleta Fish Port in Cavite on Tuesday, National Fisherfolk Day. The country’s fisheries production declined in the first quarter due largely to lower output of the marine municipal and commercial fis","Mon, 30 Ma",Cavite,facebook.com,https://news.google.com/rss/articles/CBMi3AFBVV95cUxPNjN2YVdhU0MwNkZYR0J5d3cwMEZyZE1iTHFtckpERjQyZGhWR1ZBYzE0VEw3M1NoeWcxdTNOeGlNUVRkWW1oMjVRV0I1RVpKZkxfbUE3MDVtdTFpaUx5UTJIYXdVZXFfV2lOWTdkdF9USXEtVnE4OEduVGVINkNRY0RkV3RfVXIyWmN3LVFXdTBKRUtVVkJoZ0lVWUl4X3I4V0NsaXZBR2pOYmprWjUyY1poT2tXSmhfT3l4X2haZmQxNDBUR01pOS1qeDEycmJIZWRtMW5GT2k1dVM0?oc=5,stage1,"non_news_source (social media post, not a news publisher)"
446,3e45d185508b9505f7bbcadefd862d07,"Fisherfolk in Noveleta, Cavite lay out freshly caught fish under the sun on Sunday to dry and turn into ""tuyo, "" a local fish delicacy. (Photos by Edd Gumban/The Philippine STAR)","Sun, 15 Ma",Cavite,facebook.com,https://news.google.com/rss/articles/CBMi3AFBVV95cUxOREtLOGZMWDFTS1FIV1RNd1RQU3hlaFBZdGFaZXpjQWJ6c0UtamU0X2Fya3BTWURZNC1fYmVBWllEVlczZTZqalRHUWFDOUs3WmRYc3VJckI5UWgtemxIZGYwaVctdjlLZ1oxeloxanJCeUlnTFN0cDdYcjUxenE5YXdBRnZpMTFVYXZIQ1RPV1dMUUxHZVlWYzRBSF8tUl9JWWJEREJzRmdOWFVrT3lDdkhjOHhEODlJbW5YRHhjbWJZbmx1LTRESlBxbHpQalYxQTIwa1EwNmNVTFRn?oc=5,stage1,"non_news_source (social media post, not a news publisher)"
447,f1c2bca32ba0c36c8a2d83d469ceaf5f,"Fishermen in Noveleta, Cavite repair their fish-drying racks, that were damaged by strong winds and waves during the previous typhoons, on Thursday. (Photos by Ryan Baldemor/The Philippine STAR)","Thu, 13 No",Cavite,facebook.com,https://news.google.com/rss/articles/CBMi3AFBVV95cUxPa3JheDhTNUhmbUVNbHdVVndibjFvYUxJTUFnemRVdjl6M1R4bUpDYTNZUmRFMUNHc0NEVjBSTVV6dWlNc2YwQ1JIcGROeFRtVHU1M3VCeURUUkxBSUVCT3lMY3pkZXp2X2FBQml0RVdORDB5ZW5RcGRzX3UyTEFaMnNoT3JxcFdsOUR1WHpnU0ZKYWxQWngxMklwbjZXcGhINWNDVk5JYWh4MXM5OEJmcGRWWUxMVGx1T3hySm1HSWNiSGkxWHo1UU83N1FobzFIU1pNUGNNTFlpRDFj?oc=5,stage1,"non_news_source (social media post, not a news publisher)"
448,c9d0ec613cfd8f360e3ea4059ab87b30,"Photos show a salt farmer taking advantage of the dry season to produce high-quality salt in Noveleta, Cavite, on Friday. He said he harvests salt only from December to May, when the beds are fully operational. Over the six-month season, he earns about P30,","Thu, 19 Mar 2026",Cavite,facebook.com,https://news.google.com/rss/articles/CBMi3AFBVV95cUxQY1p5dGZOYkdhR2NMOHFRY0FuaTAtN3c3UlZHR2JLR0MxSEl4amZnR1N6emxFTmtsZzBRbF9OMWh2UDhZVnp5U3N5d3VHN254eXpiNkk2MlFMUmZzZnBIQVZ3NEpQS0Q0Wk5yVXBLXzhJVG9PTFpLbVJraEZINWt1c2xMWlpqTEZ6WGZUOFdlTk1mbHR4MmFXUmRtU2RMRWNSMnNaNXY0RDRpSS00eXY1X1RFNUg2ejBaX0lTejliQk9fYUdJZ3ZUUnYwRng2bHVfeDBYTU1zaWpmV3JH?oc=5,stage1,"non_news_source (social media post, not a news publisher)"
450,7083376399377fa0f0a3d3ffbe3d305c,"Fish traders and buyers continue the transaction of fresh seafood at the Noveleta Fishport in Barangay San Rafael IV, Cavite amid the rainy weather on Wednesday.","Wed, 02 Ju",Cavite,facebook.com,https://news.google.com/rss/articles/CBMi3AFBVV95cUxNaW43ZUpYVEJ3dTdUZXYtaktZYVBTSWN2SFAwaHptblJNcXdSY2dSRzlSV0ZqV2RCRk5BdlBSZjJCYWF5ejNMWEpxX3Q1bGpJeHlMbVBldEU1cExxSFBtXzBQcENsZDNlSUZ2aE83dzJmNFM2d09jc1VBX2s0M1NlQWE4SURqVWpabG5yQ2tZdnFxV2s4UUJNUVdwb1l2bV96cm82aGZqSDl3MnFZRjhkblRUYlI3MU9OX1FvWkgteTJfNW9IZy1meTRmdm9lRFc3UlE2N0NRbjZ5bXFv?oc=5,stage1,"non_news_source (social media post, not a news publisher)"
451,1007217b4905253297c1263ba846ceeb,"Tinapa makers in Barangay Ligtong IV, Rosario, Cavite, are hard at work processing smoked fish as demand rebounds following a slowdown caused by the oil spill from the sunken MT Terra Nova. The price of tinapang salinas ranges from P240 to P260 per kil","Mon, 16 Sep 2024",Cavite,facebook.com,https://news.google.com/rss/articles/CBMi3AFBVV95cUxOa01fN1EyX0FkY3Y1SU90MWxqRlBlZW9DSzh1VG43a19oWmxFaF9PTm5rYk5DM2ZtNExkT3NYYTZpbGh2elBGdkhIMnJycjdNNnVkdmVzbEV6WmFUN3ItY3FqbVJlM3RnTm9nMWk4Z2lsVnZvTlBNWGFUYmx2WGp3V3U3a3ZNdi1idWE3WmN0djJjQVlmZS1DMmU1Y2xOTlRuMjNmazMtMElpckx3ZW1XX2xqSG5qX1ZmOUFqZUc5RFFXWFRjakl3S29FWDMydmpmX1A2Wk9DLW1zRkVQ?oc=5,stage1,"non_news_source (social media post, not a news publisher)"
452,f9d1faf58566ee513d14b728d9863dcd,"Workers show the process of preparing the famous tinapang salinas in Rosario, Cavite on Monday. Tinapa is a native Filipino delicacy where the fish is cooked or preserved through the process of smoking. It is often made from galunggong or bangus.","Mon, 25 Jan 2021",Cavite,facebook.com,https://news.google.com/rss/articles/CBMi3gFBVV95cUxQNHhlOEVFakVXT2EwNTk4b3NFMzJYYjV1VGdNem9OUllJN1B3a0l4ZEFMQmloM21udE9sUnFxaVk2OElrLXlwY2RBcml1QS1XZmJYOURwN3FZQlBwdnV2aVVtdGFqTU5BMGoxZWk5UWtzajNUSmloMkdhSlBGWUl6bUMyLUEtVzNKZW5vNDUtUHQtZGhYeGRlV0VnNlV4enI0VlBTT3ZoTXNXTV9oWjZJWkJMRUVCQUtxTnJ2X3JBaDA3aEFuRFRHNk5xN1VyRGVtcUlUWkRydzg3alpPVVE?oc=5,stage1,"non_news_source (social media post, not a news publisher)"
454,fe636ef828aa51685dd8285831cdb67f,"The town of Rosario in Cavite is known for its smoked and dried fish. On Thursday morning, April 17, fisherfolk in Barangay Ligtong IV prepare for the arrival of vendors who will be selling them in various markets. 📸: Dennis Abrina/Rappler How is your commun","Wed, 16 Ap",Cavite,facebook.com,https://news.google.com/rss/articles/CBMi2wFBVV95cUxPVFMzYlFVRERlcVZCcmlleTJjWmVTdUVWSmNEa3JtdTJIRFhuQWw5VkhJdjVsQWRZc0l1dWszV1dLcTU0NmEzbUtJWjBXLWhxQlFWQlRoU1pHVlhKRGo3eVVmNXFVVG5UaDVzd1NWdTBoVFlLU2JtUmJiYlhzSGJnS0swZ3hhc2EwRjJKOE9SR2NXTnVFVEdTeUZtX2hjXzBsZ2dUQnZJd2otbUpobFNVZGJxQUhTc3pGRUR2NjJ4Ukp1LVJBNDItdGxRcVNmenUwUkNqMUh6R1ZjbzQ?oc=5,stage1,"non_news_source (social media post, not a news publisher)"
615,2164701199bea5af78f2160609121fd4,"A school staff inspects the growing oyster mushrooms inside their mushroom grow house at the St. Anthony Integrated School in Biñan City, Laguna on Sunday, as part of their school-based urban farming initiative to promote nutritious food. (Photos by Miguel","Sun, 04 Feb 2024",Laguna,facebook.com,https://news.google.com/rss/articles/CBMi2wFBVV95cUxQZFdzb3lQZTRsd1dmb3pJbHJmLUNwc0pLN1dSVElXRDVhdHhLUlBQS19DX1AwLVpnRVFVWThaRUg4MXFGelJlYVQ5Yy1DY1hXdGFVWGdkT2psUXZNVnhHbEd5V0xIUmxhdV9qV2VfYU91cnBOcldsRTdjd3NZbUlsNTk0UkM3MTVhWWctdldHWk5aWWh5RURUZUlPbjRaVy02OVVzdWlDRzlIbGdyaTRzV3hHWDg3dTNoT3pvUWRsYVNVSUxlb0UySTktZ0NUQ3FPdDdSTldkNUZoMG8?oc=5,stage1,"non_news_source (social media post, not a news publisher)"
631,042165725902403dd90d7732c861745c,"LOOK: Farmers in Brgy. San Antonio, Kalayaan, Laguna were forced to dispose tons of harvested tomatoes due to oversupply in the market.","Mon, 08 Oct 2018",Laguna,facebook.com,https://news.google.com/rss/articles/CBMi3AFBVV95cUxNYXVUTmVzaHhPLU44OV9qSjVlRzRsYXJTTlViNXQ3cDI5MmlMaUlqcUdZNk1JdjY3aWJDUzZhZmFBYUNqV1B4ODJkNklSY0tFQm4wUWdkclYwSEF0VXdmRkFFQzBnZ05tU2V6N1BxSGxuWEZzV21xTTh2TEExa0x1QzhyTEhhNTBlOWg4M2xxQUJ0b3BzelU3U0dUQVc1UzdEek5WX3JJWU9Pc0RHS2tzZmZwQm9pU190RElfOExKa2Z1bUZaNEtIV25ZTDJYN2N5SEZVaEptX01TWjJP?oc=5,stage1,"non_news_source (social media post, not a news publisher)"
657,fb7fffa69a6282370741c6ad52e1666e,"LOOK: Jeepney drivers plying the Sta. Cruz-Lucban route and tricycle drivers in Luisiana, Laguna take their pick from produce and basic food items provided at a community pantry organized by a youth group last weekend. According to the group Integradong","Sun, 12 Ap",Laguna,facebook.com,https://news.google.com/rss/articles/CBMi1wFBVV95cUxQWkloUTF0OUY2S3U3bmU3Qmd1SFRSLUZLbXRBcFlDdFc2WVp5bmFrZi1TZjZFRWUxZzZ0by1CQThub20xeE9ndXNXRVBaSkZlQXB6OWdqZEdmc1pGXzNWT2JvNFlUZWNsSW1WQlBSYXp1cFJuTmdSSGQ5alZzbW42Ymg3U2lXT3Qyb09IQm1KOU1fMHRmMHF6MDBDSTFBZEFCR0tfd3dITHRMMWFIeHdycDMwSG5GR1p5OTJOTmZTYU44RjVCcVdsam55NUpLS1hPd3B2UzNGSQ?oc=5,stage1,"non_news_source (social media post, not a news publisher)"
658,cac0cae2777d7e882eab91b540d34664,"BIBINGKA AT BUKO JUICE KAYO R'YAN! 😋 A seller cooks special buko bibingka along the highway of Luisiana, Laguna on Monday. An order of the rice cake comes with unlimited buko juice which is perfect for the hot weather. Thirty-six areas in the Philippin","Sun, 12 Ma",Laguna,facebook.com,https://news.google.com/rss/articles/CBMi3AFBVV95cUxQLUlKQVA3bVJvM2pSdzd1dnFYdmNmQ3Z2T3NmSWdsVjZGQmJiM1hQY2NHLURtcXowZFlyd1ZGYnJxQlBLSTVYS2FBVGtOdGlpUEZTT3M3anBidGJOeVdVSHV0Mk5qcUhyRDA5eTZEMDdwZWV3bnZlbm5jSUFaRF8yN2s2SEZXYXRVdmhDQVZpYmgzLUlxRkx3NGlDNnExUEZfdWFxZVhHcW1PeEZfQmJmWGZCd0JTZFRneFpBMkkycXh4bWl4ZGdtaXdRWTVMdVRNay0wQ2VnZmpoNGJY?oc=5,stage1,"non_news_source (social media post, not a news publisher)"
662,b8e47e2348f8ff782f2a7ea384b2520f,"Philippine Star.. Motorists passing along Famy Road in Mabitac, Laguna experience low visibility due to heavy rainfall brought by Super Typhoon #KardingPH. President Ferdinand Marcos Jr. approved NDRRMC recommendation to suspend work and classe","Sun, 25 Sep 2022",Laguna,facebook.com,https://news.google.com/rss/articles/CBMi3AFBVV95cUxPTTZzVzN2eVJEb1VKVW5kWnJGY3NCd29KMzZla2pBS0RMRmluWnZUbkhzcTZEdWNUVFZZb1hJTEZBYlFWa0tJcmVpOHFrZ1Q3aV9uY1ZOOTc3dGpKS0doaF80R0tNZnVkTTZYRHZpQ0RWYUpRTUFyc1lFNnNMQk4zVjQwZXNMREV6enA0RXkwNS1pZmJmR0JtTV9WMlVWUE5QaXpBY0I5Tm15R2ZQcy1EbjNJS2NUaTdpalY4dGJVTUh6bE9WZEN2RUc4LWdWN3RBaTB1QzNUMHJ0OG9Q?oc=5,stage1,"non_news_source (social media post, not a news publisher)"
677,3260561f63c9864a0d0c239f1e351a33,"Philippine Star.. A market vendor is seen selling different fish products in San Pedro, Laguna on Saturday. The Bureau of Fisheries and Aquatic Resources (BFAR) has declared a moratorium on confiscating imported frozen fish such as pink salmon and pomp","Fri, 02 Dec 2022",Laguna,facebook.com,https://news.google.com/rss/articles/CBMi3AFBVV95cUxPcVVmb2ZCVGRJWkdMVGJVamJwdkxXNUNiVUc0SzR6aGtKaHM1dTNadXZDbXBGZkh3X2N0ekNqWU1BZDdoZV9TRFpaS0Qwd2ZRQXlaT1kzSkEzbjNLajNRWjUwQVVON0hoWlp2RDVHUmNsYVNzeURBcHZ1V3p5X1hoQnFuUkRsaW5JVXRnSTMwRWN6OEJxcGFLejVHQ29PNnk3WVRFQ3NDd1hZVHNKTFFLd2hfZldNUGdlNnZXai0xVXhjT2ZQNFRTbWt5OGZYT0liMEM1c2tCajZlUDVN?oc=5,stage1,"non_news_source (social media post, not a news publisher)"
678,039ebc175cfc8d205fd236dcc3efb5a6,"Residents of Barangay Pacita 1, San Pedro, Laguna endure gutter-deep floodwaters on Wednesday due to the relentless rains brought by the southwest monsoon. (Photos by Russell Palma/The Philippine STAR)","Wed, 23 Jul 2025",Laguna,facebook.com,https://news.google.com/rss/articles/CBMi3AFBVV95cUxOTWVDQ1B0TXRPQ2VwaUtyLXB4N0s0Mm9vZk9YWkxiYjhUMXlNV1BVSmJfSW1FdllGbzZfUEk4ZVB6QkNaZmtEcUY0V1g4Zk14aW9tZFZPdm1YMjRRYXhNZzItUUhQc2phbTB1clZBcExjVWZoMXV4OFBfT2NnbEtOM3F2MmltQjJSSC0zZnBsVDNnMnVHUjYwc2g5bGFpcF9xMWJSWWl6aFN6S2JxWmJvNW9fZEQ5TmNGWkg0MFNsOXN3cjJ3cGFFTkFCQzdRa09qVGVZSXNGa2FPODFl?oc=5,stage1,"non_news_source (social media post, not a news publisher)"
766,62118d78e0f90bf4c49e5f1e9dab92e6,"Fish vendors were spotted selling milkfish at the Binangonan port area on Saturday, benefiting from the abundant supply from Laguna de Bay, which has swelled due to Typhoon #KristinePH. (Photo by Michael Varcas/The Philippine STAR)","Sat, 26 Oc",Laguna,facebook.com,https://news.google.com/rss/articles/CBMi2wFBVV95cUxQS3lVSERjaE5TMm9vbTFBZWt2b3hJdlg3cS1kZXBiSVJ2UXZnUFRTZ1BCOU1HMUFYT2RydWNCczJEUUc2dG0zWGpaUk8zTEg1UTJ1b0hYZ3NPWFZxVFYyMmxfOHEwaXh2ZmFmY21TcDZ3TjZYMW1WOVRqa2VRQ2dUczJ2dVJpbGZyc196SEJhcjdvNkZhQTJIOVd2ekh0SC1XemdJQ2w3OUtnbEpweUJNODNmTEdpeU14dFRPS213eVRRb1FzWkxmRFdsamFUeTFWX1Q2UzRXcnZfejA?oc=5,stage1,"non_news_source (social media post, not a news publisher)"
835,4416dae4b1872217a9aae9c54f01642d,"Philippine Star.. Residents of Barangay Sisirin, Pitogo in Quezon experienced heavy rains and strong winds on Friday. At 10AM today, May 15,2020 the eye of Typhoon #AmboPH was located in the vicinity of Catanauan, Quezon with maximum sustained win","Thu, 14 May 2020",Quezon,facebook.com,https://news.google.com/rss/articles/CBMinAFBVV95cUxNRUh1QUs1VlFMbTZaVjFRM1NmX1NqT1o5S1F0Wk9TeUJSRjRiVmFKdmdmS053RkNvN0xXdjFqajdlZEhRMWFrT2ltaE4tSTBMXzFHODB1bTMwZWVFeTJjTFFvaFNRQWtDV2FNYktqZFFWNU1YMFV0U1NXaWpRTzJDbk1ldEpCNGp5YkVEc2VpSFJtdzJjTWFNMUJUMGs?oc=5,stage1,"non_news_source (social media post, not a news publisher)"
857,1ddf7fa3d337c7b8bead45e3b4745a9e,"Philippine Star.. Barangay Burgos, Lopez, in the province of Quezon submerged in a knee-deep flood due to the rains brought by tropical storm #PepitoPH on Tuesday. According to Joh Paul Olanda, the rains started pouring at around 3:00 AM. Some three ho","Tue, 20 Oct 2020",Quezon,facebook.com,https://news.google.com/rss/articles/CBMi0gFBVV95cUxPNUV1UmJsbWI0UHR1Ynd1cU1hc1VJZTAxRk8xdXN5TzhNWEJGMWFTa2lpVWotRzE1UFFnRG1FTkJCSXJ1UkxWWkd6QjFwMzd2a0F5VnFoUEVkM0oxUnFXY3g4WUpRaDhwWmR1cW9KTXJpR0h6UnRCdE9fUkxtSXc0ZEc1TXdIWWZmbldabkd5X1B0cy00enNCM1h1bkJjRlF5QWRHTENDVmJNVkVXM1ZNak5ZYnJFUUZwQUlGa2NsZzR0MVlQZW0wY1JoSWtiUFdMaFE?oc=5,stage1,"non_news_source (social media post, not a news publisher)"
893,940ad508122f0be3b27a636353817383,"More than 500 hectares of farmland were damaged by typhoon #PaengPH in Lucena City, Quezon Province, according to the initial report of the City Agriculturist Office on Monday. | via Michelle Sta. Rosa (Photos courtesy of Ronald Lim/PIO Lucena)","Sun, 30 Oct 2022",Quezon,facebook.com,https://news.google.com/rss/articles/CBMi3AFBVV95cUxOM2pSMHpWZnI3YTFqWmtiNVBmR1lDUkI4M2MwZVNuYnpxaFJzR0hhRU9XMk5kRk5rbWpzd25QcEpNMDV5QzVuOWJUdnhxWEdia0hvZ053U3JQLTAtWFlKVktuR004U1ZEU0VDYTlBMHJQSVBnajFoNWYxeEhRQXR4TmlMOGZETlEwZXdFTW51RlhSVl9iTGgwSXBIRDZXUjJ2YzFCUE9zSHFZTWZYa1ZVbE1uUllsNXpmRS1qUUQzR1pWQ1gwRWRiU3hhbngzQmszdjRVSjJxY2JJMlBy?oc=5,stage1,"non_news_source (social media post, not a news publisher)"
900,e675f740f7eb95bfb78916c89c67cb78,"LOOK: Fishermen from Sitio Malasur, Barangay San Lorenzo, Mauban, Quezon recover parts of their damaged boats after big waves brought by typhoon #AghonPH left a path of destruction in the community on May 27. | via Jonathan Cellona, ABS-CBN News","Mon, 27 Ma",Quezon,facebook.com,https://news.google.com/rss/articles/CBMi1gFBVV95cUxOSFJvZG5VZGVnUHZrM2JMMWdXX2pPcWZPVXZwR25kSVJrUEdmLXJ6Y0R2dU5tVWdSajRSRU1QS0thaXhZc044SWk4ZmdoLXl5S1UyVExZRUljVURBM09IaThIckxvUC1sazVGQ0Fqd2I1RmFzU3lPWkRMR19VZjlzY0JoMUwxZTZyUFhna19Vd241Mkl2ZzEybW83Q2VTdGJDaHJ6aFExOFdEMnk3WENqYkstcFBqY1ljOFhpYndISllnbkREaFllTU9LRmR1dHQ0TjVfeTRn?oc=5,stage1,"non_news_source (social media post, not a news publisher)"
902,bc50b95b7fc00b1b19203f422d7729d6,"ABS-CBN News.. Residents clean up on Monday, a day after heavy rains brought by tropical storm #AghonPH caused more than 10 feet of flooding in Sitio Abandon, Barangay Lual, Mauban, Quezon. | via Jonathan Cellona, ABS-CBN News","Sun, 26 Ma",Quezon,facebook.com,https://news.google.com/rss/articles/CBMi2AFBVV95cUxPclAybFRlMV84cHZWSDRLYUZjVW1KcEs1TGVNU3ZxaHFLd0xXT0VjRUNudHNPVjFEZVZSTE8yS3JUdGwwRUxDTFF2Tm9mNWlFQmNacXJUbmNkZzdTWFFlS2hhMVdTRFgyd1YzZkpSZkQ5VnhqQVdScU90QmwzdGg5NGlaa25Ccm1FN184OHhTNTRITVdTQ29nZ1hJYm1hM21vbUEzVHhHSG15UkctSExSTHozOFFIOVJLYUkydFFqLXZxN0NtcUVxNm1LUkZ3aDVNLXkySTdPU2I?oc=5,stage1,"non_news_source (social media post, not a news publisher)"
908,6b03d33c3642797d892669fc4cc03a3c,"Residents from 13 barangays in Panukulan, Quezon participated in the annual Agri-Fisheries Fair 2023 held at Barangay San Juan on Wednesday. The event is a part of the town's celebration of its 64th founding anniversary where the different barangays sho","Wed, 21 Jun 2023",Quezon,facebook.com,https://news.google.com/rss/articles/CBMi2wFBVV95cUxNeGxJTUVkbTdMVjBNbEhMRE1JUHFmS1pIeEVjLW1TeGo2cnFMVzJDdDRUeWdWamJyQTA1VHV6aEl2VjBLYUdhYk42Q25XZ2JzR2pZUHJsR0R3azhwWjRHMFVTb0xFaXZJSWxJLTNrUEVPdnJSZHE3SzE2ekxKY2hnM2xsd0dtZlhfdzNBVG1oSjlPUHZWTjhycjl1Yk45UnNHUGJDTTVCQW1WU3RpcXNtSjI1bXpvOHlQQUZXR3kza00xZ2VzdV9tZzZpV3Z0enQwbTF1dnhmdVhjeWs?oc=5,stage1,"non_news_source (social media post, not a news publisher)"
915,0177f51f2fad66642142de8fdf561d7d,"Amid heavy rain, farmers and residents of Barangay Mangalang Kiling in Sariaya, Quezon hold a “Tigil Saka” rally on Sunday to protest alleged abuses threatening their lands and livelihoods. The demonstrators condemned what they described as corruption i","Sun, 19 Oct 2025",Quezon,facebook.com,https://news.google.com/rss/articles/CBMi3AFBVV95cUxPSHBlVDNzZVdOdDUyN1plTWN0RUZaSk5ZTy13bEV5VkMxQVh3eDFNWFlsVE9wekZkd25Yb0hIQW0yU25qVE5sam1TejQxTm9aNC1MR0RVeUR6d3hZS1U4dGFuOGViSDh6ZmhJZUQ3UFlGQnE3RThiTTBONEpMTXktMnR4dG1LUDVyZzZSd2oxVDRMYXRwXzhjSnNhdGVFSjdqVVpDbVhuZDdqZFJLdEJLci1nSHpxdUxrVVNLTHBpa2IyWDA5RmVKaG1PeGFrMGFSYndSSnJoanhJT0ox?oc=5,stage1,"non_news_source (social media post, not a news publisher)"
1053,ad17b593ed34454e8d161512b324b686,"LOOK: Residents of Barangay Libis in Binangonan, Rizal are still submerged in flood on Wednesday, November 18, several days after the onslaught of Typhoon Ulysses. Photos by Inoue Jaena/Rappler #UlyssesPH UPDATES: rplr.co/UlyssesPH","Wed, 18 Nov 2020",Rizal,facebook.com,https://news.google.com/rss/articles/CBMi2wFBVV95cUxNTzBQR1BuYnA4ZExCMTdzemxEMFVINE5QVEc0endyNzV2OWxEVl94Z0NoMV9PTHFFbUx0QlJMTmNiRnZMUlpqek85Z2NaV0xuajZrM19OT3JnWFVwYlFBQ0tlOXI1Ull1dHRTblBsOUZNRThuWU5aMVRlU1VfM3c2QTJlckdFUHY5aDh1NVZ2MjF1TjltMER5a3EyZTducXJYd0NMRXg3RHREVk1tZ3EwU2FMcFNTYTNCN2FTakJBNWNwMDRNOWJYMUNHbUlGc3EyOHVQdVliRXVPSk0?oc=5,stage1,"non_news_source (social media post, not a news publisher)"
1059,161e269c04a78c029a9ee657b561b842,"Hundreds of families staying at evacuation centers in flood-hit Cainta, Rizal. #ANCHeadlines","Sun, 09 Aug 2026",Rizal,facebook.com,https://news.google.com/rss/articles/CBMi1wFBVV95cUxQV3U5dEhkRVdDbzgtMmZ3bnNlUHJXWk1xQUc3ODhKbnF0aGpkYjc1RlB1RzdhNm5mUlozUFlQZHp5WnJfWHlONjJmS0NGS0JZbHdCSU1LbTNfZnl0Wm5fNlFKZ182Q29FQXhQWTdoR2VVdk9VRi12bllqdS1LdF9JMmFSTG9TV2dxVnpUWHRMbkwxMDU3YU9RMVBQcHk5d29Ic05UY2ZWV3kwVUNFNzF5U1ZFSDUwMG8yYjhTMUhlNUE5VkwwYVF5LVp5aTQ4SVVZUk9LQ2ZpNA?oc=5,stage1,"non_news_source (social media post, not a news publisher)"
1064,45730a827f75ef50412b1a9a99aeba38,"Patrick Quintos of ABS-CBNnews.com took this photo of flooded streets in Midtown Village, Cainta, Rizal an hour ago. He reports that the water level is still rising due to continuous rain, and there are fish swimming in the flood water.","Tue, 20 Aug 2013",Rizal,facebook.com,https://news.google.com/rss/articles/CBMi2gFBVV95cUxPYzBZeUR5VVd0Rng3MnFrNzNPM1c5ek5CVGZldVlSZXBtZVlFZmM1Mks4NzhLX2toN1R3bFRaM1NlVVZmeUQ0V1piSWFwSmpwOWN4SVNEWUI4T3N6WmRrNzM2Q2NxYlZLSFhVcVlhYzZibzdIeExNMU1uN09Jb3FBUUJtTF95dndZeWpITHJvREVqU0pzb2d3ZFg2WjV2VkZpbDRLeTBBY3RqcEkxR1hMMlZIYXZDcWJkbFVndUU5M1pPNlVkNW9UeFd4RERMaW03R2U1U1gxWGxEZw?oc=5,stage1,"non_news_source (social media post, not a news publisher)"
1065,231cebe419d9c8ce05a7393c0ab9bda9,"WATCH: Residents of Karangalan Village in Cainta, Rizal continue to experience knee to waist-deep flooding. Relief goods haven’t been able to reach these areas these past few days, forcing some to wade through the floodwaters to buy food. #FloodPatrol | v","Tue, 22 Ju",Rizal,facebook.com,https://news.google.com/rss/articles/CBMi1wFBVV95cUxPd2hDVkxleE9pS2owZVhxdGRSc0VFSzEwVHRReHRLY3JSWGN4UUpqV2kzWjZNbU5HSjVhTDZicEVJa2Z6LVo2TXAzMVdNME5nTU9hbWM3NEhxTXZVd2JlYy1RQnY4dU9aN2NCQWdKTE9nUld4NjNWVjk5OTFVQnVwTEhlWWREeEdyRFp4dmltQ0xJUW5vQ05aVW5GZGE5S2liNlF0NDJxYWxWNmxvYm9sa25tRUhJVlhCcXkzLXFsRkZ1NmZkYWJYQmhYUHR5TUw0TFB4dlFFVQ?oc=5,stage1,"non_news_source (social media post, not a news publisher)"
1066,06222a7c30fcce74d310463faf7a28cb,"ABS-CBN News.. JUST IN: Cainta, Rizal Mayor Kit Nieto and the Sangguniang Bayan have declared a state of calamity due to continued flooding in several areas. | via Andrea Taguines, ABS-CBN News #FloodPatrol","Tue, 22 Jul 2025",Rizal,facebook.com,https://news.google.com/rss/articles/CBMi2AFBVV95cUxNSTVrWENMYlgxWnhMVEplaXYxNlRxSXBDQld6bDFkT2U4N2lEaTZfX0ZXVS1HVnRmQ1lvRE1idklrTlk4OWxhQ0ZBbjlsRlQydE1aODM4dm1RYWlDZHM0ZzNiUFNDOHl3UUU0V1RSSFZBVVBINGtOaW0yNnNYNjVFVGN5dmNqMEZZOGg2S1A1NkV2RWJkelBlTGs2M005MU13cUhCMkc5LUUzckdwSm1lQzhseFNNLTRZSlBGNXh0Tkg4X0VXV0tqNjd1RjdEX21PRXZmeW0wLXY?oc=5,stage1,"non_news_source (social media post, not a news publisher)"
1072,27fc156e6aec3843c13bfae0f8625255,"Scenes at the Cardona Fish Port in Rizal show fish vendors and fishing boats lying idle, as the once-bustling hub of trade has turned into a virtual ghost town following months of dwindling catch that forced several investors to halt operations. Thousands of fish","Sat, 11 Ap",Rizal,facebook.com,https://news.google.com/rss/articles/CBMi3AFBVV95cUxNdXFnRElIRzZXVndULVp2UVU4UDBNOEZQRDNUcEFxRURFNkdNcHpINUg0NkpIc1UtVV9uenZSSE4tdlNXZ1F0MzJaMUlNZXNLX01yNm1UUW9IWEZwVjl2NFlRY0xZLU5qVHhrOFRUT213Wk9RUFhjTDBEbF9OWG9oaUdrTDdDTGpYTGg5Rkk2NWpaNGRHZjhOUjE0MTFnWXlETlJKczJnYXBsRktWWXJvazZERDJzRzdUTHR1TkU1Q1FaWi1NQmdRSk5YWFA0WUszTW9abzdkT2FsUXRT?oc=5,stage1,"non_news_source (social media post, not a news publisher)"
1074,ec4172451765cdf96172cadf1d976569,"People wade through floodwaters along the Manila East Road in Morong, Rizal, on September 2,2024, as #EntengPH and the enhanced habagat bring heavy rains. | via Jonathan Cellona, ABS-CBN News","Sun, 01 Sep 2024",Rizal,facebook.com,https://news.google.com/rss/articles/CBMi1gFBVV95cUxQc1EtY1R4N0QwQnd3NW5MSGhCREFoX3ZDRnQ4M3ZuVXNSREtGU05EcXBIcjNvc08tWGR1R3FCblZjc2xqemdZVk5mTEJwZ2c0RWs0YVM2ZDhSdGxHSGdyajRxNXdNVVdyRTdpQlhVYm5HdVIyY3BaLVZmLWlOYnhzNE5MTkpfbi1Tdko5T1p1UHZkRFdMdEtIQU1uemcyZnB5MmdNR0tFLUNERlU5QWhrN29SaGtRdmozeXdWMGN5Z0xmZTBMSURYaVNmclQ1dDg5d2VHVUp3?oc=5,stage1,"non_news_source (social media post, not a news publisher)"
1086,71b90347f3406595909536acebc07b0d,"Minimal water flows from Wawa Dam in Rodriguez, Rizal on Tuesday. According to the Department of Agriculture, damage to the agriculture sector due to El Niño has reached P3.94 billion, covering 66,065 hectares and affecting 73,713 farmers and fisherfolk.","Tue, 23 Ap",Rizal,facebook.com,https://news.google.com/rss/articles/CBMi2wFBVV95cUxQeC1McGNVWUhsd0E1LWFpaW8tdjFtQUp1Y2tWWFN4Ml8yeXJCM2NlY3k5WG9mU0ZCM3hCbkV2X0E4ZFlfWUVaR2tQVEVES2JLUUxRR2FXZzkzLURwSERGSTRIY3VPOFotMVhuUFVLTTlZWENETHFUdWFyV0VPQmx1SXBPWmFIdHNjUE1ZV3RESTBLRE9Dd1JDY1dFbUxnY1hnaUtFNVYxLTFMekJCMUdTaFBwR3NlYl9xbmJ6RUZLWjc2bzAwOXRtUUd6NlJnbGxSX0w4emYzdGRDcDQ?oc=5,stage1,"non_news_source (social media post, not a news publisher)"
1087,845b2b100df88e6b8490ff358943f344,"#RescuePH: As flood waters continue to rise due to Typhoon Ulysses, 22 individuals and 1 dog are stranded in a house at Golf St., Estrella Heights subdivision Burgos, Rodriguez, Rizal. 7 of them are senior citizenas and 6 are less than 18 yrs. old. Contact det","Wed, 11 No",Rizal,facebook.com,https://news.google.com/rss/articles/CBMi2wFBVV95cUxQdm15OEZaUlJXYkdRaE9YZEs0bGdHbEhoRUlpQmJnLVpzd3FXc0t3aEZfSjQxSm9ybDlUXzdqZC1BaDczT2JNQzVWRzhrSkZTbThZeTVJTVAwM095dHBQbDBreGd6NXFPUXNjcUdISF83RTgxSVllNU02Z3FGcmRnbGVnVkp0VG9QckswYnFvQnI4VXRjTFR2WHM3MGtndVdHaHZjRjRfaUR1d1lzVVlpZDliQjc1bGNJbXREVlJUbTF4UzdRMG41NVNCaE5hdXI3NVZ2bmRXbXJmUUU?oc=5,stage1,"non_news_source (social media post, not a news publisher)"
1088,6cbaa83e25efc5e502287df5bf323c53,"LOOK: Rescue operation in Kasiglahan Village in Rodriguez, Rizal concentrated in Phase 1K-2 amid the onslaught of Typhoon #UlyssesPH. Adrian Ayalin, ABS-CBN News","Wed, 11 Nov 2020",Rizal,facebook.com,https://news.google.com/rss/articles/CBMi2AFBVV95cUxOQmZWRWZMb0g2UHR4ZUV0U012VkgybGdKaTI2eEkxNEpLVUZUcVRUVDl4c0xlWTVvUFpiLUhXSVNHc2pESi1LVWxPcG41V0pHVUFWcU0wZVg2VXptZVZWbVYtV3RkRV9yaFFsLXZyeGs5bXI0RHZpUmk4MHlFVW5ZbzZpNXF0YXdoNnltVmN2QkVqdXBHSFJrUkpWdnJzeEhRNmVYeXJpSzZUdVp3QllOWHo3TmVFTU5jbmlTYk5XaVlyY2h2TE9FX1ZZN3BXYTl5TVhQMTk5Xy0?oc=5,stage1,"non_news_source (social media post, not a news publisher)"
1093,41f477d8c7e118a58607c5420dd3e75e,"Heavily affected residents of San Mateo, Rizal by Typhoon #UlyssesPH temporarily take shelter at a basketball court that was turned into an evacuation center at Barangay Banaba.","Mon, 16 No",Rizal,facebook.com,https://news.google.com/rss/articles/CBMi3AFBVV95cUxPLXpnWlh5LTByMnpMeEtTZTVWU2M0YWx0MmR5b25ZYU13cGQxZVpOTUFlbWVlMWF4T3RvZU1lQklZeGtWVlBmSkxPRHlDdzh4d1p4a0JDS0RjY21lTzVJbzhSbDE5TjJoVzFucWxKdFczWTJrdURwVTZTb2lsNHlYVDBuWGlGSlFCLWZ3MHdvVlRfWk5ZT3NjOUM1OWRfLS00SXhfTGNEMkdIbldnWjBmY1NDSFJmTUxMcEpfODkzcTFhazYwcjI4T2lzVDFNREVJaFJFcWFFWFJKTVhr?oc=5,stage1,"non_news_source (social media post, not a news publisher)"
1095,73a9b92f91e21f73cde72cd418493691,"Residents of Barangay Sta. Ana in San Mateo, Rizal take shelter inside the Sta. Ana Barangay Covered Court on Monday after their homes were submerged by floodwaters from the swollen river. Some residents are seen returning to their homes to assess the","Sun, 09 Au",Rizal,facebook.com,https://news.google.com/rss/articles/CBMi3AFBVV95cUxOamtnUE1obF80LWdKa1ZrZ21FeUx4U25yanhlQWJNcUN3Vll6LUhBZ1k1ZUR2N2JKX05uQ2F6SGFOWGRWOTdDaWhLamZaTzh5aWMwSEVxVEpNd0U1Y2RnX3VhbTZkWE53TFRqUEtPRjNGakt4OTIyb1hMUENIYjQ5cmRXR21mc0FGbHl5Nmd5ZEFiVFpEM3VKNjdMMmlXbVZGTGpWU2FnN3VVbmNXOXAwZlhEWWRUVWZoLXZTdlRGNE1Ca0VncnRkV0tqUEppeDdzdDh6YXdSaUJBZTF6?oc=5,stage1,"non_news_source (social media post, not a news publisher)"
1097,b5e93c157d95ebda8e0563c9aac680ec,"Residents of Barangay Banaba, San Mateo, Rizal on Thursday try to salvage their belongings, while some dispose their possessions damaged by the flood brought by Typhoon #UlyssesPH. Photos show that about a week after the typhoon hit Luzon, the street","Thu, 19 No",Rizal,facebook.com,https://news.google.com/rss/articles/CBMi3AFBVV95cUxNQ2tYZmZDbFFMUEpvbXRRRTFkWnBWT2hLS0ZObF80VERQOEgyVl9xWXVYQ0RIamJMcVQ4SFJacnhnVnBCY012d3NpZmNuQUJXRXp6OUJ1VU5BY1BQR2U2STExQkpCRFdEMnZOVVVvaGwtV1JBVVhVVlhiQkVwZVlWSDdubnhtNHBCazh4c1BEdTIxUkZjdGZpMFBQN0hsRWVjNzNOUVdMU0tUU05tRUNUc0JReHZwSm1rUzhNeXRBS2hpQzc0TFhrVWhBRlN0Zk1VNkdUbXV6R0FyRHZ0?oc=5,stage1,"non_news_source (social media post, not a news publisher)"
1099,0c8b2dc31624481b8e7c78e4d43f7f4e,"San Mateo, Rizal is under a state of calamity due to the widespread effects of #Crising and the habagat rains. (📷: San Mateo Rizal Public Information Office/FB) | via Andrea Taguines, ABS-CBN News","Wed, 23 Jul 2025",Rizal,facebook.com,https://news.google.com/rss/articles/CBMi1wFBVV95cUxONGpoSVZja2dJbnBjaXFUUUh6UGloQ1lnQU5wVWRTNUx1QjBsNi1DNWx5TkljVWRsTkxuTDVFaWpvN3gycHphcTlNbS1IRUNkZEZYQnB2WmY2RGk2Tm52c1pvOHJrTzdwNTNEOGU3NFVPR1JLa2pjaG8wV1NBMHp5dVZQc3VFdkx4aW82azFRZ0tPay1WNUdaYURXaGhCRmhDbGd5cGF3SGxKMWxzWEh3ZTFQd3g1VDc5cDN4ZVZ4VW1vbDViMjl3dlNXMlFHNzBJRFVLcVo3UQ?oc=5,stage1,"non_news_source (social media post, not a news publisher)"
1108,f1ab8465cf17fb0d8cef32b262742a85,"Actress Belle Mariano visited an evacuation center in Taytay, Rizal to donate and distribute relief goods to families displaced by recent flooding. Link to full story in the comments section.","Thu, 24 Jul 2025",Rizal,facebook.com,https://news.google.com/rss/articles/CBMi2AFBVV95cUxOUC1GNVVaelFENTZKMXRXc3BSWnZObl9mYmh6WU9RWkE0Zkk5SnprWDBzNUVweGVxdkdZYkIzb2ZDeVBOWTRnSGtha0Q1RWF6WjVuZC1yTTBaSF9pWW43emw5aTVjUnRNRUlhQ25ySDhHdU8yR2huUDlhVkpmUGU1SDZDMjdQMEdSRDBUOHYzTkpZMlZxR2FBVnRDNERpaVBHLW9lQ3paRU5SN3h6U1VaQTNsUHlLaXB0YTJoVVdQdWxURjVFcERDR2pRMUMyWHN3cE9MTFhqMk4?oc=5,stage1,"non_news_source (social media post, not a news publisher)"
1227,c054a76a333b4cbb28f522802ea22ff4,"BAD NEWS, CONSUMERS! 📣 The retail price of pork reached as high as P430 per kilo due to the impact of African swine fever (ASF) and increase in demand during the holidays, the Department of Agriculture (DA) said on Thursday. https: //tinyurl.com/3j45sbs","Thu, 02 Jan 2025",,facebook.com,https://news.google.com/rss/articles/CBMi3AFBVV95cUxOWWVWU2tKWkFsblhaeXVyOFFDLWE5cUt5QWdWZmhOcGVLdFl3VnpBTXRPOS11NzBNTEtfVElxR3VvOVBpbTBRcU8tTjY3dk05WXRhNXFrYXQ5SXZCcVFXVXlYZlRGVnlJQjF5UFhTSXVZd3BXUXdfZ3NlWmkwbHRKbEpzejU0d2NMTWtyTGZSTHZ0QTc2Nno5NjFjejBQcm02TGVZSEtNeFJ3YXVfQkcxQU91c0VzUXRLd3V0ejY4LVU4ZFRERndjYnpBeDVCSFNzX1I1RFhtQ1Z1SGMy?oc=5,stage1,"non_news_source (social media post, not a news publisher)"
1231,a73e077765e1c0b088acb2a035ba9c20,"A vendor shows the price of chicken meat at the Marikina Public Market on Friday. According to the vendor, the price of chicken went down from P180 to P130. (Photos by Jesse Bustos/ The Philippine STAR)","Thu, 11 Aug 2022",,facebook.com,https://news.google.com/rss/articles/CBMi3AFBVV95cUxNQnBNWDM4YlZqZFh5NjNzeDBOQUVXRnpGNTFCN2pxSVI5RF92X1JhYnA5c2FNZUdQS3VXaGwtb3g2d0d1MjlILUI0VzIzU25tQ1dYYXltNlNfQnJsUVVBVmhuUUk5cmZLamxNRmc3dlBMLTIwejNJS2FWaUF3d2ptaU5aMWlBQnFpcDk5b3RVQzdQSEw2cHlGdGxwVUxwN2puS3lmVE5ZcWt0eVZlVjVaVlBPSl9pdnVEVGViM1dpdkZ3SENlQ0cwckZjbXo4R2wxZlprLXpxakxtWmx1?oc=5,stage1,"non_news_source (social media post, not a news publisher)"
13,bce41b69c9556124229dcdd12626fc1a,143 families evacuated in Batangas City due to ‘habagat’ rains,"Sun, 09 Au",Batangas,Philippine Daily Inquirer,https://news.google.com/rss/articles/CBMinwFBVV95cUxOZ3J5ejR0ZGFfanhhdnloY3RTdnJHWWo2SjlWc1lObENqTUFCR0lsS3BQazh5T1gxV1I4ckpfV3FfNm42N3p0SExpTm9sek1sU2pKZjFoN0JrMGg3a1J1ZE5yT2xadksxMzhSZzNlTVh4T3ZWbEVBUG1ON0tHdE9PTUNnLWFOaXhlM3ZFYXhlbnpJZENnWks2Q3hiVWk1cXPSAaQBQVVfeXFMTnlBcU9mbU5rQVJOQ3pGeTFqV0lRcEs4Zk80R1VTSUloSTVPZG1GXy1JSm1rcFRfMGd4cEVxVnlzSXdZb0JYZlBBSlZfdG1Gd2hheGQxZDJHei0xMUdmWENOc2tHcURjN2c1Y0N0TFpEakFJdDhzZTVzZkRjWXZXTXZFZkNjWVMzdDluNzgyODRQR2NsQXE0TmlTRUQ1UXRQRlFyMzA?oc=5,stage1,"unverifiable_publication_date (truncated stamp, year not recoverable)"
25,36b1dc6dd1554593e933dbe215ca0618,"San Miguel, Bantay Dagat aid Calatagan fishers","Wed, 23 Ju",Batangas,BusinessWorld,https://news.google.com/rss/articles/CBMioAFBVV95cUxNR0VVTzJoeEZHSTl4TkN3alpfbFlMaGlUS19QRmt4cTgyQ2dEM1kyT3NzX0VlN0UyS2J5cHFWTkNiOThLbWZ5R2ZJNlhIbVYtaGR5Q2N1dTBmaWhpcHk0eTFnaDdXX0o2TmdJcV9VcG5iUnB1S2JNREZZUW42Wmlmc3pQUXFuUFZDakpuamtlQlhkWmNCSlA0V3JLQ2pmTy1o?oc=5,stage1,"unverifiable_publication_date (truncated stamp, year not recoverable)"
42,d13f7dd91d0b6ac17f1ffba9e4622e7d,"Lian, Batangas residents evacuated due to 'habagat'","Tue, 18 Au",Batangas,Manila Bulletin,https://news.google.com/rss/articles/CBMigwFBVV95cUxQZjRmWlk1WnoyLVFoTWJTZHlkdlpHVmxONU40eVF5OURlWkV4ajlBdXM1ZlFzNHJzX3ZxRmhiVDVadk15WEJjOVJDZXBVazhTRWh5UkdCTzk1UHIycnZVaUlvUm1RUG0xci1QNUlBemJoLU92Rjl4NXR6MjU5NGlvOFcwTQ?oc=5,stage1,"unverifiable_publication_date (truncated stamp, year not recoverable)"
49,dbe3a4051cdab9956c6f051b54faba7c,"Lipa City declines Leviste’s 1,000 rice pack donation","Tue, 02 Ju",Batangas,Philippine Daily Inquirer,https://news.google.com/rss/articles/CBMikwFBVV95cUxNZW9TWFpRbXpaOXljT1FSTG5EUUhmUGMyV1JyRDU2d0FaaTJONDNiZ3o1ck9pYVlmSXBGMGpJUjB3cklpUXB4dFNpQXg5SkhkcXF3d245M21neC1nZGxEV3hYeW5TdDI2MGdoUGdSX1FJbFNzRkR0MzFLUl9nemZSVDMyVmhMS3pRTk1jSGE0VWxFcHfSAZgBQVVfeXFMTXFXVHVBVGV1TGlUNnlidkh3M2ZwUTBiaE80OEtqeGk0VjMtdXNrUENBNVVpajQzZVg3U1lTSE5Ld3V1MzRNcVpkbllRc1BZYURDOGd5dzU1d0h6MHEyeE1pM1ZZWUhnenpWVHZ1Mk5QaVZRSmRCNWJYdDdKU1VmTGhMN1NIclFISmVxV2Z6bjBEQS1yMzJRZXA?oc=5,stage1,"unverifiable_publication_date (truncated stamp, year not recoverable)"
61,c3be209e50bd1b1ea3342514e65cdbde,"PCG Assists Evacuation of Mother and Newborn in Mabini, Batangas Amid Landslide and Flood Threat","Sun, 09 Au",Batangas,Daily Tribune,https://news.google.com/rss/articles/CBMikwFBVV95cUxPbzZTRXZvYjF6V1J3MmVxUTE2aFpfNkpJRDNBU1hIaFU4N1dMWUdCRGtVNkJiam5lZnN5WnZiazRiYVBuWGVsY2VpRlRBMGpjZmxJZEhiX1lmamRhVGMwQnJKdjNuRVJtU0k3V1ZabzlZYXY0WnpNbWE4WHl3RFpKUGRYc09mOTBCMXVkOFB6cjlNTmM?oc=5,stage1,"unverifiable_publication_date (truncated stamp, year not recoverable)"
62,ff7fcf7b2a31a3c95558a069264d1e55,"Licensable picture: Plastic waste for rice program during a coastal cleanup in Mabini, Batangas","Tue, 02 Ju",Batangas,reutersconnect.com,https://news.google.com/rss/articles/CBMi-AFBVV95cUxNak1ZS0cwcmc1Tk14eHFNS2RMYjRfeFRPOEtGaWd2WUM4WEduNE83MnVXdUpxSUkyUURabW41RUpQbjNtZm9EUmtlV2QtWlczUVBlZmQ4Y1NYdkFwRmltay1zZDZJanh4QzU4NHU5SFZ3NUJGdE5pT3haY2JKcFl6MXFxOEcwRFhvYjBMMTIwMTRNbGxqWXE4MjRIaUdJNEVrLXdCREQyLTJ3R2RHY1d6cDlBNjBDN2pHZ0N3MFNvWFJVQWVVSWgyQU9PU1cxb3Iwdlp5N0tsVENkZ1c0YndYUDQxMUc2U2tQa2lCODI1Wkg1S21pZkJuUA?oc=5,stage1,"unverifiable_publication_date (truncated stamp, year not recoverable)"
63,ed05da8fc194f6937538c6a61dda3b65,"Rotary Club of Manila Bay and SHORE in cooperation with the Local Government of Mabini Batangas, Mabini Tourism, ICM and Marine Education and Preservation led the successful Coastal Clean-Up and Community Pantry in Mabini, Batangas","Tue, 19 Ma",Batangas,Manila Standard,https://news.google.com/rss/articles/CBMi6gJBVV95cUxPam9EbU80ZjJseFhwclY0RTktZTRvcmpDcEpUYXVpTTk4LVdtNm9IZXQyZnB5cUJDUEdOOFhITENqME5GOTNHMjRZN3lxZkhPOENNY1p4dXBvcnBfUEhOajcwNGxIQlFsN2huenE2bDA0TkxPZl9MTUxXeTBsU0MzNEFURzN5dHY1UDZVWlg3OXFZVEZUbU9nZlhpWmVZa3doeXBUcTRZYW16NmpyS0RfbWxpb2J2T21yVE10V241NkxzVDRtV2s1SllEb3B1b1B5R05VWnkwUm5zdnZucy1GYVZ5R3k5TlFUbkxhNjFQbk1RbE5LVmVGRkdOQVR1TnhVQVc2WnBTc0d2MFVEdTV0Q1BJbS1jZGltd2VReEIzYkQxUUJnNGdVZC1LMWQ0LXhTdlcxZ2hVQjV1NjdrNmcybDB6ZTctS3NVbWUzSXFwWkpJTUwxSXFpaFlfOTg2OWVuWkh5Yk1tc21Wdw?oc=5,stage1,"unverifiable_publication_date (truncated stamp, year not recoverable)"
95,985109a76deded6b0799cabec22ce22e,"DA readies aid for Taal fishers, Batangas farmers","Tue, 06 Ju",Batangas,Philippine News Agency,https://news.google.com/rss/articles/CBMiUEFVX3lxTE9DdW9DclpHTVBtQWZ2X2dTdFdNN2FxNkhPWHkybk5HREY2eUxaUm9mamRidHBYQW1SWFRURlU2eDJNejdSRkkwZFZqcDdMeHY3?oc=5,stage1,"unverifiable_publication_date (truncated stamp, year not recoverable)"
102,0cabcd14dde51cdcdf14c116f9bcd5cf,"Tanauan City’s Gulayan para sa 1,000 Days ensures nutrition for expectant mothers","Tue, 19 Ma",Batangas,Philippine Information Agency,https://news.google.com/rss/articles/CBMipwFBVV95cUxQU0E0dmFIdl9qLUlkRDR3MWRlZFd6NjNHVWp4NDBLZml4Sm55NGZpM0EzcXR0Z3BqU2ZaVVZMZS11ZnFGZ2hTNjJhQ0g1cFhtbEtSNklXLXpGMU1ZX2ZONHNzaXZ1eFFWdXJDN1A0aTNBb3VqUVlaeENJMU5YQmtfcFVCU0NQWC13LU9tWlQtUEhpWjZ2ME1ESFdzUlVBZ3Y1UXFBVm9mcw?oc=5,stage1,"unverifiable_publication_date (truncated stamp, year not recoverable)"
216,dc030a2480f0be5a3678371ee0d7e7bd,Government brings P20 rice to Batangas,"Fri, 11 Ju",Batangas,Manila Standard,https://news.google.com/rss/articles/CBMikwFBVV95cUxPVEpONjVMaGxpSXdGSTNHN2ZVdVAxWkhsQm95ZV83TXlnY1R4YW9wOVhDS2dRdlFYNWI1ZkQzeVJFQ1dlaHRDVDMzcWVOVnZMWkhKMUR0bEtwNHdqTFY0MWJUaFpNSmJwcmVFYXIzSkVPSC1ZaW94cGdvSEw3RFFwaW9CZG1zaTVvTVFFX3JYYTluVU0?oc=5,stage1,"unverifiable_publication_date (truncated stamp, year not recoverable)"
226,8023cdce01c7bd3baaaf5223f9aa9b25,Leviste vows 1 million sacks of rice to Batangas families,"Fri, 22 Ma",Batangas,Philippine Daily Inquirer,https://news.google.com/rss/articles/CBMimwFBVV95cUxNbjlOR2FMb1c5MVd1cjFlVWRFVUVDVElDaURpdzRIYTZzZ1ZudDloYWxxdzBtQVhkWkRlcm1UYWlKOW5iNDl1dDNOWHFDRVB6VHJ2ZGpyQVF1ckVNYjF5QWFIUnpLcVF1ZzRsbG01ckJJajV3bVNJaDBKMmZLMUFXLW96bm1lNWRxNVdLazIyV2xVaVVDYkVtcF94NNIBoAFBVV95cUxOQjNKLWdqaEg1TklNQnRyVm1Dc3hFc0lEYlJycFhIMHFKQnpLUTFlUkVwSERYbldoMHlWN2xnQVhwbmJIN1BVOW44X0IyeEN6MkdESkVxTWpkQ2hvUFVTckVQc2hheXZkTmV5ZE5idDkxbGhkZUpaV1MzUmFIZjVvdnpRd21uY19lRGt3dG1kWE9mVG42WVdVbDJFM1hROTd4?oc=5,stage1,"unverifiable_publication_date (truncated stamp, year not recoverable)"
229,7e14f6b306690ab0e1422df73a8c3d54,Ayuda pinangalan sa asawa! Ben Tulfo claims he’s persona non grata in Batangas town after exposing mayor’s ‘misdeeds’,"Fri, 26 Ma",Batangas,politiko.com.ph,https://news.google.com/rss/articles/CBMi7gFBVV95cUxQTFBJMjBBVWVvN1Z0RmdxQ2JOcjhLTWppbXlIZDVzU2loZVFDak9DZWxRc0NDQXFKSFZaMlI4c1IwNHBvajcwUjhIRzlHYnJRUWh4dWwyX1dOZjkyWmYyeDFIVGZrRkxjTXRQTXRqZk44azlSR0NWdXhTWEI3Yk8yMWI1ZDBCYWp6NERVbkdwZjRVVnNRRUZ0OVJlZnBISFFBVHRURXB0NmlfT3FVcGVRRGFkaUh3Wk9WeHY0c1dZTmU1TzlnZUFUUzlQZEdadTA0ZHdCemlQRUtfNGlxWmVHYjBPRU4yTGVOSDFLX0pR?oc=5,stage1,"unverifiable_publication_date (truncated stamp, year not recoverable)"
255,6e98bf5318bd327e770f8a869386c908,'Kadiwa ng Pangulo' launch to support Batangas agri-businesses,"Mon, 17 Ju",Batangas,Philippine News Agency,https://news.google.com/rss/articles/CBMiUEFVX3lxTE9fWWcxdW9Wa21CLUJBY1paVnNubmQ2cVNObzdhNWh2YmhvY3ZMelFlUmp0d3d5cG9ZeVRzSDFod1pVSnFZNU4xRWw4cnlIdGdi?oc=5,stage1,"unverifiable_publication_date (truncated stamp, year not recoverable)"
257,294e4596db8f5ecedfb736a308210012,Food security strengthened with new Batangas grains terminal,"Mon, 17 Ma",Batangas,Philippine Information Agency,https://news.google.com/rss/articles/CBMijgFBVV95cUxNNmhubGhvUHdHenNYZlJWZEtYdG9qdmtEQVhGQ2ZIeVYwX09vcjZWbFBiUEhOaGZrWUMzeGlUZWNOZ0xRQloyQUlraUdlZXVxTmFWdDE2MmQ5V2RhcFVhSTdOUFZoX0RBZXhoS3R4T3g1c05vYkZaLWNqbGdfOFBEclA5QVQ1Q1dIX3lmQnZ3?oc=5,stage1,"unverifiable_publication_date (truncated stamp, year not recoverable)"
261,f23fde1328bda65348e311ef128baf7f,"Food enough, DSWD says, what Taal evacuees need now are hygiene, sleeping kits","Mon, 20 Ja",Batangas,PhilStar,https://news.google.com/rss/articles/CBMiyAFBVV95cUxNSmlVMVZiRFlOUzluNGhGeDh4bmluMXI3QS11ckt4NUpTR2FPenRWRUtVc0o4Smc5Ti1leFFNVGljLWtSMXV5REVLN2RxY2RhSlBPV3oxa1dJeWVOVE9RdVpReFV3MG93dHFEU0RYclFLZ1M0YVNUdnR5b3VibmFCdmM2YTFMU1U0ZXY5X1c2QjZIUXIxVEFDdlVfSE91RGhJTjY5elB0SThnZmZJM2FvWndmXzlnZmVFNGxkSXFHNEUyLU1Mbm95SNIBzwFBVV95cUxPV2g3OFo2WDVQWFQ0cFhlQ2J2bC1XcUQzcmVGVFZDMmhEdTJfOEM1NGF0andoendZdXluQkFQeHVrNEs1bVo0YldkZWlFSWI0NGR2eXpCMjZxOWFaTUVJNDJJRjZVcVhJNWhSRFAxbUdaaXFUQ3dreHh2aXF5bU02OVVHN2lVdk1VVlJaZGhKLVBCVjAtaXhackQxdEtjcVBCRTlIdE1IUE1HUW5jWV91Qml3Y3k0cF9GVnA0Qmg1SHpGeFdxLXFMT3Z1ODhJWjA?oc=5,stage1,"unverifiable_publication_date (truncated stamp, year not recoverable)"
266,f9ec4f96986f211b75c9fab9c892fa3c,Leviste distributes P1M rice aid to Batangas families,"Mon, 25 Ma",Batangas,Daily Tribune,https://news.google.com/rss/articles/CBMikAFBVV95cUxOY2N0a0RQbkIxX0dDUEdkeHNYQ2h4VTRjWmc3cVVEd2ZjZHp3VTV3YmlPc3VpOS1fWEFSN2VjOWNfZndNM0FoNms3eXdjaWZqWnlRV3hWbjhFT1FZaS1ORGRCa3d3Y09IQzNKWnNJa2t2UWc4V09UZXVHazhRdmlHSk80WUdlS2J5SnBFMGtsY0E?oc=5,stage1,"unverifiable_publication_date (truncated stamp, year not recoverable)"
274,cfa66ce2f562a951a970c4439a56797f,"DSWD sends tents to families affected by Taal unrest, says to dispatch food packs soon","Sat, 03 Ju",Batangas,PhilStar,https://news.google.com/rss/articles/CBMiygFBVV95cUxQS2F0a1QyMC1MMk5uSF9jYUxqZlVlRDd0WnVtYnFJeURrOU5nZXJWaG1PY2hhbS1Jd3M0cVJ0VUhxUW5VcV80em52T1lTV1pGREFwVnlWNmdaZXZRNm5OTXh6MFFFUGJSakI2Sjdnc1o3TVlfOXdWR2JkQ2JMMFRJRTR3dVNKOGgwdDVTaXJaZjdQTFRZMzhvRWtjWk9LSHZzajA4cmNMQWc0Vy0tQkxNWjE2bGVJVVBKOEF4ZmpCMVV4T3hEU003X2F30gHQAUFVX3lxTE5wY191ejRQS1FWbG1PaTE2VllQRkltM1RXYTIzLXlWMEtyckJ3UUtJeDVPZ2M1X2pTVXE5dmQ1TXZhV2NZd2taOGhYeWxGcXhaOHA1TWdzcWVIWmk1bGlkNW5TeHBWZEN0QmdLNi01NlFUc0c0YUNKX3hJZ2N2dG5obGJHeXduNGRnbEQ0NmJDN0dUZFViSFlMeldyNE8xZnZrRS1DUEpMLUZhbVQycThBNGtWU0dxdFUyZ3pHMzVXNV9MZWpNT0k2cExNZGhuVFY?oc=5,stage1,"unverifiable_publication_date (truncated stamp, year not recoverable)"
277,41d35b6726f671dd95b6b37d1b0e4e1b,Subsidized rice now at 15 Batangas outlets,"Sat, 12 Ju",Batangas,Philippine Daily Inquirer,https://news.google.com/rss/articles/CBMihwFBVV95cUxPVUQ3U0xWdGJQNDBCQTNQeFdwYmVhSUlTaDNoazBDeG9oeGZFSHIxN1VnSnFoMHZEVS1qT1k4MFhXTVNxUEtFbFpBdFdPcVVQTHZzQ0ZCcnJLc3hlLTZjUVhJUzk2QkItdDRvY1dCUGFTOHQ2ZVVIRkxJTFB5cDhMaUdfZ05kcVnSAYwBQVVfeXFMT1llWnc5MVNtdFFKUXI4UEJySjB0SGlXNF9nQlAtbklwQmprQnZFc2FpY0I1Tm1iNk1PdlZLT1MzVTl4MW5TekRjRzMyZ1VJRkZzWGNvOGJCeEFPMjdTY0xGd1FoTGtGWUNpbGFaaDBkSnpwZnM4czBQb3NQb1BOTGl3eTZFYXNiYWt5aGg?oc=5,stage1,"unverifiable_publication_date (truncated stamp, year not recoverable)"
280,4a48b59da012bf34cc0972d0e5a3aeee,Leviste pledges 1M sacks of rice for unserved Batangas families,"Sat, 23 Ma",Batangas,Manila Bulletin,https://news.google.com/rss/articles/CBMilwFBVV95cUxOTDhjbFZYN0R0blFtNUU1aU1SUHFNdWJ5M1pxa09sUklpOF9UMG1QcDFUWEw4OHM0R2V3bU9KVmlPaHhQTDR6UTh6TUM5bHpINzcyc21aN1ItTDBLN0RUd2Z1Y0dndEF3Z0dmTElHRERhYndhYXZ4dGtCOTlBd29kLVE5clhRMWE4ZDhGU2Vfd1lxU0NiWEcw?oc=5,stage1,"unverifiable_publication_date (truncated stamp, year not recoverable)"
288,2bb19f849c8ebb3ee2e9ac72d0fb7342,"Some evacuees back in Taal Lake to feed caged fish, gather food","Sun, 11 Ju",Batangas,GMA Network,https://news.google.com/rss/articles/CBMivgFBVV95cUxQUWdlM2dsV2xCbmlUNXhqR0dIRG9vM3cyZDduOFk2dExmQmhtTG9VdmRKOURKTWZOb29kcXU4S0N2LUNESkhWeDRSMUtTQVV5a1ZfMnNFb2E2Q0hnVmM1Z1BaSzZmSkJHR044VWhMYVhDRnJJV3luclpvNkhrd2xYTVp4a1Jld1plQVhTTVlVRlp0Y3FEazFxM1JXTUNLMjBqcnFISHpIeW42WWRneEZVUHpvS0VDX3BsNkVXUkpB0gHDAUFVX3lxTE9zTGJyUGRkcmFQbEhKZmpGbm5vTnViRmwwc0dIWmJtM0dFVUprcnFfb1U4eEI5OUIxeGhnckdNNUZUYk85X3R1bmluOWRxM0NIbldnTVdJeDNzWGQxY2RIVFkzRGR2dnk4TnpnQ2lrTDNiVWQxS1JkMWtXR1JOZWxJZm1LbGZWY0QwTjA0UzNnQ2xCNHIyOHF1UEtwRDZ3a3JSZm1tTGdLcVZTczNhY3NjZDVWR25kUmR3R05FZEJMM2VpRQ?oc=5,stage1,"unverifiable_publication_date (truncated stamp, year not recoverable)"
298,2d3c38133fdc6f687f8d476b629f6505,Batangas poultry marks milestone with first certified cage-free egg house,"Thu, 05 Ma",Batangas,PhilStar,https://news.google.com/rss/articles/CBMi1gFBVV95cUxPQ0NoWjNsOXdMS0l2Z291YzJ2c3FEcXpXRmQ5dlVYOW1JNTVWSnhqeHRHTXdNZmVza3dScGJENWF3c1RNQnQ4aWlPQm1yS21wTDRITmNrUHlKaE4xS0RZbXJRODFQcXBBUzV5R2pYeUNqaVpxbFdsV0QtTE16aFRnNW42VmVOQWMzYUxNMXdJNHBiNFB1NzUwRnFlSmR2ZzVDdE5OR3JLbG9CMDEtNFE1aUU3YUJxeWR3VHNPclFyZ21FbjN5eUxBUWhmZHNyb1MtbzF2MV9n0gHcAUFVX3lxTE1NbFZ2cG11RXdaMmsySnJZSmtEYTZ1eUMyOTJHTnVKU1NIZXZ5NFNGWFNkSFFucGx5ZmZ1SVpfeFRtYS1tN29VRFIwOWE2SU5TM1ZJM3BKVHdTLTJOb2tkak5DTlgwZFZlSUNFaGpBRHFlUU53eGdhTmRMNDA5bDliV3lCOFVEdkM4Y2x0VlZlTmJCNnQ4T0xfRXN6LUloQjNXS1l1aHMwTXZ6dmZMNWhUdUxpd1VDcEVRZjdxd1g3T19USWJ3ckxqTmNxaEU4V2ZzUFNvdUJ5VHpSV0Q?oc=5,stage1,"unverifiable_publication_date (truncated stamp, year not recoverable)"
307,37727f2bb14716d2efa53226db006a65,"New 12,000-MT corn terminal opens in Batangas to boost food supply in Southern Luzon","Thu, 13 Ma",Batangas,Manila Bulletin,https://news.google.com/rss/articles/CBMijwFBVV95cUxOQmJNOEtobE9ici1GVVQ1aFhCMEtaRmh5NnhLd2ZRdHIySVloc0FkR3M2WHVBQ1FiSGI5SDh3ME9obTRueDJGbW9SMU5nZGxRUm5pRjhYdUtEcEhIUFkxVjlSX3diNUZDbHlXbmN6TW9uQTRDYV9xUmZBbWowNE9UOUwwMWpGdlZ0Q3otTjRoWQ?oc=5,stage1,"unverifiable_publication_date (truncated stamp, year not recoverable)"
315,72b24a1019020b7d065eb763d3bae60d,Family mourns loss in Batangas landslide,"Thu, 25 Ju",Batangas,GMA Network,https://news.google.com/rss/articles/CBMingFBVV95cUxNOFN6RmRkWFl6UzhoTGxNSElJXzBQUnhjdUJxZFliRktRMlpXZWp5TmJxTWxmV2ZpbWtDVDE2aTN5R1A0bW42anE5dEoxdUpxd0JGYzdSSjlWaXQ2QXA3U0xjdy1iY0RKY2JacnBndERtWFNIU1dpYWUyLTVpMWwwWTFvTXp4alY5ZzZBV3VHZ0k2YmFSQ0lhdC1qZEZ5UQ?oc=5,stage1,"unverifiable_publication_date (truncated stamp, year not recoverable)"
329,505a38de662038705eb51c60a5ebd06e,"Taal blast destroys P577.39M worth of crops, livestock","Tue, 14 Ja",Batangas,Philippine Daily Inquirer,https://news.google.com/rss/articles/CBMilAFBVV95cUxONldabXZmMVNNdDJYSGY4OVN3TUoyS25OdmtuZFdqQnFKa1dRaHBXZ3J6NFpyRTU5RUhNdktvSlJhQjB4RDBtRFByYnM0RExwYktJb1hsZ3RoZVZnM2lUX3g2STVYS2RCaWtvbnVlMzR2c0d2dzZ3anV4RVo5cThSU2RXbXN4c01SSTlfbVBBNnR5YWlF0gGaAUFVX3lxTFAxZWxZMnU4Q05SaHZWMDhDUjVvNjVQOEtFQ3VMWXZRRGRIaEFIOVhaek1OZ2ZoYXVVMW85TTJyT212S3VpZ09Pclp5RG9odll0b2xEakxKd1hWaDV4a3F2TjRLSVpQZE9KRGtoRUV5czdKb0hzUHpJbUJTNHR0QVFWUkpVQ0dCQWhFUW1xYjFBdXp1YTlZUUJuVGc?oc=5,stage1,"unverifiable_publication_date (truncated stamp, year not recoverable)"
330,2e65f4ad7ea791157ee511266a10b3a7,"Don’t eat fish from Taal Lake, public told","Tue, 14 Ja",Batangas,Manila Bulletin,https://news.google.com/rss/articles/CBMiggFBVV95cUxOdFluOGhhY1N1d08xUWYzYXJPRXF5djIyOGdWUmNwRVdiMnAzLVdtMzFhT3V0RUpwZ1VSUTdmanRXS0p6UXg4MXJMTlo0NmZJdXk5LWpRRl9tUmNvZGIzeFVJSVk0LTZFcDUycEQ4cDZpSTNGd2JtSGJaTHMxSTZPRUt3?oc=5,stage1,"unverifiable_publication_date (truncated stamp, year not recoverable)"
340,276109ea7876a6dbbc4d7b1ef79b1d69,DSWD-1 sends 3K food packs to Taal Volcano eruption victims,"Tue, 21 Ja",Batangas,Philippine News Agency,https://news.google.com/rss/articles/CBMiUEFVX3lxTFA4ODFhX0NQYlR1eVp3dE5nSWJ4S2FzVzgtTmdUZ0g0UDMzQmx4cDVmcFR5OXBtUXM1SDRUV1M2aVo3Tmw1eE1OQ2JNY0prMkpE?oc=5,stage1,"unverifiable_publication_date (truncated stamp, year not recoverable)"
347,f2f943a4d65bf5abff110e81c06d060d,Taal folk: Hunger deadlier than coronavirus,"Tue, 28 Ap",Batangas,Philippine Daily Inquirer,https://news.google.com/rss/articles/CBMif0FVX3lxTE0tVVptc0pERXlmbXpMcmlvTlZ5bDBscDlYNWNIdmlkN3lkMW8zMWpwUzlBOTZqc3o2UDQ1VHVFWlZ4YU1hS1JJUG5XblJ0Q2xZbklBYlVyYmNzQVlOVE9LRzUtdEZTalVCWkxZNGFJcl9URlEyZEEzaXB4SG1OUjTSAYQBQVVfeXFMTUQ0QWpHaEcyb1U3RFc4bWVGdFhTZGVVSlpOVVAzMkhDeUUtdHNtSzRBQnV2aTZZTWd3X1lkMk54VURfT2Yta2FUbFZ6WTBPdWVOcC1jTE10NXBLVFZQT0xiOVU4ZE9zV2FWcGxWdXlPSHlSZEY4emFmM0FyOTNsdGJlREJo?oc=5,stage1,"unverifiable_publication_date (truncated stamp, year not recoverable)"
352,e872cffc62d451456b01a1c4d65a4726,Batangas typhoon victims receive SoKor rice,"Wed, 05 Fe",Batangas,The Manila Times,https://news.google.com/rss/articles/CBMinwFBVV95cUxPWVROUHJjZktHZjBQcTdRYWc2T2JDY09GSm1fQTZleENZaDk5ekR3NWVlU1BDX3ZMQjdPUVl0WHVXcWhQa01sWWVvalc0V2xQQ0JVaFl5X3p0V0FKNWxUanpBLXZsaVZ0WGw3QmlLMDFfd2x0NkZ0VlN5a0pNdFpTbnlSQkxKcWNoMkFRYWc5MnhlTlhTTmJoN0VDZ2pWZXfSAaQBQVVfeXFMTldoSW5nLXZHcEhmX2RFTG90YXBVMXBZUFdlX3ZiNVAzWF91S3U5eW1kc3RJTk1OWk52ZGJJMjdobXVNZ2FWX3M3MndzMzhRNzItcXFzZS01Z2VyZnU5d000TDZDZVJDeXFWcWhfeXhHaWszU05RWlJ4TjNiT01hamwtRmtfQ3JLUjhJbVdhQVNFVXdXdGpBLU14azNnZTRFX193eFg?oc=5,stage1,"unverifiable_publication_date (truncated stamp, year not recoverable)"
367,fd0e4b7051be17a9a1c19ed0e046b5b4,"Jollibee, Cargill to build poultry processing plant in Batangas","Wed, 25 Ma",Batangas,GMA Network,https://news.google.com/rss/articles/CBMiwgFBVV95cUxNMGF5ZDV0LWVqbm9FQWNvcUZSeWY3ZVVraEoyUjVIWm5sTVZabmVSNzctdjV6a01pbThwbE1ndEc5aEVsMlo5bDBOOUdXLTludU40SjR6N09va3dOOGRXSVhGVTJXM3ZZOG80VEdIWWRMVm1LSTdnQ0F1RWpXbE92V2dJb3plc0NDZ2JtYVNGMm5wRHNRdFRKX1ZCV1ZGS1NLRm5Oc3pJVmQyQ3o0dUpPVmZFV1ZldkRrYWdrT3piY2hTZw?oc=5,stage1,"unverifiable_publication_date (truncated stamp, year not recoverable)"
372,5f55f6979bc3ba6ad9c20c928aa5b41f,"Alfonso, Cavite farms idle land, distributes harvest to malnourished and indigent residents","Fri, 17 Ju",Cavite,Manila Bulletin,https://news.google.com/rss/articles/CBMiugFBVV95cUxPTFdqQUF2ZEJ0WkFxLWw2ZVBQaWpLMXpMQ2VQN3MzejU0b0FOWDN0VDFTTmtITFhlLTJ6OXJobm5XMGRnejkxdWl3QWgtNGtkNmotUW1wYU9yRmdNM1hyQ2RqWDRtcE9ZWThaSlJRUnY5WUxMU2owMzVrWmRpbDlNWkJjRjFRMkctNFNTWVR6X3dWWWNLYjZmbDAteEktMUtJTkZ2Q1NWeHJmVkl3MHpmNC1hcDFtNWEyb0E?oc=5,stage1,"unverifiable_publication_date (truncated stamp, year not recoverable)"
373,8af992d264c46afc14e444c8de0ff803,Alfonso LGU assures inclusive rice aid following State of Calamity declaration,"Wed, 12 Au",Cavite,Philippine Information Agency,https://news.google.com/rss/articles/CBMipgFBVV95cUxQRTRJd2pXTUNuZzN6X2VjZjdwRzUzZUxEMGo3bzhBZDZFWEdxV2xVbFdrcWMyamhBcEhuanA1YlBURjBPRUpWZ1lYVTF3aFQ0dGQ0Vlc4ZGwxVEZORHZvT0V3WDNWOUZkdkZWanJ2X1VqWE9nRC1IeXBqVFZXYzJVUGpMcGRDYmNEYlJHWlBSUHB0SS1VekNMU2lrSmtOdm5NWUZpRjR3?oc=5,stage1,"unverifiable_publication_date (truncated stamp, year not recoverable)"
385,37c09f3dad7dff055c2da54741274a74,P20 Rice Now in Bacoor,"Fri, 04 Ju",Cavite,ditosapilipinas.com,https://news.google.com/rss/articles/CBMikAFBVV95cUxQRVowN1RyWHIweWt0Z1Y2QlZydEd2SHZ2VnJNaGo5cWxjdlBxWnFIR21jUXRoQUc3M1BTbmRSaV9aY3ZhM05Tc2p2N3duZ2dlV2x6YU9oejFPM0lDb0V3S1F0VHlFVEZyN0ZEZ1F5RU1fLS1peGdhbDdtdUFVTUktajRCTVpIUXB5Z3drVjlKX2Y?oc=5,stage1,"unverifiable_publication_date (truncated stamp, year not recoverable)"
386,61370d6134aad729ab8f9dde6f526d30,Bacoor City expands KADIWA P20 rice program,"Fri, 07 Au",Cavite,Daily Tribune,https://news.google.com/rss/articles/CBMigwFBVV95cUxNSEl6bnZSUWZUcjBmc2hfaF9iNk5GdjZZVms4c2IzQkM3aE13dXh6aU03Q1dnNkpaQTJLUDhkbGZieDd1SDFpdG1IZE5PZlBWbTRDNmlrOE81dU1ld0xBNXJuUHF1Q3dNRU1VNmdlYndhM1ZYUWFiellGWDEwWmxNV0Uyaw?oc=5,stage1,"unverifiable_publication_date (truncated stamp, year not recoverable)"
390,b342b6032c47d695aec6bee6be8bc003,Bacoor City launches region's first Kadiwa market,"Mon, 09 Ma",Cavite,Daily Tribune,https://news.google.com/rss/articles/CBMiigFBVV95cUxQX2Z4RDItampKdkhUbkZ4ZDNGam5mZ3RCM2lmeTJFOC1BRktydDhURWZMZUM3VlJ5UTVKd1d4N0VRLUl4MnVVR1lSUW5aQk9JY3RjNmM4R1l2YUFmR0gzUEprdlpBLXlqNGVBb3IzTVozeDdsRVNWeklmRXd0QmdxNFoxZU1nME83aXc?oc=5,stage1,"unverifiable_publication_date (truncated stamp, year not recoverable)"
391,f706327369254d2af1bb53a0ddd0c81e,P20 BBM rice program now serving more groups in Bacoor City,"Mon, 16 Ma",Cavite,Philippine Information Agency,https://news.google.com/rss/articles/CBMiowFBVV95cUxOQmd5cXZRS0psYW5vT2JUck1vcl96b3hzVXdESldFOEV1Z3pOY1NEVWJrLWtDRHdZTFFTcU5QN3JXb0JxWlVuZUpFb0wybHhReWJIUzJGaU9ZamRqWF9DQUVBdUlrZlhzVkpwd2RqSnF3ZUg2VW9jRGpNempqYzMxZmE1SkthYTQtSUZZdUdod2FtSWltQ2haR2QtWGNUcVRtaExn?oc=5,stage1,"unverifiable_publication_date (truncated stamp, year not recoverable)"
393,6a94c79394b58056711f30c25a93ccf3,"Marcos launches P20 per kilo of rice in Bacoor, Cavite","Wed, 02 Ju",Cavite,GMA Network,https://news.google.com/rss/articles/CBMiswFBVV95cUxNRkpXbGpHZ0VkVlJBeHk5d0NYRHVXNkhYNkNtc3RreEFzQ0lfTXVsOEVmQzlERDdZSVdzREVfZXFMZHBJdk9lSG5yZFlHcTc3RHhNN251RFl4cVluLTluanB4S0dFWmZ2dFBRY0RpYllEZWREVmc5bTBCSzNIaEJRTFFsZUQxR3NBOUcySzdQTWZIZlZvS19xT0J4QzFLNTlldWRNU051ek0tTXI3QjlTVUxVZ9IBuAFBVV95cUxNczJoTnpxUk1BVHZzcm9fZjhYNDZPMkRfdVJJc3Z0TDR1YkY3Y3BSY0N1UFNiSTR3MDg4UFdRSHc2OURiRUdoQlI3LTYtR2lPWTd5S21SMElaLUJnWmViUjQ5elJPWm14bThXVjZTcG51djJDYzlCNEZNX0QxelBxZ0EwWWgtS0p6dG1yVk40aGhkUUJXcGhRY0dMbkRrX0xpU3AxQVJHWFc1V3lsUUU5VHJIeDlOaUxx?oc=5,stage1,"unverifiable_publication_date (truncated stamp, year not recoverable)"
394,9a0bbf111d2100cdbf57a3be1a54f36d,"News Releases - PBBM launches 94th outlet of Benteng Bigas Meron Na program in Bacoor, Cavite","Wed, 02 Ju",Cavite,Presidential Communications Office – PCO,https://news.google.com/rss/articles/CBMirwFBVV95cUxNaWxfb1FVVkgzaEVoa0xNM2JTb1ZwRkpPYm1ZQ3p3Ni1uN0FqSW4xUFBHYmJNQnNRQzA5cjMtQ1ZmZWN3MEh5LUtnTzRLaExVWDlmaDFKVkFlejJTd05kY3FET3FYaGpEMUZWekJJZFdDZEVVOUNfbHRMbXk0cWpFMHA0STZfWUFBdDM2NVZqOEZvdndvSDJIMUhUMVZ5UWJLYVdyX3FtQ1pnbC1SWWYw?oc=5,stage1,"unverifiable_publication_date (truncated stamp, year not recoverable)"
395,5cb5390f02514421a5e8a82c73c9c229,"Marcos, DA launch ‘Benteng Bigas’ program in Bacoor","Wed, 02 Ju",Cavite,Manila Standard,https://news.google.com/rss/articles/CBMiqwFBVV95cUxPRlZRY2JDZ3oxNVhZQm91SEpXMTR0eDdkbm9Vc25paG41YjBLRXo0cjRicGlRaXpYXy1VVVp2UWdqeVlucElSd2FldWV1aU5ySDNRWGlCRGYwbGdHX3IyRUhZTzd4NFU5cjUyeWZjY1oxSzRXTjg4VzQwc3lnWTVEeWxvWFE4b0VWN0I3Vkx1ODd3ME9YYlRMUElzZFJpVDF0T053N2hhekRVUDg?oc=5,stage1,"unverifiable_publication_date (truncated stamp, year not recoverable)"
453,bea1e62033fca284be240d66b280f6cb,"2,429 tricycle drivers, fisherfolk in Rosario, Cavite get fuel subsidy","Wed, 01 Ap",Cavite,Manila Bulletin,https://news.google.com/rss/articles/CBMinAFBVV95cUxQQmJ3Q3RlX29uMHIteUM3RUJuSkN4REIwUHdZVG1YM1otdXplb0VDM2Q4UThZTkRESnlrRDQ1VHJ5WlBxYXlrcTFKOXZ3N1pvamhHQjlyRDZhdG9VanIwQ2V3MzVUWWF0dXk4WVhEX0ROREp1OTZ6MDRrNkFFQU1MX0ZNSWI5ZXpKQlhIaGRrT3h3TXBUaHRQNThyQTA?oc=5,stage1,"unverifiable_publication_date (truncated stamp, year not recoverable)"
463,60a87d2fdc0311155a2f5332fad28d20,EP Farm Tagaytay: A divine slice of Thailand,"Sun, 11 Ju",Cavite,PhilStar,https://news.google.com/rss/articles/CBMilwFBVV95cUxOY3dhZXJOZlB5T3Z6NEdobnhNZ1BkWXVRbUdxNHlKQnp2QWwyWlgyMTFON3cxNTlGRk03dTl1cldNT0dSMWdiWVZpRzVtQlJkTmVGWkFOV0Q0V1BDYVppbTY3djdsYnpzNmZ3MUQ2dXYtMy1FbkR0WHVLbFV4UTZEOUIxSGFzNmxORUZrYkYzNHp2TjY4bC1R0gGeAUFVX3lxTFAyQVJtRzBPdWYwaXZkdVItY2RTVkh5NEQwWEhjREF5R0lKMkV1S2xEVXl4Tnp2TzNzTTdWeEJhNjdielpjNnVBb3NJV2JTRW9pSEFUbUg3ek83eGNzRFZpWXJvamZvdVRiN3R0OFhxSjVGTG1IUDFCRzJiOGQzVjljVVNaSWNidktIc2UyX1RJQ3hDYWNoNFBINjk4NlFR?oc=5,stage1,"unverifiable_publication_date (truncated stamp, year not recoverable)"
470,59b518d9a5b6737d181fc008d278bdc5,"Bloomberry Foundation aids 800 flood-hit families in Ternate, Cavite","Fri, 14 Au",Cavite,Daily Tribune,https://news.google.com/rss/articles/CBMiowFBVV95cUxNa1dZUXlaQ2xrUE0zQVE0WFRVMlptWE4wR1FVNFhKTmI0c1U0T3Zhc2FodzE3T3lqYVNad0xZdEJSeU5uSnpMVjlmcmNodUxjMWNBVkZfRGNEZ3dhb0JSYWNEQkZ2VmtCeW55UFZYUm1BNmI1djJFWXRqX1lYektNWTRiWldMVGhmNko2STNxRWlvWXYwSnNuTjNEV3ZOT2RoNWE0?oc=5,stage1,"unverifiable_publication_date (truncated stamp, year not recoverable)"
501,9cab3291b4ded54086f54e281bfa60d4,Cavite town’s ‘plastic waste for rice' project gains ground,"Fri, 16 No",Cavite,Philippine News Agency,https://news.google.com/rss/articles/CBMiUEFVX3lxTE03dmoxWFRjOWQ4WUdXVFdOdS1uRkYxMjBGY3RnamJDRUtQYkpaem93VERHMUlYX1lzZ0w1Z3RBV3lDWFJSeFJyR01LWkVvTUJY?oc=5,stage1,"unverifiable_publication_date (truncated stamp, year not recoverable)"
516,ca68c5f2f210b042e34c6d76d1bef4eb,Tolentino turns over fiberglass boats to fishing communities in Cavite,"Mon, 10 Fe",Cavite,Philippine Daily Inquirer,https://news.google.com/rss/articles/CBMirAFBVV95cUxNQkFrVnphLU5SUjU1LXlfQVFJY01yNHhsaWdJSTY3aWlxTHFaX0dNSXhERW5nU1g1aTBJWEc2UjJhSnB5bnBWM3JTUzNidS1oZVdjQWlPV013bGtlVzFpNklfeXlpS2hRS3prTVFLRzNSN3dPMGQxSEZBcDF6MndEYUN5ZjFKZjE1NmdRaGEzZFVzbFJwZHpYcUF6YlF4OW1UWWNKREhQY3RTU1Bh0gGyAUFVX3lxTE0tb2FBNnlqSHZkY294akVLVUVjWXhPcW83dFFsb2M0c1I0Zm1XM0thUjVwQ1hzZXlBdHgzeGhZa1pVXzIxNXBGZ3o2YUhWMXIzZDdpYVpEVmIxaG1VazhENlNYSlA5N3I1dGU3ZGhpa3dIMUtCVk04ZDFzS0gzLXRvS3YtVXY1Z245YW9VN2VhTHQ1ODJoV0tqUlNDalRFekVkS3kxLTR1TWVSbExKTGUySWc?oc=5,stage1,"unverifiable_publication_date (truncated stamp, year not recoverable)"
519,3301fa8f05945c3026705d6a5193295b,SK offers a kilo of rice for a kilo of plastic in Cavite,"Mon, 12 No",Cavite,GMA Network,https://news.google.com/rss/articles/CBMivgFBVV95cUxQeW1GOXBRLUFMaUNpNHBSc3RqUXZSd2l0TG81ajlKMU9DQmdrZEVCRC1Jc2JiTk1jMGJMenlUVjZjeXBYakN0N3dEZ2V6TnBoMmNxYWxJSmNEZ3MxbjNSOHBKU1oyVE5HZVhtU1FsNHZoemJIQkdFaG5hc01uWjY2dE1iNHBfWTVnSFV1SE4yZERveTZzTl9MRndKeWVXenozbTNTMGJTQzZVOHRNZG1BLUNrSHB6SzRCZXExODZn0gHDAUFVX3lxTE9zZUZIaW1LbjZZZ3JfOUdBMnEzbUF6VWpKVElNVEhsVG5VYmVCYlNUTTM3YTkzbl9qNTZLN09CV0NaU21EclpVLW1hQXlLQ3lTWkcwV3hlZHN6SkZIQ0VrMk1HS2tvN193Q1V4eXpfMFE5R3RvbUVDRkJleWt5MjgyRWc5NEVCTnFpS01TdzlUYzVOVnhGUTgxVkUwSE9pMVdsQkowV1czTHVVemVSRWpuSEhPTkxvMUpGV0tzMG1zUW9aaw?oc=5,stage1,"unverifiable_publication_date (truncated stamp, year not recoverable)"
530,a7a55bf4651da64b300989432b36db3b,Cavite town takes back rice aid from 4Ps families hours after distribution,"Sat, 02 Ma",Cavite,Rappler,https://news.google.com/rss/articles/CBMikwFBVV95cUxPVlNyTWc3R2VqQ2hmRkNmRXdFTGQ3SHAwNFBiTzgyTTZTVEtmX3BaUG5ualRVVFhla3Z2RjJqTW5xcmFLNlNPS0dNUWg0aDN1Wk1xdjNsMjdDa1RmRThMWkhCVURnbEo2MlN5WUVMUVFxTVptbGVWajVrVXA4Qm4wX0RiTkZNY1l0RXZEUHpEZkVwUVk?oc=5,stage1,"unverifiable_publication_date (truncated stamp, year not recoverable)"
536,384029520ac33ece80202bf4785d70ba,Cavite farmers start planting rice as dry season approaches,"Sat, 20 Ma",Cavite,GMA Network,https://news.google.com/rss/articles/CBMiuAFBVV95cUxPVDNrQlFBUXpNNkNiX3Z0ZUxCWHFwRnZPQ01VUHZFZkhRdGdnb2wtUzdNNXpxWEtybVl0WnFkUXRtdFFZTHpoYVJnc01HQ3FnOUR2OGFEZVFNNlhzSFloV01raXdXX3QzMWdaVF9EckN5SVVTRmRsZVhBQU5jUEhiTGlzb0k0Wi1fVlZEN3JEb1p5ZUYyY1dnb2VIQmhGTnRhbEJVejhJVllhR0NfWWRZN3BZeDBWMFJ3?oc=5,stage1,"unverifiable_publication_date (truncated stamp, year not recoverable)"
552,a7fa780ae3d6466be72feb65c7819bf9,Marcos rolls out P20/kilo rice in Cavite,"Thu, 03 Ju",Cavite,PhilStar,https://news.google.com/rss/articles/CBMilAFBVV95cUxPSVNFWW5pY0Z3aTdQZGVRUFhuSGE3RWhJZ0NTYzFhaEpHcjNnYU1QakFJS0pUUzItZXB4SjNkazRLYWpVc1U1eGVMaF9WWTE4VGl6cXZzaGlNQWVrdDJhZ0R3SUR0cmNCMnVrYjNrMmdTR19jeFR4N1ZLMnlCWVh4ODFURl96WE5GS1BaZjg0WTgxRmph0gGbAUFVX3lxTE42YVFRMWJlZl9hdVRrVzQ0SVVQSk1qa2hZN3NJbnlucE9QSFRlalZUeW9DZkpnYkxDSUF0dHVUaFAyTWo3Mmk1cFVJUFFtb05XTG9jOXJfSktXVGxSMXZrZEhORURDbVA5X0FhXy0zQkNCMHREdEJQTk5ZVS0yOWFiYjJELWtmRWc0UnFSWVFoVmJIU0lSNUp1azZ3?oc=5,stage1,"unverifiable_publication_date (truncated stamp, year not recoverable)"
553,d1c9558ac479a380d67cc9bd000ae30e,Cavite barangay gives kilo of rice in exchange for kilo of plastic,"Thu, 07 Fe",Cavite,Philippine Daily Inquirer,https://news.google.com/rss/articles/CBMipwFBVV95cUxPQ0VRcUR5cFZKdmJWY1FxYnZVY0tCUUJVSEVud2c4SDhFcGdSYkdPNzVPazhKV21wOVpwZm5ZNXUxSHYySkItV3R2blBCM2U3c25TQ2NzSzN5UXVCcElFb29NRUNwYTU3OVpsRmVMY3VIUXRMbUVjX05ZQ3FZNmI3UXp2QS1jTUZrbkRaWXB0N1duRzBvT25ndUdtemhmWkQyNGtseS1IRdIBrAFBVV95cUxOZDI5NDFuUW9xTklNZjZMQUtSQk9vUFVVY0NjMy1ta1ZhbGhuc0lISTM4T2lTUlo5RjNKUXp3N0NOd2xtanVkWnFmOHhVWHZZVDVEWkszMklhMGh4Q3hOUmU4YUFWWWUtam5WeTlpeEY3emNuVE9pSGxBVFZZOElOZnRYQmVmRjR2RDZIcmxoWU9IWUg4a0JyeE1xV3JFQnNZa2pNRW1QcVhXdzZX?oc=5,stage1,"unverifiable_publication_date (truncated stamp, year not recoverable)"
587,601a4de71ba83d6a46d1e603dce4255e,Gov’t expands subsidized rice program to Cavite,"Wed, 02 Ju",Cavite,BusinessWorld,https://news.google.com/rss/articles/CBMipgFBVV95cUxNOFZLUlVIS1BhZ0FISk02LW9TUzB6V3RTSFN0cUx2TGg0ZEY4X0l0b3dzZW0tdFFlc3B0NWRfLVFYVFljNUstdGhMZkxCdEs0WjBxZkZVRDIxY3lVQUlfbXQyNUNvN2NpSXhYajd4TXoxS1czQ3lxaW4weVFhN0lHcHVyMlhpSkRCTGhzTGhsMGdJaGlqX0N0SmRZR3ZDdTdVVDNycXdR?oc=5,stage1,"unverifiable_publication_date (truncated stamp, year not recoverable)"
588,a4bd0ca723c59365f4e0dd171442fc3f,PBBM launches P20/kg. rice in Cavite public market visit,"Wed, 02 Ju",Cavite,Philippine News Agency,https://news.google.com/rss/articles/CBMiUEFVX3lxTE00S0FQc0NsdnZKc08xVGlaTDNLeEdNV2lWRTNRRW5QWkhPck5USk9XaVFic1hxYXlaT2V4V1JNTE4yc2lyUGtyUGVSRlZiRks2?oc=5,stage1,"unverifiable_publication_date (truncated stamp, year not recoverable)"
589,a58856fea132ad05d3e780f75ff2e6c5,El Niño Cavite rice field,"Wed, 03 Ma",Cavite,Philippine News Agency,https://news.google.com/rss/articles/CBMiS0FVX3lxTE5oRGxRR0J0Rks2YXV6V3JQTHZhVXotbmE0b2Rrakc4WTg1LXVMWWpDSHc3VzNGdDdEMWFydGNxUk5iQWF6ZXNKN2ZoVQ?oc=5,stage1,"unverifiable_publication_date (truncated stamp, year not recoverable)"
605,947106c70a9a400a6e6c74d0dd841f42,Habagat floods force hundreds of residents in Cavite to evacuate,"Wed, 24 Ju",Cavite,ABS-CBN News,https://news.google.com/rss/articles/CBMinwFBVV95cUxPTVpXd3RhVkdfNWpocUdtOTQ3OVFhVGIwRjh4ZEQtR2VSY3JZT0NYQUp2Ymc1alNRTFlBai1rMFQ2UHhvckV3eGNNYWtBQUdoR3ljeFlrNkZjMGx5WmI5eXVtQlhic0RzaE1lZ0RoNGlWbWhkeFVlNFBOM21PRHBfMmo5RjZkVnQxTGtFOVEtTzJLb2h6YnRCOU5fNWt4TTQ?oc=5,stage1,"unverifiable_publication_date (truncated stamp, year not recoverable)"
618,b59267b49346760dfa6ae3966b5b89a5,Biñan families receive vital rice aid through Local Government Support Fund,"Sun, 19 Ju",Laguna,Philippine Information Agency,https://news.google.com/rss/articles/CBMiuAFBVV95cUxNWEEwRVh2bHk2eDZQYlhhZXRvai1Cd2JMYWNTS0xKNmk1Q0ZnMGNGSmNCR3lmNG44OXhXMzJ2R1U1THdoZkNLdTIwMVo5blktbGNJVWF1NTdqRDlicmtWaFpDN3pJUFA1NnB5bEpOa2RCS3pkemhYeGRnYkpubHg2MkpRTDRVakRBZUFUajgwOEZhMHpGaWM3OFJJUFdHQ0dNbGcybUNYajA0X2QxU2lhZVY2WGJGc0V1?oc=5,stage1,"unverifiable_publication_date (truncated stamp, year not recoverable)"
620,45402c9b6943cf72ec82d86c78d23a97,Biñan’s Local Gov’t Support Fund to be allocated for rice subsidy program,"Tue, 07 Ap",Laguna,Philippine Information Agency,https://news.google.com/rss/articles/CBMinAFBVV95cUxNMFRLSldaTDZKXzFRajdHRTBrU25JcGlkNXhwQVRacklIZWdxV053cnc1eUc5dGN0MlF2NWRnZHBhbXpabjNwREpwYXRqX283anpram1HQmhxbFZUbGpPTmg5ZktQUDN1Z2kxRUEtVDBUWUxRQXZfNzNZSTY3TjE2ZWlXdFA1TkpBTzBvYTNQc0NQZkZocHNFRlN1RnQ?oc=5,stage1,"unverifiable_publication_date (truncated stamp, year not recoverable)"
643,629c4a0e4b1d4135789ebb046bb32b70,UPLB seals partners with three Laguna municipalities to advance nutrition program,"Mon, 08 Ju",Laguna,University of the Philippines Los Baños,https://news.google.com/rss/articles/CBMisAFBVV95cUxNSm5IUVVCbEg3WDB3bVN5ZFJOU1YxRldjUkxQQTZMQ0k4em9ZbU1zZ2Z4aXU1aWdQYVY5cThvVE51dnBKNUsxU09YZVFJNUFjUVVweUFNVTVRODRkR0NrMm15WXA5MkZZYkFkVFlGbmZpOWZTZjVpVUI4R1ZzZUJYa25fWEd0Y2RxTFhGY2pWR1pHWEV3clE0UElJUE16YVVHRmc5TFRaRHVnbWNCeEtDcQ?oc=5,stage1,"unverifiable_publication_date (truncated stamp, year not recoverable)"
646,0c2726d2163c46da69b63fab6c9dbb2d,IRRI rice genebank in Los Baños to receive permanent funding,"Sun, 14 Oc",Laguna,FlipScience,https://news.google.com/rss/articles/CBMieEFVX3lxTE15YV8ya3E5VWpFT09CdkJyYmNGNkUzYTRFa290ZUpmUU0tY2hsS01YajVWNHNjazZldmFqOS1aX0hhMXptMjdjdU0xQ1d3WE8tbXctMlBXem1yYXk5dGFFVHZzaTFMRERnczBmMTFnNkpybnpHd2VfNw?oc=5,stage1,"unverifiable_publication_date (truncated stamp, year not recoverable)"
680,75e1efbce69e2b70c85069e69579f096,Santa Rosa in Laguna to lose P80M from Honda plant closure,"Tue, 25 Fe",Laguna,Philippine Daily Inquirer,https://news.google.com/rss/articles/CBMimwFBVV95cUxQaGNuclRITmVsZmMzV09OSzNJNkt0c1U1RE9yU2xEUEgtMklQeDJoTlZheXAzNXA0OXhWcE1BRmtIeGlKYW40bmx6b1IzdTFselBqZXdwQWxBZE51X0paSGQ3T0RkYzR5dG84eUN1cmZ6SG9DQXB4eXJScXBUWmxPa3RTWU82a2pCR1IzZHlmMml0dHdXcnUyVElyUdIBoAFBVV95cUxQeldNajFiWmM0ZjlRd2xqbHZ6RDI5YXdtZkVhV0pPazFsOTVnUWFta0FhUHBYeE5jaXVYUngyN3UxOEJyb3F4eGZvR0RnYTJVaGptbjhsSGNYaFRNRzZkdkVvQ0J4YkNHVFhzLWp5NFdpcWFOa1g1ZWdEWXlLZUpTRlFLRmUwSGx1VFg0akZFaVAwVm53RmhNQzE0V2FBTU9f?oc=5,stage1,"unverifiable_publication_date (truncated stamp, year not recoverable)"
724,2297e8482f5f52ae5461e01087b13b0c,NIA continues P29 per kilo-rice program in Laguna,"Fri, 10 Ja",Laguna,Philippine Information Agency,https://news.google.com/rss/articles/CBMif0FVX3lxTE5uS3lYSXU0MXFILURjWDRyLWJfYTFBUi11b2xBZ3ZJcm8tY2J6dXhFN2F3YWlUME9HckMzRDZIRGRIbFBKSW1nMHUwa3VSUHd2UHh5dkQ2RFFVaU9TUlNEN09iMWFPdFJLZ3BWcFYyRFlFSXF5Vmw5WVFtN2E4bTQ?oc=5,stage1,"unverifiable_publication_date (truncated stamp, year not recoverable)"
733,9d988c4180da6d098544980db0e69a4d,Locals in Laguna town enjoy cheaper rice,"Fri, 20 Ma",Laguna,Philippine Daily Inquirer,https://news.google.com/rss/articles/CBMihAFBVV95cUxQU2FsRTYxLVQ0NFFLUC13em1DVW5VUDMyWjJ1dGNwME5iRXVMQzB3Mkc3dEkxM0xQa1VMLU1lZXJRZnNWVlYwNHZpYXZucUVoMVl2RnROU1RQTnVVNkpEbkRCbm9XTEowMzB0NWRWM2FUZXBDY2VmTkpzOVkza0ltVVQ4V0zSAYoBQVVfeXFMTk52a3VHbnVUYk83b0x0UkVtMUJRb0tneTdERmpKS2lLSGdKZUtwU3FaSGZ5NzlCamFlNTJMVGxxcHpaS083dHh6MXU4aUFNR1M5TkN1RTZDX1phalo1Y1lqNEoxa0N2Z0xReFo2UXNhdG9ydkgwVU5BNG93T3NDdWpqZnVMeUpiU09B?oc=5,stage1,"unverifiable_publication_date (truncated stamp, year not recoverable)"
734,ae17a7598a543ebed0a1ad8ca3f6575c,Take a bite out of Laguna's sinugnong tilapia,"Fri, 21 Fe",Laguna,GMA Network,https://news.google.com/rss/articles/CBMioAFBVV95cUxOalNqWWxzU1pkdDZfQ1hVdVhMWU1RS3VIYm1vOTR6Rk5ZMC13dzJpcFVFbWVlM0J0RlVQSmpVM2dfWkFGMzVUN1JXLW5WRlFmVHY1Z1pFbWlrQnQ3Ym13ZnpyWEJ0U184aW9Fd1ZzTFAwZ1d2WnBHUzN1Sl95clcyM0V0Nkh5MF80RS1uWEtOdUR5aW4zSWd6VjRCOUlsdjdJ?oc=5,stage1,"unverifiable_publication_date (truncated stamp, year not recoverable)"
740,9249fabf2b2c23e29203c66e1fee4c95,"Laguna gov’t expands food assistance program to aid more fisherfolk, farmers","Mon, 04 Ma",Laguna,Philippine Information Agency,https://news.google.com/rss/articles/CBMioAFBVV95cUxPVnJ6aVdRY3pUOGVEaTQzZEp2TDl1TGRrZzlYc3ZsUUZTZGpLZHZERVcwTU1vclktcVAzVEJtbHB6MHFlbzlDbVRmVVdkRTNLcWhqd3hIM1pRMl94eTFWdTIwWmJyMjNqZUVyblFDZTNWUU9sSVJQLUtiWE9fajJSOGFMbkI4YldodlZMUjREMTNCNWFxVTViVXZWNjZmQ1l3?oc=5,stage1,"unverifiable_publication_date (truncated stamp, year not recoverable)"
744,e83eda8fbb54691959ef6701271b69a3,Laguna rolls out district-wide pantry to boost food security,"Mon, 13 Ap",Laguna,Philippine News Agency,https://news.google.com/rss/articles/CBMiUEFVX3lxTE1yd1kwS19wMmhTUW5yRGMyZEd5bXgwbEZvQ01ZY0dudzdzbHlyUjcxZ3BReXdHOU1HS25xVWd6TG5CWTlKV042cVFodnJFT3pL?oc=5,stage1,"unverifiable_publication_date (truncated stamp, year not recoverable)"
751,5eb7a482e4446096f15c46ec3b7199d4,Rice straw biogas facility in Laguna makes use of waste,"Mon, 24 Ju",Laguna,Rappler,https://news.google.com/rss/articles/CBMihgFBVV95cUxQMGRsMHdDLWFxWkxkRkZFM2s4T3ZOOVllazBpeTZBYUctcjY4RWtNSXRJRFlEakJjM09VMEFIYk9uYi1SaFkzUjlrT0hWOU5INGNTYmNIUU1YUVFjdm1fMGNIekFzTkROT3Nodm1NNEdGeUVCeTZHbmNHY0lZZWNVRG4zM2RUZw?oc=5,stage1,"unverifiable_publication_date (truncated stamp, year not recoverable)"
756,9c0661489992586076ca0a706a644964,"Laguna farmers, fisherfolk build online selling skills through PLDT, Smart-backed Digital-PINAS","Sat, 06 Ju",Laguna,LionhearTV,https://news.google.com/rss/articles/CBMiyAFBVV95cUxNSjZ1RlQwNlc1RGdtaTRpTE9zM0NReVE5SUZBdVpkaDJmR2pLUXF5NGJRS2VWTEdUMl8zaHMxcVU4Si1KTlNPNjZENVowSE1KNFBiYWJEVkdBQ1R5N1kxaHp5bEJ0MW43QmhsSm1FX2FpUWU0X2h1bVJOQ1pZNU9oakVrWXJNOE5YVGxoUWZIVzhfQzIwdG96ODR3QjZaWWNEcklVQXQ1XzNUYzFwaXNWNXlxN2dvTmZBc0d4RUd5bEdjMk1CT1NyZA?oc=5,stage1,"unverifiable_publication_date (truncated stamp, year not recoverable)"
768,2ee5e1d09038f9a3bc85a1f6dd104193,Flood damage to crops in Laguna totals P410M,"Sun, 02 Se",Laguna,Philippine Daily Inquirer,https://news.google.com/rss/articles/CBMiiAFBVV95cUxONVdqcnVnbzJtdmVUY1lvakhTcjRFN2J3d1dWWGwxZzduQ1RJem1USnhGdF9Namg4ZGdicWJuTnZCZWxNd1dwZm9jZVM0MVp2RVdqaU5RWFJ5Umh0N2ZQQWxyMU9CaDBWMzZYbF9pMXBfZDhaeVhsN3ltcXo3eDZaamlKY21BNlNR0gGOAUFVX3lxTE0wYU1UWVY4SDIyM3hyZ3NVLVJGSG9wZjJXdlpZd2V5UHZEZTNhbFZkc1dFQndvcmt0bkhsR3RiZG44c1FBekJ0ZXN3bjhkYXZFYVY5OHFEWHRId1lxenJBWkNxaUpYQVVLaDB0eUhzV0dzWHN0SmRPaUloaGEwX25QTWJuZmpUMlBJdE56cHc?oc=5,stage1,"unverifiable_publication_date (truncated stamp, year not recoverable)"
775,075f1213deea8975931556602429db57,Beneficiaries of LGSF rice distribution in Laguna express appreciation for the timely aid,"Sun, 19 Ju",Laguna,Philippine Information Agency,https://news.google.com/rss/articles/CBMiywFBVV95cUxPSVV6UzdZdm84VEN5c0Fpa0Qxa3FZZjdfTUt6Zm9FRk1pdTI4Rnc4enBtZU9nMHhJbm9nYm5PbXJhQkY0WVlRRHZDc1F0WVpsdUxDbmlYZVVudmNnZUZ5dFhCNGxIZjZiZVItekM3TERBYmxMc1NLX2tZWWhGUkh0c2VFTVdodXRpS1FvUnJZZExQWnNGdjZMeDRnUUswckJndlk0RGY5LW1hUUZ5RnJZbnl6enhJZW9UYmtzbWUzR3lXTE0wY2NSTnZhTQ?oc=5,stage1,"unverifiable_publication_date (truncated stamp, year not recoverable)"
780,721e9d3fa6b12edadb5a7a9c136d53ac,IRRI showcases drone-assisted rice farming to Laguna farmers,"Thu, 05 Ma",Laguna,International Rice Research Institute (IRRI),https://news.google.com/rss/articles/CBMioAFBVV95cUxNSXNvTVRDamZXemd0MTcydTJ2T1g3ZHZuU1dwNEZhMlp2Y1UtVGphT2I0cXVybEVrSklwSjREVW9lNUJGY2NJemtoeHpWRHA5aGFPeExWcGFUd19IajhpSkxkTF82Zi1OTjlaRGZJNzJ4N0NoZWlnT2NUSEs4eGIwMVhFZEVaSllVdlExRDlyVEU5WGRwY1VxeHktX0Y1OG5Y?oc=5,stage1,"unverifiable_publication_date (truncated stamp, year not recoverable)"
785,ca5a7a1ad928343409b1477ddfc521f4,Solar-powered livestock farm rises in Laguna,"Thu, 16 Ap",Laguna,Philippine Daily Inquirer,https://news.google.com/rss/articles/CBMiiAFBVV95cUxPXzJ3V1hrX2hQaW9oNWJlYl9WeE1ZZDNJVHN2TVMxeG1faEpTYWFqUlltbnpxN1RlTE1NMThBdUxoRXd2UW0yb2lSblNWSWtwdXg5ZmJGdzR1Q3FsNkU2Y1RQTVBCUWphRWNTV0V1WkFmV3E1UHVuVklhdG5YX0dZcWdkd0YyeUtQ0gGOAUFVX3lxTE9IT0JjN25sSms5WWRwSzZxemV6VTBRdWMyU3c3NWxWOEVNLVl0LW1MSi1fSUlQZjBiT1N4QmFEcUVPV1NQdzdIUC1hOFVuMEdabzdzbmtOT0tyVjZqSmpiaFBTYXhZYjZJSi1KeFF0SlFOUUhkWTNzVWtjU1ZCSVQ4RW9aYlVMYms1Z1N3VVE?oc=5,stage1,"unverifiable_publication_date (truncated stamp, year not recoverable)"
792,62f32b3fef725fce97a29d9b5d60e7da,Laguna town flood evacuees return home after four months,"Thu, 27 De",Laguna,Philippine Daily Inquirer,https://news.google.com/rss/articles/CBMimAFBVV95cUxQUGswNmZEM2FQUnJLN2REUlBwX0tUNDJza0RrNDBmb19DYmJtZXZ4cEI2NWVaZU00ajNuQ2NGc3VUdzFqV3piT0pVZjFNRTh5YU0wU0ZxY09yR0FCUWpyb3Z6b1drX2lwXzFFTzZ6TXZZdDRKSlFSa0s2ejdXc0JhVjFjM0lGVjNvdklya1dnNEpDVVMtVFR2StIBngFBVV95cUxQX3l1TlJZeFVOMUx5T1llamo1aklRRE9wRUJsU0ZtQkxLTWNNekZsZU1raXd5N2Y3WEMyTHlVODVvMHdJS1dCSlZQNzFzZnh2UVVKMjBxWTV0VWZUUmMzUXBscVlEZTlvZXRHWnhtRDBSOGR3Z3lONUdSem9hS1pkTGgwRlU3UjVhcE9FcjVrRjU0ZWFFZUFRU1hPTzh2dw?oc=5,stage1,"unverifiable_publication_date (truncated stamp, year not recoverable)"
799,92a8c4694cde8cda025d7d4f7c9c0e23,Vulnerable sectors supported by rice distribution program in Laguna under Local Government Support Fund,"Tue, 07 Ju",Laguna,Philippine Information Agency,https://news.google.com/rss/articles/CBMixwFBVV95cUxQMmpjTDNLa19IZHVjQ21makxuQloweDBnOGtUckdPR3VHVnM3MTFmZURjTVprNFBwT0ZxQWVmZDFJcjRLenZta3dtMDhRR1B1ZUMyWC14Q1JvQXFpU0lMZHZMQ0hwbXktVWRRdU5vWUpxdGZNRHRaQmFzOFBzQXNFcExiVldiYkZCc0tUdzlXellEcWdSVXJZNVdwVUI2QlFLMS16RWhhcmMtVHdhWXg3NHFlSWtiQ056MFBRcHUyYU4ySG1oTHpR?oc=5,stage1,"unverifiable_publication_date (truncated stamp, year not recoverable)"
806,6764bd90933132dc24001cf44f3fbb38,'Kadiwa ng Pangulo' opens retail options for Laguna agri sector,"Tue, 18 Ju",Laguna,Philippine News Agency,https://news.google.com/rss/articles/CBMiUEFVX3lxTE1ESmFKbzVOU2RMaUM2VEVqRXJvcFVhZ2pVSjhoYmIwZTZ3X0haN1d0d2JnRXVDUFgwREw5bWxnWUlWX0I0VUpIbUFVcHA2MHhH?oc=5,stage1,"unverifiable_publication_date (truncated stamp, year not recoverable)"
813,88c96dc1c9eeeb36e45e58337cf5fafb,Ateneo Biologists Confirm Invasive Fish in Laguna de Bay,"Wed, 02 Ju",Laguna,Daily Guardian,https://news.google.com/rss/articles/CBMimgFBVV95cUxQSlVVS3RPcGNNM0swWDdyQTFNUi1OYm5sbXcwT29NSHV6QUpOXzBSQjk2clczTGJlS2ZVcmYtMTkwcHJVNi1XaWVxaUVWNEpWOXk5YmszYy1tTnpSSlBrTGlvckl3cWdueHo3a05PeUJKajB2aUFET2l4VE15RDRrYVhuWTBZWlIwWk82dGoxVXZvalZBOFItY2VB?oc=5,stage1,"unverifiable_publication_date (truncated stamp, year not recoverable)"
817,44c0e57082e77c7ceddeeb06ab0d63b1,"After lockdown, fish kill hits Laguna de Bay","Wed, 10 Ju",Laguna,Philippine Daily Inquirer,https://news.google.com/rss/articles/CBMiiAFBVV95cUxPdzBXeEtsVnNCUzlXRlFXclExZ19pWl9udUFyZ1NLLU5lVlBUVUV5NWVrMHZkUnRURG9YZGVITTNxbmJnZTIxR1lwc1RQNm1hWGRoVWxoN3VCUEI2Ykw5NE9JWkExcFNpUkVIdlJyQjBndGtZVFdELUlidG9Tbml3WlRiUDhLaWRL0gGOAUFVX3lxTE1qejlNTHExQk5hMmJDRW1xZmNQa1ZPV3hFWFpUc2Q4VzZTWklhM2NGbXJXdGZXa0JMbFF4dmwxOWMtdzlkT0VPMDM3bVZUdXlSckMtVDdtaUI1Qk1vUFduaDkyT0ZzWjN5ZDExbTFKOThjRlBUdi1KRGZYLW95ckdnY2VjcDc4d0JWcW9ZSWc?oc=5,stage1,"unverifiable_publication_date (truncated stamp, year not recoverable)"
818,feab994a60f3d4f6b62c5ee90b874c28,"Laguna gov’t, DSWD extend food assistance to families displaced by storm Maymay, Habagat","Wed, 12 Au",Laguna,Philippine Information Agency,https://news.google.com/rss/articles/CBMirwFBVV95cUxOSElZaDhFSHdlNHQ1eGlXam1DQ2JydUE0UVR0eXZibkNQZk0wTktVOWxVbHVtWlBNVEhMSG5Tb3paRVo0eUhRUUZ3aUFna1d0REJseUlLUHhCLXVPVndnRklHSHAxWjlRWGc1Yk81bndpaU14VHhmM1lxOXZyZkxvWHNKM0ZUSFdHTUV4NHlJZjBzb19qVkN4NWt2X3B1dnNWZndZcWlEdllQSzNpUFl3?oc=5,stage1,"unverifiable_publication_date (truncated stamp, year not recoverable)"
824,9d54d451a17b9173df01aeb730b5d966,Smart farming innovations presented in Laguna to boost rice output,"Wed, 22 Ju",Laguna,Philippine News Agency,https://news.google.com/rss/articles/CBMiUEFVX3lxTE5hNDBZWDgzY25ZUndRdng0b3pxbzVFa3dKa04xQ1dpV3ZNRTFGRHZVcE9scXpINFFhNncwTDVHdk5BeHZpdkhlb1daOERSTVot?oc=5,stage1,"unverifiable_publication_date (truncated stamp, year not recoverable)"
825,55f5250a99de2526c0cd21e0416ddd30,DA strengthens science-based fisheries management in Laguna de Bay,"Wed, 22 Ju",Laguna,Philippine Information Agency,https://news.google.com/rss/articles/CBMilgFBVV95cUxOUU5iVnhLeFc0b1haOUlGWUIxMUJ0ZzBleUJoWi1lbTZ3TkJvOGxCODl0MXpCalpEUzVZbVg0SlVGSnl3ejZPTkVnRDl3TVdoLU9hX2xxZ1JVbnhhTzBWcVZmUndJM2NBS1hta1dXaFhjUXVGQlg0WTJCZlQ4TnlILVFNTWNQWDAwaU05Vml5SUM4YmoyakE?oc=5,stage1,"unverifiable_publication_date (truncated stamp, year not recoverable)"
829,cff738e0ea2eb3a6acbb841417d201d5,"Rice aid, P20/kilo rice program expand in Laguna","Wed, 29 Ju",Laguna,Philippine Information Agency,https://news.google.com/rss/articles/CBMifEFVX3lxTFBkM05sN2MtWFhoNFNZb2NwYkh2ZGpVbkktcVBaXy1ORUJLcDVGdHVTWXZLbjNnaGZlaGFSNXJpMXoxOEc5eS1ZQjFia3VMYzF5b2JEYWxqVGk3eUVnbWwwRzF2WGlQdV9jUE96T0pudGxSbFYtRW1kR0E5bmE?oc=5,stage1,"unverifiable_publication_date (truncated stamp, year not recoverable)"
847,7058dd70674b7204d75f9cea3603b90c,"Tropical Depression Luis forms east of Infanta, Quezon","Sat, 01 Au",Quezon,GMA Network,https://news.google.com/rss/articles/CBMisgFBVV95cUxNOTVMZkxZMTVtX1dNX09ETlJVUXFmUDU2WTBCd2NYaFFoY1NxQXJHbGZUNGhfbnN0b2EtTUs3MldKX1lrdmJyWllSTDhiTnJFOERCUVpxRzhVM3Y2TGM4eWtYeVYxc3UzaWNnSVkyVGJaRXFpSy1MelFtVnB0d0E3NVRLVnNEVm03Si1jamFvU1M0cEtnX0J6N2NjcEx4V24zeUNodXlvN2xpcWR0VGJrNmR30gG3AUFVX3lxTFBmMmNwaFJidTRhRC1pSlA2elIwbXJEanJ3c2pSb2JyRldPUjhfUGZhdUtGdmQ3Y05nYzZBZXZ0OUNxYXFIeF9QYlhxOXE2MGRyQzNSVmJaMW1nRnEyYUxHQmFoR0FrR0dWSFVSZXRISkVhdUZUQ3dUVERJRUtUU19BX0t0YzhVdTRtekhCVjYxSkF3cXRxMk1UdEt5Q3o4NjdFNHhaa1NhNFlhTFBEOG02Z0k4REl3bw?oc=5,stage1,"unverifiable_publication_date (truncated stamp, year not recoverable)"
896,458ca6e201034d10727ad3c29a0a99ee,PBBM Brings Rice Aid to More Than 52K Lucena Beneficiaries,"Wed, 22 Ju",Quezon,PageOne.ph,https://news.google.com/rss/articles/CBMihAFBVV95cUxNaWsxd2pZaThvR2ppN3luVktabFptTThlRmgtRnhDWm9KNDJSZm9vR0ZMNVZ5dWV3d1ZiRXdhRUFKc3NEYW9YdmZONzNhUklqUVJyZ0dsb2RlR0d1ZXMzUUJUM2txYWpJNGhmUGt3WW5FejhhQ3hmQXd4TjBVeF9QRWhXano?oc=5,stage1,"unverifiable_publication_date (truncated stamp, year not recoverable)"
898,0aa989fe9f0e53961c4a9b1171e442c4,"Over 4,000 individuals hit by Typhoon Aghon in Lucena receive food packs from GMA Kapuso Foundation","Wed, 29 Ma",Quezon,GMA Network,https://news.google.com/rss/articles/CBMi5AFBVV95cUxOdEFPbXhiakVTTnFlMjJCS0VablJIQUt6MHZTWkJaMlhzQ011akVvWGtIYmJMd08zd3dOU2h4MnVJWXZUWTFjdDd2dDB3Y1UwRlVNX0Uzb0ZxOUNHQW9PUWMweUVxU0xjYlRzeUQtTDE4cUJrSXQxVU1WQm8ydFVkNjFMWXVnekRXQUJESi1xRGhabUJrRlBmU254QXVtUFBuM0tPNTltVlJSWGV1MDFRZTRlSjc4Skh4d3BtUHM1ZTFjQVBsdWNHWjRZaERiZThIMTg4a3lqLVBsbVhVNXNuTWZqZGfSAeoBQVVfeXFMUEhnbkdCbEExd3hWdG5NNzViTXBkSHBXaHJ0T08wQV9fSzV4UUVDdDZreXkxcDhwNldiLXdWLVF4VmdlTDNjT2lkME51QTQwcFhFdXBFSGZ5VTNTcjZKWUFvcjQxT1Z1ZjdhMHpVNnd0Z3ptNkJVcks1NkdhOHpwYTRNX1UxYlZnNGxGcEt0NTBFMnNiN0xqdmpKR1Z0NGFEYjNWWGdBNERZQy1mUUxLeVNXOTltOUh5cEdSOXU3ZmswLUFCZklfZGVWaWlVOVZsZkNCU21PbjU2UjZYM294c192eDdzbExXYTdn?oc=5,stage1,"unverifiable_publication_date (truncated stamp, year not recoverable)"
918,e057a096efbf38ab8639b912fd0d580a,Palace sides with 255 farmers in Sariaya,"Thu, 20 Fe",Quezon,Philippine Daily Inquirer,https://news.google.com/rss/articles/CBMigwFBVV95cUxQak5xb1NLc2pwR2s1WDdBeUd3ZmZWX3VuZmUxWm1JRHR3ekxrMUwza08tQ215LTMxdTczQWtXcnI2YWE2SVExNGZxcHFtRWpmc3RaUGxyYzlIVU1tOXlDSFNBaVdhajM1ZGhjc1ViaDNHXy1JYndZZDBRc2dZQXYwLWlCSdIBiAFBVV95cUxPcERjVm45WjZCZjZWczFwTFN2X3pUQlJPSjJmbzlOVnZHQ3NaVmM1Xy1zaEtZRGh6NGN6YjJGc0NFcV9FemRXTXVFQjQxUVlleDJiTjktbVNranVlR3QwSkdybzRTZUZlVy15U21JaENOZXJZcS03LUZmN1RaR1FsSm1UTlhobGhI?oc=5,stage1,"unverifiable_publication_date (truncated stamp, year not recoverable)"
924,c05efa989e26d2fa6cdeb477ff0dffc4,Tayabas City kicks off Nutrition Month observance with 'baby race',"Thu, 04 Ju",Quezon,Philippine News Agency,https://news.google.com/rss/articles/CBMiUEFVX3lxTE1jRlh2LWs0SjhNdnpsbmlZVVVoQ2dTTlJWSVBDQm9WRVk4QVdQSXFpTFpVeE10MzVFVHVwQm8xQTM2WXpKeGlpNm9BY0xQQ3dv?oc=5,stage1,"unverifiable_publication_date (truncated stamp, year not recoverable)"
959,5dc687d5bd866879487d43139e1a1eb3,New irrigation system to aid Quezon farmers survive El Niño,"Fri, 22 Ma",Quezon,Philippine Information Agency,https://news.google.com/rss/articles/CBMijAFBVV95cUxPLWNoWHFCNUhMaGQ1M18yYWdSMnRHdU42X3pZekExM2ZwVXA3TzF2S2dLNUdKYkhCUExlTFFrYW9ZUDVzNWpIclhhNnBOQzlxeDFwVWh3NFY4R09ibDBnZmVuZi1UMGYtY0xQMFFxWVFTU1oyeDB5dzk3NHlYR0Q0R0MxT1RNQUVMcFh0ZA?oc=5,stage1,"unverifiable_publication_date (truncated stamp, year not recoverable)"
964,018ee732204187de4b96b1da6b4a72f4,Heirloom rice varieties offer Quezon farmers an opportunity for growth,"Fri, 29 Ma",Quezon,Manila Bulletin,https://news.google.com/rss/articles/CBMioAFBVV95cUxQSE9qWUtqMVhPTFVtbjA2U3dfTUY4STB1UzNhaUJNeDNpQWQydGlKd0pzTElkSnMyRlV4WDhVVk5ielQ1YTZxREp5bnM4M25KOERXdWlPb25WZGRIdWRtR0lUWHZqd21Iek5wYTlxYXNEeDBoa2w0bEFTX1RHV3JjWVVwUE8xUl9xbGRZME51TlpjbVdCOF84YlVKcGx3LTZG?oc=5,stage1,"unverifiable_publication_date (truncated stamp, year not recoverable)"
978,b747ee05dd335f93170637ea95abbc84,Vitarich renews deal with poultry subsidiary in Lucban,"Sat, 22 Ma",Quezon,Philippine Daily Inquirer,https://news.google.com/rss/articles/CBMilgFBVV95cUxQMWRtWDlDeDYxVkFOVGNSVjhoeU96ckJiMkpIek56OGNzeDhnY0ZNODBHSV9jTkQwTmlrS0NxVlEtdHBVVFFxdU51dVduaVJDZUFVT0xfVFBKeXZ4RmRILWM1UnUyMnQyLXZiY0Fud2xRdkloLVcxS0dONHhraVkzWU5VTjgyQ2JubkZ5bW5GUE9tRjdpNEHSAZsBQVVfeXFMUERkVmVhM2dlQXVJdnhUYUhHcVpuSTZrejNzSlJhaDRQY2UwbXRTNko3U3diN0ZlbVFmeFFGTDRwUnhpSzUxT1FPcTJRbjBGNjVQTG5QNTRiazJaanlhaElsS21VUUdrRnNFVTd1eExzSkFFc0dkWk53NnJXV1JWNEt1VzlCekpoUWF1RlE1eGFDVEpINU52WFVFVDA?oc=5,stage1,"unverifiable_publication_date (truncated stamp, year not recoverable)"
982,8d23ea419466893b4d045c07d8eabf08,Farmer hurt in Quezon hacking incident,"Sun, 09 Ma",Quezon,Philippine Daily Inquirer,https://news.google.com/rss/articles/CBMiggFBVV95cUxONDdXSFBxYUM5bWx6Tzl6RTVQQmFVS3ZIUnZXWk0yZ1hrSFVlLXVmLVFDeExZZnlwRHNIcUxxVWRsTFpLT0dZQTJyWlFUa04xZWVfM0I0ZW9QT2dMTnlMYkJWaGJFOWhMNEViQ0FSNWxVUGxNQTBwV195cVZXOHdHTWFn0gGHAUFVX3lxTE5Jai1BbHVqS1JHLUxBWEFGbF9iN0JOazk1RGlYYmgzakhNYjBZZ2VnRjZCZ3RvcEpMMDFvaVhmYmwtc3c3ZjBXZ0JZSnE3bEtHc2oxS2dMaDkzZEVocUc0OXk1cl9WY3dJVDhHMi16N1BkSktZUXdpRW1zUGFKcG1XSFd1XzdNNA?oc=5,stage1,"unverifiable_publication_date (truncated stamp, year not recoverable)"
984,638f363215fdf4a0b9ca78b734506b3e,BFAR probes Quezon fish kill,"Sun, 17 Ma",Quezon,Manila Bulletin,https://news.google.com/rss/articles/CBMiaEFVX3lxTE9kaUpvVHpVNWJOLUtOSFNNcWttOEQzMVJqQVNyQmNxN0lqdW1qUFdMbkRUR3ZvNU91Q3BDMVRYc2RSNlQ0c25DNVloOHIwTEdwelFRY2xkSlF2T2V2VzROSDY3N3UtWm5v?oc=5,stage1,"unverifiable_publication_date (truncated stamp, year not recoverable)"
986,e4aff8ebf3e8811e6dddc2175e7de5d5,Quezon province gov’t turns trash into rice,"Thu, 06 Ju",Quezon,Philippine Daily Inquirer,https://news.google.com/rss/articles/CBMihwFBVV95cUxNWTRsaGV3RXktcWVOeVJrc3JBUDlsUGMwUUpydFAtWE5weVg5TDd1TVpWVldyT21yU2pIV0JvcmtPSVFSX1lVZjZhbDMzZG1hZE5EdU1QbXg2ZnFtVjE0TjU1TFVaN3VlWkx6S1BucHRxbVhKWkVZLXFzeDFUck9mY2tXaVdjZXPSAYwBQVVfeXFMUDBBamZFSkFEbUJicDlyR1lRUFctQldQWjdZOUV5bXo5UHFBS3NoR1pNcVBFUDNsYU1lLU11WVNPVk9uYUV2MGhzVWZ1cW5HZEYxR3RnN1lvbVZaYklGbklzV3lueUNjaFk2ZjNSQlcwVFVWT1hlclA0M0ZqRFB4MmNnRGVtVG9EY0MxRHQ?oc=5,stage1,"unverifiable_publication_date (truncated stamp, year not recoverable)"
992,47b82e91e3f2d2785104b63946c0d94e,Rice for trash project gaining popularity in Quezon town,"Thu, 18 Ma",Quezon,Philippine News Agency,https://news.google.com/rss/articles/CBMiUEFVX3lxTE00NWUyQVFvVkhnM2cybktrcE41bGZYcTg5MGRRSUdHS29TY3U3aFRrQjVXTGtUYkdnRWpRLS1oT2J6aVgzTkg5N1ZseFh3NGtf?oc=5,stage1,"unverifiable_publication_date (truncated stamp, year not recoverable)"
1003,7f91666badbe3f847b4e025eda3396c3,Lightning strike kills farmer in Quezon,"Tue, 09 Ju",Quezon,Philippine Daily Inquirer,https://news.google.com/rss/articles/CBMigwFBVV95cUxQMFY4VUp4cWd4Q19aQ0ZjbVctUFhXU19RbU1QQ3MxX3R5d0NVZ1gwaVU1NjJTOERPR05YN0EwZGdkRlJnakVjZnNTRVNfUU9kRjAwRl9WOTJ6TzJhRS1kYUFfY2xmcy1uNHFreERScTIzcjhrMW56U2daRzVvSTBrMGk0VdIBiAFBVV95cUxOMkp3eDFibGVxUGJWT1hoNF85MW10YktZTXJmbmhOWG9lN3lqb0FheXo3MHp4MG1VZGdMMFg0ODZwWVJIdlBMQWlOSnB6SjBfZFFnRWhraXlwYlFXMTJSTkl1WlU4NEVMY001NzFrSkl6bkc5Q0Zya2RBSmpiQ1BxY3lHREd5X3Za?oc=5,stage1,"unverifiable_publication_date (truncated stamp, year not recoverable)"
1016,68be2255fb4249532ebc4a46d91df5e0,State of calamity declared in 19 areas in Quezon due to Aghon,"Tue, 28 Ma",Quezon,GMA Network,https://news.google.com/rss/articles/CBMixAFBVV95cUxPVEFGMHBBclBOY05hZEZscGxzUG1tX2lSVVRYTGJtMTRKVUVmU2NaLWlUYjJaZF9rT3B6V2ItRG5BSGtnNUtFQ0N1ejg1dVlFZkVDcU5OcUhIRVRWajRxLVgxd0tQaDVxaWJyUEp0cHdFUzdybjZiVlhXSFNRbEUyY2t3ajRlOFZ2SkY1MDRDM181NnRFc1o0S0U0NFk5MklNOGVLSUVHU3MyQ0JTQ05QakotNXZSYmVFZXNZTW9oSjRCbmd20gHKAUFVX3lxTE94RHFLUHVyeHhPVE45OEFRSmRRY0hUZXNWcDB6TE5aQi1XRkw0Q2R4U0RTNkExNWpsNGJubFR2LVRnQUtmMkFZdnFwd1dZNTg1VTNjV1F5Z2RUek9aMmdzMFpYdjlDcW03c3h5aWxUekV0VFhDY0ZkODRacDFhQmNnQVgzai00bDNCcGNpS2NBVURwVTVXanJ4WHVYY1Z5blIxZzlZOVAtUjY2NWJrNlBOXzh0VFR5cGJTQ1RGcmNEVk1qcVRpVm8zb3c?oc=5,stage1,"unverifiable_publication_date (truncated stamp, year not recoverable)"
1028,33fc6ba717b746c19fb7547a5606ceb4,"Marcos distributes rice, scholarships in Quezon","Wed, 22 Ju",Quezon,PhilStar,https://news.google.com/rss/articles/CBMimgFBVV95cUxQMWZSS0VURld2T2xqS1Q2R0lLRkJ3cjQyT1FpZW9LTDFHSGp6bmtoQXY1LXlLWGF6ZUZqN2RZZXQwTENLZmFCemtocG10NGx6MlJNWVRCa3FablhLVFhwSjhqMml2cjd1Qk5Oak1hck9lcnIzN3A3ZkNmRnpJSkgtUld0RGJrNmloaU4zVExNRDM2Mm9wZ2YzcGh3?oc=5,stage1,"unverifiable_publication_date (truncated stamp, year not recoverable)"
1038,077d8949e3e733e6a7dcff24f9340a19,Van containing sacks of NFA rice overturns in Antipolo,"Mon, 10 Se",Rizal,GMA Network,https://news.google.com/rss/articles/CBMiuAFBVV95cUxNbGwzb25LVHdKNlpRNWtTRldwLWhGUWZqVEZIclBRU2hUbnR6MjF1WldGbVFmTVlOV1ZDZmdTQTFvUE5zc0pUVlZUVHR0Rm16eEw1ZGthNjI0VTU2eC1Nb1EzSTlpM2xWVUZWUkJiNXVSMlFISkVyTFZuVmpTTEVDSmhhRk5Od2NhVTFMcG5Gb2s1eERBM2RvWllwMEVvSVRaXzVRU0h6cHlCa3RYandvQ3p4Zmx0VDE50gG-AUFVX3lxTFBYYVJhdU9XXzVESnhSZFgwVm5yWWZxYU1Za0ZUS3MwUWJqQm5sN3FMaDJEMlpQRkV4elZPa21aT0hKNjNuZnFmNGUyUzRyUkFRdUhRN2F1ZDc5ZVl0ZkxUc3haZDlXcU10ZFJtQkFtVGVra0g3NC1QZHZRMFRqZlc0eHIyRFBKZmtwUlc0M1VtM1lRWXU4OWlmQl9FanZOeERUN3RaWjM4MlFTT0g2UjdIZUxCOHA2aTlYRkNVWVE?oc=5,stage1,"unverifiable_publication_date (truncated stamp, year not recoverable)"
1041,25b24e9561d2db2ab62844aea9e802d4,"Cheers, jeers over public release of photos, names of residents with excess ayuda in Antipolo","Thu, 27 Ma",Rizal,Interaksyon,https://news.google.com/rss/articles/CBMi8wFBVV95cUxNMU42VzQxb3Zpa1FqZTdJWmlYSkJGdjhQLWc0RDZCU2NlcTY4VlhYaGdrZE51dHVHVWFUM1M3QXZUMU1ybFpTdjRGSWxvbFlobHdJRGdLaTQ0UzR1a2h2LTcwYTl5UmhXX0JXQUdhM0hBM1lDd21rOEZiUTR5SncxWk1ZeF95b2dSRlFrTXZtckZ5RFVaSE9sa1FCdTBKVTliWUMxeF9OSDBYOE5vd01rX3ZHOS0yekY3UWY4YS10MDkwMFFHVHFfRFpBa0tWZ1lWbnRmRDJxcEJ1ZDFUbHJWRTUzVThDZ2FZNEFZVXZfd0VTZU0?oc=5,stage1,"unverifiable_publication_date (truncated stamp, year not recoverable)"
1042,89f974405ce7f912e67579d5187d9e28,Ayuda ban takes effect in Antipolo City,"Tue, 03 Ma",Rizal,SunStar,https://news.google.com/rss/articles/CBMifkFVX3lxTE0wQ2ZJMHJ1VlRHVWdJV0wzV1g3YkVvUnNKdG85R25ZWkVzZE9NRWpmNFBfaDVWZVh5eEE1UUt0YU16RjhZSXBXT2J5TEdHLWVEYkhTN1FTd3I1Wm53TVZNLXRmUFkwZVVZVVA0TDg3ZlRSdC1SMXk3QUJ4TGdZUdIBiwFBVV95cUxQSVctbnIxUW5MNXIxV0ctdUVlT01WelMxeHRlVWZodHZ3cjdXSjlDLUI1a1lmdG1QUDduR2UxVVZzUW1xUm1KUXF5OG9mWlo3cVgyaDNDeDBHWEQzQndtMmZ6Q3dlYl9VX2dqRm8yU29xWDd2ODhxcU0xUDRWVl80OEw5TkJGWVppbURr?oc=5,stage1,"unverifiable_publication_date (truncated stamp, year not recoverable)"
1058,30ce2d26d72ee72b72785777a68ea77b,Food poisoning downs 111 in Cainta feeding program,"Sun, 02 De",Rizal,PhilStar,https://news.google.com/rss/articles/CBMingFBVV95cUxQNW1BZUZFR1c4Y2JrcUZ2eXk3UUFWQ2pWZjUwRkZsQUpnaUtqbEhTci16bzBoRk5CWWVQeUQwZlkyYkxQZHp6aFM5TXpqQ0tUd1hJZ0hlMUJZcENBREk1cjF4S2EzQ045dTNnNlBNR1JCeTRFa0p3eXVIRmRnVFJQX09hNjFtRDhScXozY0VEM19FVHNoYWtSbW5tTzR4QdIBpAFBVV95cUxOaUprRGNQVUVnZjUxOTJDRUpXMk9HNkRyQWdYMFlwRVdmTVYtMVRPdnhWZHZOOHBNLU1DbnM3alROdnY1ODlyR0lyVW1EN1RzWXhlbndoVnBXbjFnVENuZUZ5VjZNRHVTSDhzb3U0SmxNdkpBNUZILVJFVEdHYVp0UjdpN1JxTldhaEZHVF8ybkNtMnBTV3E3M3BCdFFCWjVONUNqUA?oc=5,stage1,"unverifiable_publication_date (truncated stamp, year not recoverable)"
1062,10c827610476d19164db3916be807efb,KADIWA CENTER IN CAINTA,"Thu, 16 Ja",Rizal,Philippine News Agency,https://news.google.com/rss/articles/CBMiS0FVX3lxTE03dEM2Wm02el9EM2NQNzVvSlRZdGlJZjJCUUlITXJ0TlJxelRSSmQ5d0FueFZ5M210Y1ZkdEIyMkhyc3Z6RU5HTlZyaw?oc=5,stage1,"unverifiable_publication_date (truncated stamp, year not recoverable)"
1110,663d1a11bcc049ccf808ea7f3543f7b7,"Rizal PCSO, AACs distribute relief goods to flood hit residents in Taytay, Rizal","Thu, 25 Ju",Rizal,Manila Bulletin,https://news.google.com/rss/articles/CBMiqwFBVV95cUxQUExmUjZlTGF3OGplZmZvajlEdnNDa0w3SHdTMXNwa055YlRoelFSVERnWWpvVEJIcVlvY1FVaDVPSjlYUE5ZVWpMbVFIRDdOaEtKc1EwRjVGamZtTDh6YV91Rm0wXzNJX1hEN0RNMHU5d002dzY0X1lKZmN6R2NnWW1MXzJyUUhXVXF5UC1XT21XM255Q25ZTFRHeVBEX2FVVGNrb19KWjdUak0?oc=5,stage1,"unverifiable_publication_date (truncated stamp, year not recoverable)"
1148,94d04e75696c6a6c76f5bc5ab17e274e,2 siblings dead in Rizal landslide; classes suspended,"Thu, 06 Au",Rizal,PhilStar,https://news.google.com/rss/articles/CBMipgFBVV95cUxOMEpjUGRSektiajBrZDdENEItWEZxbVJNTzl6aXJKeHkyZmZMdTBxM2pIMHF6NmdsQ0I1ZXo2cmUwcC1VdVJEVzVfTE04R1BzYjJMVGxXcW04cjV6NTVTRTdfa180R29nUkU5Qjd0VFhmZmdQa1gtbXRKcHBxejd1b2FsUHRyZmdEUml4VW5FdmxudHFNcmxOLWRDdnRnc0cwaEJpVDN30gGsAUFVX3lxTE5fZVBOeGxmUWdFbkJVQkU5TjVkb3ZFdVAxa1NIbEE3X0RpTlVSRGpkX2ozdnl1cXdhUWdXWlZWSXdZU3pEYnZaOUE5YllxNnk1N19LTm96UWVTd2Y3bW9hM2x1TFl4ZHdSS3pSb1FINmNkRFF1MzdBOTIwdk5VTHNxVGtoNWtFT05yQlJjNmxpWFFCRmV6b3NTaWNteDZDak9xTXNHSWtPcVBSZ3o?oc=5,stage1,"unverifiable_publication_date (truncated stamp, year not recoverable)"
1149,0bd681b95716e97b3372213370ade6bd,"PBBM visits flood-hit area, leads aid distribution in Rizal town","Thu, 24 Ju",Rizal,Philippine News Agency,https://news.google.com/rss/articles/CBMiXkFVX3lxTE40bzhnN0pSVHB1eDBPSlF4LVJuV29oUEVyWlRDZlB1bDlQaGxrazdUZTFZa19SYUVJMlZoNVlPdjE3MG10VmkyNEdWbmZBN200SDRobmhfX050ZUxhQkE?oc=5,stage1,"unverifiable_publication_date (truncated stamp, year not recoverable)"
1159,bfd6a3a7da882a086aaa1a7d0a1fad5a,Rizal rice farmers benefit from DA-4A support for improved production,"Wed, 12 Au",Rizal,Philippine Information Agency,https://news.google.com/rss/articles/CBMisAFBVV95cUxPM2JxaFZleGdUZlVRdDZMTXE3am9BTmtPSjlOZzJtbXI4REtldGlQRTJiSGwtb1hKUVhSVVlRVXdreURSNjF3SWhSYnpZd1ZBVkhnZ3VVdFVoeWtWYzdwMHNtLTNYRUdkYjU4MjdtY0NJMHFLNVJ0SXpSNnlTOFBqaDR2SFcwRnRsLTBDaXhXYjVDdGhGQ1c5eHhzbEdST3E5RGxZTko5RFh0QjdudjdfeQ?oc=5,stage1,"unverifiable_publication_date (truncated stamp, year not recoverable)"
1161,3b3de2ad419e654437585dea0623029f,DOST launches feeding program for children in Rizal town,"Wed, 15 Ma",Rizal,Philippine News Agency,https://news.google.com/rss/articles/CBMiUEFVX3lxTE1qYnJKdGxFRVN5d3YyUGxWVVFyMTJwTEFPVW5VM0ZEOFhZWWhYbHdGaWZPOWtSYW5fcmRtZ1cyb290NW03cVItQkEwWms2MF82?oc=5,stage1,"unverifiable_publication_date (truncated stamp, year not recoverable)"
11,5f2d4ab28df7ea29ac933319cb1c9538,Batangas City launches 'eat pinoy pork' drive vs. ASF,"Fri, 04 Oct 2019",Batangas,Philippine News Agency,https://news.google.com/rss/articles/CBMiUEFVX3lxTE55VldvSzRPVi1KVUdFd29ZS0dUdTRTaXRiUG1aMkxBdm9Oa3hKQmRBRWxCZzJkM1EwczY2RVpRXzEwdFZxZzlFV2Nzemxjbjk2?oc=5,stage1,outside_study_period (2020-01-01..2026-08-21)
19,74cd5b06b5fb87a058d3ab0cb5505ad2,Calaca farmers slam ‘bogus’ land reform,"Fri, 21 Feb 2014",Batangas,Bulatlat,https://news.google.com/rss/articles/CBMif0FVX3lxTFBkR190UjJySUhXb3Q3RTdYRlk4NTRmWEdNRHF1dkg5Q256ZWUwQVdVdDJwWkZCYkxXLVRObll1dV82bk1sWnJ3TDhJZlFPY1hfVm90d1cyS3loUFUtZE4zWW1KMjVVWnRWYVA5TWRWY0lKSjBJaklwbFNuOWt1Rm8?oc=5,stage1,outside_study_period (2020-01-01..2026-08-21)
24,37195d2603bc41dd37c458da5ab042c5,Calatagan farmers start fencing land vs mining firm,"Sun, 06 Jul 2008",Batangas,GMA Network,https://news.google.com/rss/articles/CBMitwFBVV95cUxQOXJZNjc5akFSRXFldDZJSlQ4YnRsZVZUS0NHSGtGYWVuSTNHamZYSmhhRnZqTU1hV0xyTnR4eDlLNjFySmNPa2M1YlhoZ3NwOFNHVkpCMGVJQUZkcEpDXzZvSVR5WGRYMWFOSWRkNXQ4aC1FMl9XTHJHVmRLZ0NPM3JYMzY3Z2dhMG9GVEtSN0tMUHZRNGFiQV9laHVTM1dsaUVtNTJ0MWtLWlgyTjlGVHdYZmhkaWs?oc=5,stage1,outside_study_period (2020-01-01..2026-08-21)
31,d2d67c7b0a219c50a5b2fa37ff23cad3,"'Worst' fish kill hits Taal Lake fish cages in Laurel, Batangas","Sat, 01 Jun 2019",Batangas,GMA Network,https://news.google.com/rss/articles/CBMiuAFBVV95cUxORllyRXFHdmhpV082S2JXWDFQbF9pYnl2MGpiV19wZ3JZbmh0Uk9oaUdHVkpFX3NiU3dpdDFfSzh4V0ZOY1FLeEI4SFRIcks2dnRraHBUYXVXR2lqYV9QYW1uVWFFeUZpMmIydWMxRHM0SUxwdW9Ca3RFZGNtOENaYjJEZ194SzBoVjVGaDhibEppVHJRaTJlTk1JUDVfV3BoUnEwX0owWnVkTi1zandKdXYtdXVsUGZH?oc=5,stage1,outside_study_period (2020-01-01..2026-08-21)
43,04fa0e3e9e9909941d5bc2d662c40799,"Lipa, 3 towns allowed illegal fish pens in Taal Lake","Fri, 10 Jun 2011",Batangas,Philippine Daily Inquirer,https://news.google.com/rss/articles/CBMikAFBVV95cUxNZDFSUGp4SU5QVE9WOGpPRmZSWFNtZ1pKampVbkpCa2VHWUNOSXpKbGpQSm5GTUZvSWtJa2xIR2Fkb3BxR2VfbmtmajFITksycE96X0U1QWlfbVctVmZFdVZhOEtyaTJmY2xNZzFsclAtNHNSZ1FCZDNJd2Qzd0FoNllicS1OQmdtRldLY3lZbHjSAZYBQVVfeXFMUDkyalY1bEhtU1ZjTkkyd2hGaExZYk9ScDRZSU1SUGpuYWpEUHZJdnQ2YnVyQWhhbFExcDZ3VkJoZDlCMkZ1VlpNeDlFbUNLWTJkc1RyenJlME1JR2ZKQTFJVm5Ia1dRb2wxZ0JjeU1qU2tacTAzRDJnWndoaGplMGxvX2tYdkR4RWlXNnZjZXVNSEllTmRB?oc=5,stage1,outside_study_period (2020-01-01..2026-08-21)
44,0359f0b89226889cbc0b27810f9d679c,"Fishkill in Taal Lake spreads to Lipa, 2 towns in Batangas","Mon, 06 Jun 2011",Batangas,Philippine Daily Inquirer,https://news.google.com/rss/articles/CBMimAFBVV95cUxQTHBWYndhd2NPbkZjZkxTNWE5SjloMjBYZUozc2hhLWhOSFRVNkl4ajAxOFRGSnJOTWxTeGJyUHlGSWRaYVpENEE0VHY2ZXIwM3pVeVRRRlE1c2dvR2R0QmRSMkFuMFFHU3ZsMGxKVWJSX1FlenFCVjVUcnlZdDhzUGtrYTdqcHlSdERJUGlFZlRlWENxR0FPWNIBngFBVV95cUxPdEdVU3lPOVpwSkhVTUVfblFQcEZ6UDJqZi1xS0RVeGthM0JrZDNLY1VodUl1OHI1VUpTNk0zRUxDNGFUeVNEUFZkeDF3OGNkRGFUcldrcmJPeGJyTlJjNUVKNTNibUUxQl9acUpLd19YTE9aR1VySUpVRHBQQTh1cDNIcmZzLVdLQk5peEFObG9Ic09DbGlWNl9Qc0lpdw?oc=5,stage1,outside_study_period (2020-01-01..2026-08-21)
71,0b3ba25c300f4296b952d2416e63b8cc,Sugar farmers oppose URC mill purchase in Nasugbu,"Wed, 29 Aug 2018",Batangas,Rappler,https://news.google.com/rss/articles/CBMinAFBVV95cUxOeWNndktfY3RYcXZsVFJEeUJzRENGd3RXQVEyX3hHdjlhRENBX0g1dzhXVjJJUFFzWlhMRldMd2tUU1prZ1JUQ0JwN1c5U2RLVkhabzF1cUhvaWNaV24zLXFOeVR0dTBNQUFnR2lxb2lPZUdQOWVtUGpZOTVlX1BOZlRDUUhvZ1JtQ0NoUXlMZFJLVkFXbDNfRE56TDI?oc=5,stage1,outside_study_period (2020-01-01..2026-08-21)
100,595261bf7f75e0894c7fef86a2768cf8,"Sulfur upwelling causes fish kill in Talisay, Batangas","Wed, 30 Jan 2019",Batangas,GMA Network,https://news.google.com/rss/articles/CBMiuAFBVV95cUxPcElHNTM5UUE5TmhQQm1yMnpmaVBjRUREQlZwRGRRaC1XR1VSS250STN3V1E4MkVHVnJ0STdnQ2p6R1RyT1ZWa1owbEc5T3dDb0M4YXp2UVdfQW83NGtQSUQ4cVhoYUtOT3dFenlDRUdzVEYzNkJzMHpCS2cxeEUwUFNhR1BMVzA4WGJKT25OZ09sckZnUERGN1BPeU1kNkdsNUNvQU40SDdBV0gwTkVqTklERVFObmFz0gG-AUFVX3lxTFBhUEY5bVFjaC1vNl9xRDFpajBueFFyZ0pOVUdvY0hRZHU5cjMwYTg0QkJybU5NN1JJSjFHd3o3TTVqd1ZVVmRQX0UyODJaMmUzdkU4YnFydjgzZERKdHdSUjVvMzg1VHBZVGVURTVydVMycVAzenJkcGZrWWJxWE5YYXhzQ2J1OWxhRXFvcTNjdmhrblZmYVVVT2RJcVFfLVl3ZlZMc29Ta0tVWHJMckk3c1hHaWRpV1hjZjJQdlE?oc=5,stage1,outside_study_period (2020-01-01..2026-08-21)
101,3b28e4f0fce04eca1fe432a16006cebb,Tanauan City gov’t to probe low-quality rice Christmas gifts worth P10M,"Sun, 07 Jan 2018",Batangas,Manila Bulletin,https://news.google.com/rss/articles/CBMipwFBVV95cUxQY2hUYjdlbHNyR2U0T2hmc3hHYWdIX3FjLUc3RXNkbldaYXM0Z3FZMl8wSzgteThJYW1LTVlQRjduazQ1UXA3V3VnMUdJTW9QQUhPb2l6WGhyNXdRaEhSbTlObXd3SkdmXzFUemljMFVwSVY5YXc4Q3pPbk9MSHdhajZjSjh6MkhzekszUnFVWURvSUFhYlRDclZMc203SVJvN0pMX2xZSQ?oc=5,stage1,outside_study_period (2020-01-01..2026-08-21)
209,4393281ca4982cedfb0000485ebfab6b,Climate change takes its toll on Taal Lake fish growers,"Fri, 06 Jan 2006",Batangas,PhilStar,https://news.google.com/rss/articles/CBMipAFBVV95cUxQeDZPWVRMRlh3ZkxZcUVvanZhRFREamdzZTl3eDJwSkx3VEljUFRrTnlTck5UNWFCbGxRTndubFhRUzRBNTFtc280U2hxSzBDVUlUNEZqUlJPLVEzNEJjNXZfemZVcW5YcjcxLTJPZFlLeUVXRm1CeVhCcU1hekRfc3dBZG5EZ3Bsd1N1R0FZYl94OW1uQ0lFdjB3bUZUalNWYTl5YtIBqwFBVV95cUxPR2VSODByRGFnMVlKd21LMTNDaUNKQ3dYZ0hGTFg5bGo0ZGx5bk8yM0ZBckZyeE5lNHRiM0lEVlF3ZzFzZUw3YTBXUjZ5Qk9JU2hKeHR4azlFYnREYXlSckFhQjVZdTN4UlUxNDNjS2hqdmMtcnlZSnFhQWdFcmVpUF9TNEdLQktiUE5WcmROZkpVN2pPLWpQb3JsNUFRTDVNUXIwMExLWFgwdkE?oc=5,stage1,outside_study_period (2020-01-01..2026-08-21)
218,d1b58c5fd776774424124ef7dc4fef1b,Batangas farmers to be trained on best practices in veggie production,"Fri, 12 Apr 2019",Batangas,Philippine News Agency,https://news.google.com/rss/articles/CBMiUEFVX3lxTFBFWjFFcVlPS29IQnd3YXg0S2lFcmFhakhubTNjcklfd19UcTFReVdQakVCNGRwZF9GRU1Qa1JQTU1PWTliM19pbTRoNmtCaGZh?oc=5,stage1,outside_study_period (2020-01-01..2026-08-21)
240,835d389d65d5986ab30003e8cfb55edc,"BFAR, DENR intensify fish kill monitoring in Taal Lake","Mon, 03 Jun 2019",Batangas,Philippine News Agency,https://news.google.com/rss/articles/CBMiUEFVX3lxTE1pUDViTkVpaldUN1oybmJ5YjI3UEl6Qllxa1ZjOG92Y1RsbkhSUHF1dWNFTXBRcjI2ZVFFcFBwcGIybnNrVDhXM21NdjBRSjd6?oc=5,stage1,outside_study_period (2020-01-01..2026-08-21)
241,fbdd8369a3ceb42254dfd125ca6222cf,"Duterte orders agencies to monitor Taal Lake fish kill, mitigate effects","Mon, 03 Jun 2019",Batangas,PhilStar,https://news.google.com/rss/articles/CBMivwFBVV95cUxNcF83ZGtZTk1sa3ppQkYzbzhuX3UxUkFVUDJGMzJ2NEhZaEE4V05UOS1WRk9HLUpxX2J4X2otZ2k4dUJjVThkZmxFUFdjbDVaYWlPTkE5U0JPdzdhRG9DODJncHZ6YV9VN0gtSGd2UDBFRXlCbGMyaHhxVkp1TTJ6NGhzX2V3M3JvenJoWXI1ZVFwUURLRGx4a0lfXzllNHR3ZGc5V3hNaHZLelRneU9qVzlTNWhRdXJBdVBtVVI1Y9IBxgFBVV95cUxPTmxwQXpLSWZmcUFiR0tDaEFIQ2pWMmNnLUFGWDNqeTBFa3ZLR19NUGJiaEJ1bTZKYW1YQXJKT1hEeVlCeHh4d0JkVVZVc2NVOF9HYjljRFhoS3ZieExFLXZMOHlVTVRsZV9PbDlVb0Fhc082cWU4S2sySG5iRzRaakR3X1huYlN2OU5HN0huMTdGdHVob2N6LXZ5WnlHU1JZazVVbTZZY0FTQnJzNXNOU1NuSXA0TERLY0J5RE5tQlJNSVA0R0E?oc=5,stage1,outside_study_period (2020-01-01..2026-08-21)
253,fca024c6c843f34919e6ec9f728f298c,55 Batangueño farmers leave for agri-training in South Korea,"Mon, 16 Apr 2018",Batangas,Philippine News Agency,https://news.google.com/rss/articles/CBMiUEFVX3lxTFBFRzlja2UwYVE0QXFraUNOemQ0T09LMjlzODNyNUxzSGhlYVV3T0UzOHVJTEt3cl9pRG5nMkVGakxBbzV4S2E4NVdRWWJjTF9T?oc=5,stage1,outside_study_period (2020-01-01..2026-08-21)
254,0f12acb62a9744b6b4bcc489be05667d,20 minors rescued from Batangas sugarcane farm,"Mon, 16 Feb 2015",Batangas,PhilStar,https://news.google.com/rss/articles/CBMilwFBVV95cUxQbFB2X2dRQmlxTi0wQ1pTUmJ1UkRIN0tibWI3dDc2cG9lZXBpNGcxNGxmWHU1a2N3QUtjTzJwSDBxYkloU2hBYkstOWNCUG1VaG02TUpxUTB2eFNSZzc2REFZLXJaMXVDdVVPOWRaaUNWdmNJSWd2bGNqNHpoUEkwRUhqNzFCMGJVWGhiWlRKTGFOdXZxQ0xn0gGeAUFVX3lxTFA0Wl9KTThUY0dMRzVaemVNUTEwQ24zeUhfZ0k2TW83eDNpX3VvUUZJQ2kwRElUbFZYLWt6OXNrWV9KNFlvdnVsZHVDOUZSX3loTExHSXV3RktnTlRLSk42Q1pzRnV2UHRNaVI4Wko5QW40d1VkbU0zMEVXdWEzSGhUZUpKOWU3bWxuT0Y4eFFHTkZLSk51RnVLRm8ybVZR?oc=5,stage1,outside_study_period (2020-01-01..2026-08-21)
262,10da26876b8ba857bec0763455f61b91,"Sulfur kills P10.5M worth of bangus, tilapia in Taal Lake","Mon, 20 Jan 2014",Batangas,GMA Network,https://news.google.com/rss/articles/CBMitwFBVV95cUxNM2Z1RWs1NFE0bEVXYUhLY0lyQlh1dG1rTDVEY3NFSkR2MDNmTGpNd3p6cXRQbDVoUnQ1Wkp0QTRRWm0wR0p3bFpBWGxCc3lOQlFrUkN6ZkMyR3FhRWpPV3RCMms5VWtlakdoZ19iRTdJSUFOTU51dGJGWW5ESmRYSHlyemFNUUNmNlFVX3FLZ1BWV1NiU0RJZXlmUUh5VWJXcjNUVUhqRU9OUkY4SGRCMS1PZmtOeW8?oc=5,stage1,outside_study_period (2020-01-01..2026-08-21)
269,87c80ddd3373a6fa057017dc48e39c03,Nutritional status among malnourished Batangueño kids improves,"Mon, 30 Jul 2018",Batangas,Philippine News Agency,https://news.google.com/rss/articles/CBMiUEFVX3lxTE5OYUVxWjdwUlZUMEtsWF9VOUoxb2h0clMwYm1BYy1mcThneGd6WWdnZklMYnZwV1pwN1JFdThqVXdSeEdWdTZyN2JJYV9JczhG?oc=5,stage1,outside_study_period (2020-01-01..2026-08-21)
270,cf937d974227d444821e4b84f8bd65a1,Rumbling volcano blamed for fishkill in Taal Lake,"Mon, 30 May 2011",Batangas,China.org.cn,https://news.google.com/rss/articles/CBMib0FVX3lxTE1rR3pvbnl2b2hnSGNuNDloNjh3YjlCQVprRUhhX2lQbFZBQTZhRkFGQlY5WEM1UFJvS0NEX3R1ZEtkQkM4M3piT3duT1BmVzVDTzdZY0ZFcHhvdDZHQlpMVjY1a29LWjU0RnFOR3JSYw?oc=5,stage1,outside_study_period (2020-01-01..2026-08-21)
272,f022b6016d66a45633a8ef4c77a5546b,P12.3-M tilapia lost in Taal Lake fish kill,"Sat, 01 Jun 2019",Batangas,Philippine Daily Inquirer,https://news.google.com/rss/articles/CBMiiAFBVV95cUxQTTYzX3pIUk84TV85OTRVb0NmcGJHRWJQS2dSZHM1dWlEYXRJSFFYSk1ETVRqb1I5TmVHWnVOMnd2ZlJZSF81U1hTYjFLWTlUSzdtV0hzbElONmFOUzRWT2FrR2d0M1pWSWZIQW9icm5JY3dZREFkR1lITUhocElZTVJDd1I3dlFo0gGOAUFVX3lxTE5QcURiODl5LWNEVTJHVzRscGF5ZkJ0aDFwNE5sNFdmMmQ4dGl0ekJFdHA5YkRxaXZxNm1mQXRIM3RmWU1PSFlJNzRYRENrN1Y0V2IwdGRuR1FzVW82MnQwaWZ1RXB2cklTMC1GU3JsdzQya0lPX2Z1VGx4TXdUR2tMOFRNMlpIZFkxUmdZM3c?oc=5,stage1,outside_study_period (2020-01-01..2026-08-21)
273,2360885c8bb0867406ec3195dd1aa36f,Fish kill destroys P42.9 million worth of tilapia in Batangas,"Sat, 01 Jun 2019",Batangas,PhilStar,https://news.google.com/rss/articles/CBMiqAFBVV95cUxPRXd5eGp3ZVhZcmZ5cHdyS2p2emNIWUFwM1NNR0JHc1Y5X3V5SF9sMWNnVU9QbVZCNURYU01CejA0eHBiSDRkbnN4QktNZUNKbERtQjJpazZPaHdoYjg5bzBrcl84cTBpS0JobGdBU3FGNmNzWWxqOEgwNk1TSnRwVHB4QkZFWEZWRFRUcVVjU0o0SVhtLWFieW9zNlNRVzNWb3VVOUV0YW_SAa8BQVVfeXFMT2JHM3BocEN0UkwwS2JlcU1TeHl2akRJUEdmVGFaYU51UkZzNTdOSzl1Nk8zTUdqN3I3ZGdWbHhVQnZhbE11bHBjUXl4SC0wN3gtLXNjZEVyZmhuNnBkOVp5ZVBNODVpMjJRWE5xWWlodzF6UEhJQk5aR0JzNjFIODZFSURWT1FkWEZ2ZEtoVVBpRGw0M3l4eGl0cm5FZnZOc05PNjdSUHJXNnNJeVc2TQ?oc=5,stage1,outside_study_period (2020-01-01..2026-08-21)
275,d05bb580f352c018c3ad3cc02090487c,Batangas farmers assured of yellow corn sufficiency program,"Sat, 09 Feb 2019",Batangas,Philippine News Agency,https://news.google.com/rss/articles/CBMiUEFVX3lxTFBCSWZJZ3pSQ1B1OTZod1RBcFhDQzN3TlM4Nldkb2EycU9Pa21YSnlpRnJZTGRQV1dXWXpKNkFTb2NBNjlMcE5sdUdUVHNJZnhB?oc=5,stage1,outside_study_period (2020-01-01..2026-08-21)
279,7781d7d3a68841f30485c3453ba8bdb4,Batangas ProVet beefs up info drive vs. African Swine Fever,"Sat, 16 Feb 2019",Batangas,Philippine News Agency,https://news.google.com/rss/articles/CBMiUEFVX3lxTE5ndkgyVEhYZzM0MU90bUNIaXFLTUdYblNfeVBQTmItQ0JpRmo5bTRIanRXQTVtTlctbWVPZEdsZXJ4QThqU0Q5STRDS1AyS0RW?oc=5,stage1,outside_study_period (2020-01-01..2026-08-21)
281,9cfc87a3ea0ecfedb3f008019838f479,"Batangas LGU bans entry of live hogs, meat products","Sat, 24 Aug 2019",Batangas,Philippine News Agency,https://news.google.com/rss/articles/CBMiUEFVX3lxTFB1N05kMldKMklPNVpUYzZyUjJ2dWZiUE9wX0hkaHRnRWljYjF4Rk9FUWxkd1FGckxKOG1iODk0Y0o3RU0xY0NLVXQ3ZnZDSVUz?oc=5,stage1,outside_study_period (2020-01-01..2026-08-21)
283,6bce41c08f39f6c931ed4b258f88c189,'Farmers Day' showcases ‘best’ of Batangas agri products,"Sat, 27 Oct 2018",Batangas,Philippine News Agency,https://news.google.com/rss/articles/CBMiUEFVX3lxTFBPSDBObTNWNzFENzQ3VF85b0l5OWxmS0lRbHRyOG1yVXlvYnhmZXhlN016VVNVWHhvaHBOU29sLTNDZGJBZV9vbUJqZTRhcEM0?oc=5,stage1,outside_study_period (2020-01-01..2026-08-21)
284,04011b7d398477f570541b47cbf43563,375 tons of bangus lost in Taal Lake fish kill,"Sat, 28 May 2011",Batangas,Philippine Daily Inquirer,https://news.google.com/rss/articles/CBMiigFBVV95cUxOV2hmdGpxS1NOTGlsNmxIRXdwV2FUN0xZeUQwS1hRaDZuRGQzckdXTFA3NkxGUDZPazcyZGRIR1dJUXctRFljMU4wNVN6NzcxNmE3OWh0dGFxXzJZdXh1ZEZ4UUJTUjFhMVBmMlpQMzdwQzJYLXdVQjNySnJPUmN0YVFzaGJmWWNNR2fSAY8BQVVfeXFMTjY0OXhQaHpEOWttdzZZLU96Nll4bUR3OVM1RWc3cXdkVFhNV21VNnhlRzllTXlVVHBHeVRVNEtka3VXS3R5ZlQ1MDBPbWhyZUlIUXRsTUxNSlY0SW9vUm5uMFNVRDdxc3BuRkVaTXhKLTA1TzdnU3o4TC1yTEZ5SUNuWjA0ZXhEUl9aYlRnQTg?oc=5,stage1,outside_study_period (2020-01-01..2026-08-21)
287,8c8cca1cce6af93aaa92e0fbaaca5241,Batangas fish kill damage hits P42.9 million,"Sun, 02 Jun 2019",Batangas,PhilStar,https://news.google.com/rss/articles/CBMimgFBVV95cUxObloxWk53NGtHRC1Ib0hxNXdUNkRYUHFpdGIzZFhCemVFcVNmc3lIRnl4VmVWcG5zakI4SEdLcGVBN1FmZTVTaWdEN2VYYnFTX1h5S2Z6MFJjUmh2SFdrUTNKLVZpcVdORUlOSGswWkdFanI0SnF5LS10UXVaVGhVR2ZfLXllS3h5MGFoZzJLSHg2NG0ySzNhNzF30gGgAUFVX3lxTFBkNldFZzdCSjNqNTNCaWJzQmxKX3Zfem16NDdiNmNwOHNnMXBMaVZHQ1JPeU1TUjE1MGczUWJibmc2TnA4dkVfVC1QdDlSQWlQSjQ2dDhUczJtRWlOMjhham5ob0hBOW5NRzA3NE9TaHZ2YmdkOXp0RVJJZ3VpV2xMTmJOVWdoalJlVDlZLUREbm83elJLbjl5aE83VzhUaTg?oc=5,stage1,outside_study_period (2020-01-01..2026-08-21)
300,75198c0ea380e3f94667544ff06b7f54,Fastfood chain stops serving pork products in Batangas,"Thu, 07 Nov 2019",Batangas,Rappler,https://news.google.com/rss/articles/CBMimwFBVV95cUxPcUZST18yTzVnU0FDaFNXZ2E2SUNlVHpzNjhVMjVnb3Q1b2VwZGlMal9MbFlEMXNEU2NjaTFfOGVsRmV4SVNWd195SjVyVnk0V0F5S2RCc1k3TDdqeUNqZ3VSbndybFdFSEJwSlVid1NXRTNpWnlERjZESzBBczhVSjV0QzU5aFNoRjN2clFUX1AyaFFqRHZDcU5nRQ?oc=5,stage1,outside_study_period (2020-01-01..2026-08-21)
304,b4597830092b7b600d56d0d2a7d11c95,"Pig’s death not due to ASF, says Batangas agri office","Thu, 10 Oct 2019",Batangas,Philippine Daily Inquirer,https://news.google.com/rss/articles/CBMikwFBVV95cUxOR3p6bmtCeEVhU0NUaEVvbmpmeEc3eHRmZ0Ryc2JWeFljTTQ4Mlo1SmNxUzV2UEswTzg0NE5veG8yRG9TTkJXZDl0SkFseTJHa2RJTzEwMjlYb0FPdVE0c3lNc3lLVTh4bTNnbFVkdm9iemRrWm9EUEVpek0tVExlU0VmMHpEUkgyWVg3cmNlQWxHLVHSAZgBQVVfeXFMUHREaW9ab3k0eVUzTXMtcGJsUmIydHBjaUd6Y1dkM2o3SXNNQUg3LW1iQ2lWdlNnUE9YTmkybE1BTDFuYjRqdHRzQWdOZjdweHBSQUd6bThiNFFYZy1WeXBQT09pWHd6X25xM0JPUHdpc0pTUmdKaUpGYXFKQW1SOXIxR1NTVmJWai1sUThrNFV6UTJ5emM4MUU?oc=5,stage1,outside_study_period (2020-01-01..2026-08-21)
305,0b5af8eaecd03cb55a186d87b147aea0,100 Batangueño farmers to undergo 90-day training in SoKor,"Thu, 11 Apr 2019",Batangas,Philippine News Agency,https://news.google.com/rss/articles/CBMiUEFVX3lxTFB2TXU2YVY3S2QxUWJVQnVUTm1iR2twNEhpR1hPSGtKVzRFSnhGVmVNWVhybEhKMjlGZDJwX2VVWjI2NTAxWjVQbW5WSUFZQmR4?oc=5,stage1,outside_study_period (2020-01-01..2026-08-21)
306,37d4b618c467bd67cd5a5eab58cdc57e,BFAR warns of fishkill as water quality in Taal Lake declines,"Thu, 12 Sep 2019",Batangas,Philippine Daily Inquirer,https://news.google.com/rss/articles/CBMioAFBVV95cUxQaE1BV2JicW5hMENtTmx3VXgtc2VkTm5kLWdfeDB0UmFzY0gwelNoOUt3b2NXVmNtZmd5LW9WMUpBWUw3ZmFTSW5tMlJCYnJpcTYwdTdqcWZCZ0NVZURiQmcxUUowNEVMZEdzQS1aMVVmS0wyYk9DRHVSYXRBcjVFemxRMkx1dE92a1g5bTg0ZFZvODRXMUJCbDRDeWdFX0Jp0gGmAUFVX3lxTE9OZEhnWXItSnpaT19xN3JCcTY3TVNBaFZYX1hUTVZPUTl4Y3k4aG5vQUZCalVjQWg2cmU3Yy1EbGhiTmk2T0Jka2FrcUdUNHhCRV9EY2hTQlZUb3pEdlNZcm5oN0FicjRaMXBLenVCejM1Z2R3R1dVZTVtV0RRM3RFRVQ0T3BmMmFKUDJybk9JVE1Bb0JfUV9sRkNtX0NOaWhnUkdfRHc?oc=5,stage1,outside_study_period (2020-01-01..2026-08-21)
320,e7c6fcac20e49db740865a7e59e3b084,Taal Lake fish kill due to sulfur upwelling: BFAR,"Thu, 31 Jan 2019",Batangas,Philippine News Agency,https://news.google.com/rss/articles/CBMiUEFVX3lxTE9sREF5WGw3QnY0a1NyZkJORUhHcGZrTkVieE4wc3FVWVFpenVid1Y3MDloTlJMdnVfRk5IOGEyZGJod1ZSX3NHcExURy1RM0o5?oc=5,stage1,outside_study_period (2020-01-01..2026-08-21)
321,f5797f308612f5c933b1128827445cf5,Fishkill prompts tighter policy on Taal Lake use,"Tue, 04 Jun 2019",Batangas,Philippine Daily Inquirer,https://news.google.com/rss/articles/CBMijwFBVV95cUxNb2tKeXJlc3VqbE02c3pLMUJ5ZGNjVW1qakkwLXplQThoUDdNY1JFcjhTdjdYbmJuTXk1NEVyREVKQlotWHMyVWpCVjQ0MmRDcDB4b29pOUhuWUh0MTRYSVR1bmJkSlNBTFViYkdqcUpCQ1UtV0VPblg5c052NVlUd093ejZzbzlGQk8wMFIxZ9IBlAFBVV95cUxQRkpHaE5QX29RZkNkZzhlQ3NrZWJsUGdDV1dfMElyVl83N0p1ZjRsT21VVVdVUGw1NmVMYjl1WlV5eWhVN0otV2lqaktsZEYyVHJfN2JuOHBrcGQxMUh3VHVhbGZUM2dQd2c4WFhhR0UwLW5kc0lLQks5SndsTTYtd3U5T09TMV9jWGxOemxNRG5iREVF?oc=5,stage1,outside_study_period (2020-01-01..2026-08-21)
325,e0246be8c3b21e01569f69c72cfe2b1f,Fishkill hits cages in Taal Lake; owners lose P5M,"Tue, 06 Nov 2018",Batangas,Philippine Daily Inquirer,https://news.google.com/rss/articles/CBMijwFBVV95cUxQMzUwM0p4Q3lfMldMUzF5TjlvRzJrOEJSQnE2M1dCbmY4OHYzMlBkeGxiVjNXbXFzMTdzc0l6VWVTV2k1Z25zbUFUeTcxazA4ZDdfNzBoMFFRd0l0RkJnSFhla0ZVY0FKdVBfbGV0YmpfUlJBNjlOQ1hvQjJwMTVOVkVEV3Jsc2lpTlZQNksyVdIBlAFBVV95cUxQZ3oxMTdCTGNlR29yN2xQWWE5MkZrOXdsbHJwUWlDMVF4UW92MTZVV0pNdVhaRS0ybEJnblNjLWJ5RHZZdHdMWVFrQ1YzUXFYUk1mWC0wVUFPNEI2blM5ZmN3Y2hXWHZFeTFOMUU1MzBid2g5NWxrS0tCWFNzVnVpZmlndzVjdF96VnVaR3RLUUJuUWN3?oc=5,stage1,outside_study_period (2020-01-01..2026-08-21)
349,aa939307be0cff722efb4b6e953cc52f,DOH warns vs double-dead fish from Batangas,"Tue, 31 May 2011",Batangas,GMA Network,https://news.google.com/rss/articles/CBMiqwFBVV95cUxNZHIzWEViSUUtWWdyX0Z6SjhLaWNaVjV0VVB4dFBuQ1hJTV9JTFA4bkc5MGZBWnNJSmxrOXdjZWhGVzZpZ3FNYlJxMHRGaVdEMnU4cTI0YWFUamFwWWM5cVdxZDVWRnhORUdfZmQzaTBHZkpmc2p1Z3dEdTRxRjZRWXQwMnlDWFIzMlVjTmtXRHJpRGxMWDlRTFhwa2xKa25UZVl0SGUxRjNtMzA?oc=5,stage1,outside_study_period (2020-01-01..2026-08-21)
366,bd01eb48bd957d92e324988e4919d42e,Sulfur upwelling triggers fish kill in Taal Lake,"Wed, 22 Jan 2014",Batangas,PhilStar,https://news.google.com/rss/articles/CBMinAFBVV95cUxNdEM3UVF6YXp2M3lGOFBVREpqbE5RRHJXTU9pWkQtb3E1dlMtdE84OUxPbUhSQ0tSUVM2TFFsZ2xQX29tUjI4Q29SRzU2Y25CQS1aQmtoOWdfUmpPVVZTQ0xmR0REd2g5ckRjcEFOX1BnLUpHYWxJSXljWXVDZGlFdy1OdHVnZ0RQMzNKRXFnc0N2SEN3MTg3aTRFcFfSAaMBQVVfeXFMT0Zpa0dRVmctampBbnoxSkU3akhoNmx3QkJXYVJIYWt1REVqZXc3WFZsbjZVQ3JJZE55U2Q1aGlpVFNOcl9SUGt5M2I2VFRLOG9hUF9OWVM0WkxaZ2Rqb1hrdHhuelVWNW55a2otVFpZb2UwNFBmVFd2Sm5VY1c3YWRzNE05TVZFX3lfRXZBVGF5TnRJVXh3alRBNjhzX3lhUnFDRQ?oc=5,stage1,outside_study_period (2020-01-01..2026-08-21)
369,c8686fb051ef6abdcb80d315d9b6f768,Batangas fish cage operators warned of Taal Lake fish kill,"Wed, 29 May 2013",Batangas,PhilStar,https://news.google.com/rss/articles/CBMiqAFBVV95cUxQVWdiWDVwbThUbWtYTXRzRWw2bGV2SmdMTHgzZkhZdzlGOElLanJic2ZnR0RPMWtMY3VzcjBkZ01RQWtsZEc0cTlpcEtlNFJqOVBBRGpVbkFsajV4S0lwYnFOcDVYcmpscGxoaTUwVUdMRko3dnZTTEtQYUtRN0R1T3JSMExKaWk1YVVmQlpQN2xlbnVSQzNFQ2dqSTlrWEpiN1BRZGh0ODfSAa8BQVVfeXFMUEtwcWxKMURoVUdTSF93Z3V5eEU1Rko1NUFld0QyeWtYUjkyQTlha2pDVmp2RDVmQ0JYSFpTVWlDcHJPeERGWW1EQ2JOUVRMMWZXNkJoZUN3SzBlZDg5NWVmU3lZb3BwaEVQT3ZwRDFsUGdLWDZrdnp0NktkZkF2VkMyTFQ0eWkzYUNoQ3J4TDF1djJXLVI0SHk4WXdRZ3AtYjJMenpsN0JFb2ttbm9iQQ?oc=5,stage1,outside_study_period (2020-01-01..2026-08-21)
370,5634a1bff35c22fb42cdceb7da4537b1,'Sulfur up-welling' caused fishkill in Batangas —BFAR,"Wed, 30 Jan 2019",Batangas,GMA Network,https://news.google.com/rss/articles/CBMirwFBVV95cUxOWS1KSGRGc1dydHZpUDltelJ4U0ZBUmM4Vy1HX3U5ZmpGMWh2MWJCWFpBZDZzRHI5MnkwTW9ESWZtZGZSNXR1OU12VjJTZTZsWjRoQlVSa1dqRjFhME5jN1BXMUYxRUc2aENGQ1UxcE43S0lwd2tGeDRzU3l4eklYZ0NZVVJ2Z0JXYldzaWN2aFNUWERrY2d2WUpjZjYxcUpja3V0djlweHZ4dUdqSVln0gG0AUFVX3lxTFBmT1hEQjdXXzVzN2VaQmZnODlzaDgydVI2d2g4UFNjcmJUWG5WODE1aGhsTGVmT2RpN1lwMkNhN055dUxGVG50b3pQdjFMREpuV2R5V0tzYTNPcDJsUzFRbklYUkhTelFpU0xzdTJwTWRINTM2OU80SHBNN1VTR3ZnRW45VlhRV1RzaUtVSTUyYU5YSDJJWE83V2ZDdHlJUEJGNXI0aTBkTEliUkxwekdFXy1Nbw?oc=5,stage1,outside_study_period (2020-01-01..2026-08-21)
371,1c80debbd7f60e69adf78b49fcfbfcd5,"Batangas bans pork, processed meats from outside province","Wed, 30 Oct 2019",Batangas,GMA Network,https://news.google.com/rss/articles/CBMivgFBVV95cUxQLUVHNVVvOVc5SGRrUERNeGVNdXhmQmRJRmlUOW54YWpKVGN0dUxnNF85dHRnUjBsMFUwNlNIX0VXV29za1ZLZ3MwU0VxY0d4SXZKdmZwQmt5MzNUWG1IQlA4N2tIQlFSNFpKM3FCWmpuTWlZVlB1MnhKMDIzX2VNT25vd1VPcEd0R0tWTlhQZFVKVUdWMkpUNV9qc1RYVUhTeE1hMk9JYVJudy1FZUJ3eFFkVEZybWh0aFNQOWh30gHDAUFVX3lxTE1OaTdnX21ybGN4SXVwMXB2NURUWlZ0cDY4RENUY3JmMGVQeW5DQkZTOENQVmdhakVBdXJkMjVfTU5QZTRRdkdNMm4wWmh6QTJ2MUlzSGo1Z3Q0dkdMc2E4ZHpISEZPRlZJQ0tPR00wc0ExOElXUnlVcnZNbW1KX1lpWEpuMmZqSmVWS1VTN19lMUthSmd5RDJJNXQ1YkZJc2QxUWZyZ1hPMEhaWHRUdFJjS2RNSjc0OC1oalJ3WFFLcjVwZw?oc=5,stage1,outside_study_period (2020-01-01..2026-08-21)
419,88a7057676003895cc53469307d82c37,"General Trias, Unilever feed nutritious meals to young indigents","Fri, 12 Apr 2019",Cavite,Philippine News Agency,https://news.google.com/rss/articles/CBMiUEFVX3lxTE1ycjBzWVNIbDlwVHAwOS1nVGR3Q2tlRy00WEZxUHM3aGEtb2w0M0c3UUo1Y216ZmFwRlBOaEliYV80WUJzcTNGQW9RMW84MEhx?oc=5,stage1,outside_study_period (2020-01-01..2026-08-21)
444,914d1cf1d808917017da8ca3c295df6f,Noveleta fishport and seaside market to open in Oct,"Fri, 10 Aug 2018",Cavite,Philippine News Agency,https://news.google.com/rss/articles/CBMiUEFVX3lxTE41YVdUZmVmaTEwUWVJQlEweWxwQjV2RjRyejltZmFiaFJ1LWNuZzRhSGIxZ1JVQUlKaDhteWxkN0tHT0JWZlVSaWk1T2w1SUVN?oc=5,stage1,outside_study_period (2020-01-01..2026-08-21)
456,b32fac8a0605b6063f4f1e9e96cc01c0,"The Dining Room at Gourmet Farms in Silang, Cavite: Foodies’ Destination for Organic and Healthy Eats","Fri, 15 Nov 2019",Cavite,Philippine Primer,https://news.google.com/rss/articles/CBMi6gFBVV95cUxNYlA5MmlkY2w4dGhjaGw4YThxZTJRVkpQVWZ1cnlxZVd3Q3F4VW80YXQwaWRwMEIxR2JPUU5mRnpwNDZaSVp0TE1UOV9qWm5RSFQ2b25Zdy0xSEE1VWJRRXV4aFJDbmlmeGpId3pyN0FsTnp0YnhxYXE3T3J6eUpIVU5WNmQzaWpKWHlyS1BOZ1N2MGFZdXVad1B6MmplTzI1TzktZFNxbmsxUk5nZzVFMVJyc3o4TGpvSWZjRkxsX1JOSjRaUUlfb0dMd0lyVHRsZW5jeUlySkpkaTh1SlMxSDliaEo3VThGRFE?oc=5,stage1,outside_study_period (2020-01-01..2026-08-21)
457,8aac812e9f0c97903d36ea128cbc8cdf,"Coffee farming as a tradition for Silang, Cavite family","Mon, 29 Oct 2007",Cavite,PhilStar,https://news.google.com/rss/articles/CBMitAFBVV95cUxPWkdycE9PQ1lmMDdZY2hZZVF2c0xCSUxQeUNiSnVwU0FkdDB6ZmFKNVZ5TDlRV0EtalFRM2JYNF95UVFvdmViUWd3WVYtTVh5YnVmcU1SRnRlMmxUbXZQb1pDLXY0NkJJYmNYNEE2MFZzSzVyTXFRUS1felNJQWdabVpsMnU2M3VpTFRXQUZPdUFmNmo4dGd1U2hQQ2xBb3E5YWM4MW9QMTV4bVQzdEx5cXctZ3jSAbsBQVVfeXFMTWh0UWdDM1NlLXM1Y1V1ejI4bEwxeGpGME1yZDNQYWlwUVZUaVZpUEEzMnpSbldtQnVKZ1h1QmpPQXowS3Yxc0V3YlZuRTJ5Ny1MN1VIZ2FzNXFkamFvRFhuM0p4eUlwemJab2lpZHZmblp1QjZTYWg5bTVzWTlUUTBaVzhoeWpHMnRfOFZDR1ZrN244ZGFHUTlqUElVRVRQeGhUZ3otbE9hc3BqZHZsb1d2RmpuOWVTU0Raaw?oc=5,stage1,outside_study_period (2020-01-01..2026-08-21)
497,d611df5ec286a76966496786fc593831,"Reclamatio­n’s downside: Cavite’s remaining coral, fish pens to be wiped out","Fri, 04 Oct 2019",Cavite,PressReader,https://news.google.com/rss/articles/CBMijAFBVV95cUxPQ3hSQkhscFFmYUcwOHdJS05pNFpFRWlZSzJZMVZKSTF1Tkx1Rk1GeUhZc0VWWFpRdkFTU3VfWGFydTBCU0QzMUlUR3V5U3h5aU44aTlxUXdsMTJCN0RpSTFuX3djQWc2RDVKV3NLMlNQYzl2NzdPWFdnR2p6MllCamRlZ1FTNW41UnFITw?oc=5,stage1,outside_study_period (2020-01-01..2026-08-21)
517,66eee30167de4806b8d56aeb84d9cc95,Manila-Cavite Road sarado dahil sa abot-dibdib na baha,"Mon, 11 Sep 2017",Cavite,ABS-CBN News,https://news.google.com/rss/articles/CBMinwFBVV95cUxPcmdLeVh3SENsb1AteHJLc2o1a3VLMlRVRzJJYzJoUUpUSFF2dlJpbWpael81Mm1kMnZiWGFUTmQ0aC1JcFNHWGlhb0RBM0ZPRjE3djR5VUdBYXcwYlVLeXMzM3BFbWotY09FTWFkR3hTcGMya1hQbmdYb2tmY0wwamhxMUF2aFRDZEZyYzVPUDlIOVh4RnJsb2diSEp1WFk?oc=5,stage1,outside_study_period (2020-01-01..2026-08-21)
539,3208ae32da3c7a8997a1cbf2a8cda4e6,Fish kill hits Cavite river,"Sat, 27 Sep 2014",Cavite,PhilStar,https://news.google.com/rss/articles/CBMihAFBVV95cUxQc0syNm02VFd0NHpmTWgxbGFjS2xBLW8xaVJXRTV6bGw1R3VSNmVlZ3BPY2VtNmpHeXNkRUd4VlkyTndmUURTZmY0aE5rWUhiVFFKWVg0X2xfYkZSNEZMLXNueVAwd1FoWk42OW1rVUtWcEx6S1pxZjcwR3ljNHYtM1g1M2bSAYsBQVVfeXFMTlBFRmZoQ1ZhSFVLMkZKSENJZUlGRjBsc1NQbkd1QmRWZmFCeWwteWJDRUphQThWcldLRGlrWUVGSUNZY21BQ1JvMWZSc3g5Y2hEODdMM1AzeldnNnRjQjRkc2RXNzFHd0pCMnRWQjdIN1luMVdhQVplZzRWcVZEWUpyRmlYOFYzWEZwQQ?oc=5,stage1,outside_study_period (2020-01-01..2026-08-21)
544,76ac4cdcfe76bb35ed7479ebb24d6416,Cavite fisherfolk feel impact of oil spill on their livelihood,"Sun, 11 Aug 2013",Cavite,GMA Network,https://news.google.com/rss/articles/CBMixgFBVV95cUxQX2V1TnpDRkhGZmFtbUVqRTlmMnFJNklyYUxUQTN6eWVpb3ZTU2otM2ZOTUJsWUx0a3VQa1NaQ2ZKWE93TmZDY2p5dlZvQ3JURVNDd0N2eUJncEphQUlzNGM2d3pKVWgzeWlnS19NVXhEZkxqM0tvcVNjSjQxU0daQVBUV2NNQnFVNEUzUFotdUtac0VObWxhVHRxVnNQSzI3d1ZBU1NocjRkdlFtS3V1RUtNSGhfQ3NUbHB3N2J0d2w2NzZmOUE?oc=5,stage1,outside_study_period (2020-01-01..2026-08-21)
569,e4454392dad869156743994d5c1809c0,Cavite town launches 'Daing Festival' to boost fisherfolk income,"Thu, 25 Oct 2018",Cavite,Philippine News Agency,https://news.google.com/rss/articles/CBMiUEFVX3lxTE5yZVhqU0N3SXJ1VndGcExvNjhiUmVpVGdhQ3NZXy02SEVzc3pLUVhvQ2ZhTGVMSzhVVFFwRFJHTjlyQ1N2Rkxnc1o0Z2ZhejRO?oc=5,stage1,outside_study_period (2020-01-01..2026-08-21)
580,137719564e1312bec2d57121d9facd4c,"In Cavite, farmers practice ‘climate-smart’ agriculture","Tue, 16 Apr 2019",Cavite,Philippine Daily Inquirer,https://news.google.com/rss/articles/CBMilAFBVV95cUxNaGNIWDBZQ3RsUTdrTnloS2V1SF81NzZydURZbTg5S3dMcE5XaTlZbTR6WGZCTTBmdWp3Z2VzTUtkMzVRRjY4YmlSMjhjbE5ocC1hZUlEY21yUVNkTnB6X2NxQnI4TDU4eXBTOG9VSmVuZXY2X1lKUWJMSXNfbl90WHM4dzBBNkRmMkdSTEN1M0owd1Zv0gGaAUFVX3lxTE13Q2xEOGZnaFcxTWd0cEdWUXJuMW9weExucFJwZW5sM0tjYTV2MTd2UUM3bEJ2LTk5TzR5Q1RxLXRIVWhqbGhSaXZWb3ZlNDdNN3R5WXYzYVJkYlp1YzVKVUl6NXJBUEZLQWx0ZTNCd2dPWVE2RGpLbHpIcURKNnVscEJQTUFORUdjUkRhRnpTejFVRHpQeS1OMEE?oc=5,stage1,outside_study_period (2020-01-01..2026-08-21)
581,6601f0798f8a0e8f0db06bc61957dfbe,"130 farmers, coops showcase farm products in Cavite trade fair","Tue, 17 Oct 2017",Cavite,Philippine News Agency,https://news.google.com/rss/articles/CBMiUEFVX3lxTE1abXZiMnBpM3o0YTl5V3djV3dCdGRTbG5MbVV3dG01SkRHTGdZeXh2Rk13YlhCZGdaTUc3WVQ3YkNfYnp4Y2gtb2VhSkhYZ2Vv?oc=5,stage1,outside_study_period (2020-01-01..2026-08-21)
584,2c5e1280a81090aeeb93f4a2e03095b8,Cavite town suspends classes for cleanup in flood aftermath,"Tue, 24 Jul 2018",Cavite,Philippine News Agency,https://news.google.com/rss/articles/CBMiUEFVX3lxTFBaNDY4Z0Q0QlY5RXZVQ0o3aFdtMGEteFlrUGJtcm1lVkFRNzRYMFR4bkVIeVc0MHJiUWxKdURHS1JfU3NvaV9uekRWc2NXanNh?oc=5,stage1,outside_study_period (2020-01-01..2026-08-21)
602,df674e67aa1ee58b7454f2eec5c45e93,Agriculture still active in industrialized Cavite: DA,"Wed, 21 Mar 2018",Cavite,Philippine News Agency,https://news.google.com/rss/articles/CBMiUEFVX3lxTE1fOFFjM2xZNG5uMVp4Q0c1clBTM2tPX0VpTVJZLUNnX3BZTHhfWFIyaF8yMFd5cE16WEYwVkVpYVd6Z29ZSkFzRVVmcF9PTTRn?oc=5,stage1,outside_study_period (2020-01-01..2026-08-21)
624,7881d92881422fb8340857ea9411b8b7,"10,000 sako ng umano'y smuggled na bigas, nasabat sa Calamba","Thu, 26 Jul 2018",Laguna,ABS-CBN News,https://news.google.com/rss/articles/CBMimwFBVV95cUxOMG9JUG5VOTJOeFRTQ2t1dmlaR2Rwd2ROWnRTbFpldGF3cnNCMnJZWUtXWDVMbUdEdi1HRHdKMEZGTWtPaW9Odm9oNi1pMFZobzJ0Zm5QQWQyei0xbzIzcW0xejRkQmtHX0tpTUVpa0VWZmdEekdaLV9QcnpnblZmWUYybHB2eUpza3JIV3JnY21vYlZfcGs3dTJNWQ?oc=5,stage1,outside_study_period (2020-01-01..2026-08-21)
627,1cc44690d7c9ff05303b73f7bfea7022,Calauan agri-trading post to boost farmers’ income,"Fri, 04 Jan 2019",Laguna,Philippine News Agency,https://news.google.com/rss/articles/CBMiUEFVX3lxTE9OSl9sOW02TnRzSVM3Y2pkcy1Qd2ZTNnNYU0h2VElzOHJDUjJBZlVCNTh1alY1eEI2cG04TG9KLTR6aGJfc1hjMzUweTltaDB0?oc=5,stage1,outside_study_period (2020-01-01..2026-08-21)
641,f839c031bb327db825886cb79d0b59d0,DTRI initiates milk feeding program for LB pupils,"Fri, 08 Nov 2019",Laguna,University of the Philippines Los Baños,https://news.google.com/rss/articles/CBMihgFBVV95cUxOMEVYTGhjM0VOSUxSMkdPbGRLWkVDeFI5RmxwekN4THBVN1lTSS13X3MzZS1BejM4eE5wUHdZcFQ5dnN1WjhZQVQ4cVdPX0hIajhyUjlvWTVsQnVWT0QwRmhLLUNfSU5TODZIc3MzTmViOGU5Tmc3WDdTd1JHME5tdjJxWnpHdw?oc=5,stage1,outside_study_period (2020-01-01..2026-08-21)
644,8f65c00e25fa30feabcf857b3d33179f,﻿Achieving rice sufficiency with rice-corn blend,"Mon, 11 Mar 2019",Laguna,University of the Philippines Los Baños,https://news.google.com/rss/articles/CBMilwFBVV95cUxQNUFGRUg1RzcwenFuWTA2d3pLR2J5OUt5dHA1NnZTblE1bFY3dkJCSTYxQkFVaWdFdzVkaGRSSTQ5U3NjRU1GUkFERklkWWFrYk53N1NzVlJrcXk4QnBrNHJCLWdCSmVUcnNiS2hacTYxNWNNRWRXbnlBNUcyR2tOWWxTN3l2OHdnRHc2WFUyZlFlaUF1UlZZ?oc=5,stage1,outside_study_period (2020-01-01..2026-08-21)
647,342c27ed0f6deb697ddad6bcb19cd7fd,Rice institute in Los Baños to hold Manansala Day,"Sun, 26 Jan 2014",Laguna,Philippine Daily Inquirer,https://news.google.com/rss/articles/CBMikgFBVV95cUxOREUtTWxQbFZsYWtUZFlNa21rbE1pNzlLaTNIT3BnVjB4RG11aloyRmg2SzNYczhrWXFvNnk4VnFfelhUTkk4OV90d2tSTUd0eFJJSGRQeS1VVXRUZEc2a29BTGQweThrYlpIVm1iSmlTVi1CcXdHMTl6bGJQbWNIeTdTM1NsNWtzem5YZ1NuWHBsd9IBlwFBVV95cUxPVHhwTGZseWR2MTBjZnlaeGhWNVI5Tl9LdW5KVjR5ZnU5emlMaUdhX2NQcGVXMmZaNUIwVmJtZWtDYkJvU1Rnd04weE5zd21vVDNQelNHaGFVZ0pjVFFNZS1mY3Z4WmlVanRscW85aWVJdVRHcmJKazFwdi12UGFRcU93Wm94RGpPX2FDeXNzRWRlVERKNlVV?oc=5,stage1,outside_study_period (2020-01-01..2026-08-21)
656,042ffdc8518b532ba67e97d63915a412,"Nescafe partners with UP-Los Baños, launches agri scholarship program","Wed, 29 May 2013",Laguna,SunStar,https://news.google.com/rss/articles/CBMirgFBVV95cUxQVVd3ME9mYXZpdC1vOUZKLTJWTk02YlFOQmFGMlpnbUlIdjY5dDhZZXJrTnllUlJHRVFBUmxIT09NM1hFTXlMenZUODNxZjJublJYWjNSZTB0Zkh6WXFEMlpkcVVrWHRBcjN3bjRnMzdra2p5NTdpcWYzVWM3QkJnRnBWX0JkTVJjcDJIaFVCVEkyUVdDMG05aC03SHRyU3ItMEVNNHBvRUVJX0RvM1HSAbsBQVVfeXFMT3VaR2piemJSUURHY2wyaVplOTM3T2V5V1lBdmNMR2xxZXUzSHB2SnNEZF9VRlVYdTN1RmdLbTE2dTJRNEVNMWJTR1lORTA0ZmozaENMU2tYck1DUV94Y1htNk8zeGJnR0g1a1FUbC1Yc0d3MEdJRVhlaVlOLWNaYnNER001b2tRQW5KMzRGb0lXQkwxaXhUMkFJSUc4Z1VNeU5pYVM3eU5iZTNGYkxHSEo4TE1QQ2k1dk1Haw?oc=5,stage1,outside_study_period (2020-01-01..2026-08-21)
659,6d794d1067edb19eba6724691ab22d6a,Lumban farmers get solar-operated irrigation,"Thu, 14 Feb 2019",Laguna,Philippine News Agency,https://news.google.com/rss/articles/CBMiUEFVX3lxTFBmV2dzZEh5eXRyRGs0c3MtQ0h0N0QzWnNqRWRicDlGYTBkLUY2SThqX2syUlZGM1Q4VHNjaVhkUm5RYlBUWnlIN2JCaEZOWVpw?oc=5,stage1,outside_study_period (2020-01-01..2026-08-21)
663,17ab4440cb876b178bd18290dd98081d,"Majayjay mounts slow, failing battle vs. sludge from hog farms","Fri, 30 Aug 2019",Laguna,PCIJ,https://news.google.com/rss/articles/CBMilwFBVV95cUxPY1ZpbG9fTmtycHlnTEFjbW5lMWJuQ19fNkJKV3R1c2ZpTjY0OWJ3ZVdXamVlZHEzRFR2ZUlXRmxueG5yWncxbWVYekF5T1VNcnpfalVncWEyUTdPN294WG5sWXBBYlpoUXJrbXJlaDdzSkEzOVpMX01mdzBCenFMNnVvTncxZ3JLMzV1cDBEVXRQdWZyWXBr?oc=5,stage1,outside_study_period (2020-01-01..2026-08-21)
664,351893eb5d4aa1d2809556ff9f0bf4b8,"Majayjay mounts slow, failing battle vs. sludge from hog farms","Sat, 31 Aug 2019",Laguna,ABS-CBN News,https://news.google.com/rss/articles/CBMinwFBVV95cUxNaV9uVGlXMjVRNUFqZzBJVUNEeDd0dk9vYndUWktDS3lDY1ZqOFVZQy1vdXp1OFpZbWkxNXdHV2dJX0loa0RoekVNOVMyS1ZEajBDU3IwckFfVnBIR1o3ZHBDcW5ucGZKQmZWbkdrdlNoODRnZi1ULWlPNjFnRmEzVUZocENPR1ZBekljc3lqSEFsZnBqVnFrMEJmTS1aMHM?oc=5,stage1,outside_study_period (2020-01-01..2026-08-21)
731,718bb00a6b6f3fd4592f30bac1d658cd,Laguna farmers schooled on benefits of organic farming,"Fri, 19 Jul 2019",Laguna,Philippine News Agency,https://news.google.com/rss/articles/CBMiUEFVX3lxTE5SRGxSVm9CU0NGc1REMHBTUlQxYjFUdGFZZm5XM0Z0ZVpHaWpvTTJra1pxbVhPVVFCLWZzTUxsY05uM3BJTnU4RUZTa3liRUVn?oc=5,stage1,outside_study_period (2020-01-01..2026-08-21)
735,9c8b249e64733e501bf38239c821c5b3,Laguna towns prepare for 4 months of flood,"Fri, 24 Aug 2012",Laguna,Philippine Daily Inquirer,https://news.google.com/rss/articles/CBMihgFBVV95cUxOQ1VfSFpGMVM4UjlIRnhUcUlOaUw1MnBwOHZ1WkM3NHl1R0hIV0tVX21NSTRmVkQ4MGFRLVJXODdtRzExY2FtTXZzZ0p0d2NRTGlqV0N0VlA5dU5qM3FnTkpwQmRXOHhuSDRwWVg0VDVKT3dId2FadjRjbzItd1VqeGY0WmR2Z9IBiwFBVV95cUxPa2U2TXR2RV8waGxlY1BNQmJtQlNyZzJ0UDVVRk96OEtPME5TZDRfUFdSdnk1MW9ZTDJZVG1xeHhpejJmOGFrcTZvMVVaSFZxbDFFTjJGQmJLWmg0MnFYX05LY2Q0clY2MC02d2lrY05VWHBoMjBUajhhdXRsenQxR0FMa0E0cTJuc2pn?oc=5,stage1,outside_study_period (2020-01-01..2026-08-21)
737,0d95293c133b138c3d12e3257ef0d177,BFAR monitors fish kill in Laguna area,"Fri, 25 May 2012",Laguna,GMA Network,https://news.google.com/rss/articles/CBMipgFBVV95cUxPNXBVeENiVFJLSjNZZlBqeGNZeFFzeXNWZFJfa3g3aG5fa1hOQzZVQmpFV1lMWk1iaGZyTnVZWG9IQmptNlNWNFQzT2oxNEdfb3p3ZHJzazhjSHd5dzVqTFloMXg3cm1UUGFOamVoNTVTU29rRXhPTUlHY1pQWkVOVm1RRDctbk5XaVRUeVMzbzRHbDQ0Z2IxVFVVUTJqckMyakMwM1lB?oc=5,stage1,outside_study_period (2020-01-01..2026-08-21)
738,bd6f3d51da476e8762cb34dc53f69c8b,WATCH: Duterte's warning to Laguna de Bay fishpen owners,"Fri, 25 Nov 2016",Laguna,PhilStar,https://news.google.com/rss/articles/CBMiqAFBVV95cUxQQjNxY2ItLU1nMjJJY2JoaXp4RjVRbFdBUFdiTzQzYVZpekhPUWJBc25BZG5saUJRci10UnJickljSk1nQ3lfTUV6OHpHbGlZVUxiNzA1elc2ZkVzeHNKcXRyaldLMzV2ZlRTckFzUU03NXF4WmZDaVdSa3Q3SHJmcE9MM0wwLUZwMXhFaVRHNGFOOVZjak9VWElLeGpOcHYwSVphQTUtRGzSAa8BQVVfeXFMTUwyUzZPZlplNGFzNEl4SzJvWVNtWU1wc3pLSGVjV3VBd3JsX1FOZ0pmSGdzWmJHSEhWNTdEam80VTlDdUFZQ0xxeVJVQTNWd2dEUFRfVzRqVUFCU3YwSDI2d0xmSWt4LS01cG5KUFFxbVpQcVVXenBCVGRCTV9IdWR2RFdadnpTTW5TbFpibkZySjZUSW45dU9JbVQzQ0gtVTJIYkdhYXRJUDU2UV90aw?oc=5,stage1,outside_study_period (2020-01-01..2026-08-21)
743,6847f905d6a953c7e7c08d0d333b5691,Seasonal Fish Kill Incident Leaves Thousands of Unprofitable Commodity Fish in Laguna de Bay,"Mon, 10 Jun 2019",Laguna,University of the Philippines Diliman,https://news.google.com/rss/articles/CBMisgFBVV95cUxNNDJBUW1QWEN5X0VCbnh0N0czR0JYdXZtT005WXB1cTNHdzdtLTBMVGdXQkJucXhkNHo2R1BUVUhqLWlsWGhzMjdPRUxqc09JZXZVaG4tQk5NM2t4N0F6d2puZzhHVUpFQ1NyR0FNdnRlRjdMOHBEV1lsWnZfMkVTR3NqMFEtU20xMTBOS2hvcW1zdkljS1F6MVotTzhvbFpKOW1hSklGLTc1dlN1SUZNWHNn?oc=5,stage1,outside_study_period (2020-01-01..2026-08-21)
746,21603b5135543a17ca6d63325ce35e54,"Muddy Waters, Dwindling Catch: Laguna De Bay and the Fishers of Talim Island","Mon, 16 Jul 2018",Laguna,GMA Network,https://news.google.com/rss/articles/CBMixAFBVV95cUxNN2JrTDFtSzgzcFd5Q1NrT1hHU1ExaHR3QnRVZEcwb2JGTUd2U3BiNWE5bDRKZnJHQUZST3JGTEdaRll5N3Z4MzFyclhpMnE5SkQ3TlFjN2hvWnpiUkdhdTlrdTE1V2s3djNnMm9UdGhlYzNoRGpJZ2lVNWdWZm1VMklSbFRNZjk3bkkzM1pPSHpGWmtfVUI3QlFIWGVxSDJXeTc2QWRZc0k4V29JRndDS0l5Ujdxb0R5TklEQ05hV19Qb25V?oc=5,stage1,outside_study_period (2020-01-01..2026-08-21)
749,93dd2567e93f94f3a4bfb3dac8810af4,Laguna city under state of calamity due to monsoon rain,"Mon, 19 Aug 2013",Laguna,GMA Network,https://news.google.com/rss/articles/CBMivAFBVV95cUxOdWhQOTMyWWdFQlZFUm5tMjVCRUhFVVpoSXNNSVZjVjZPMF9UZ1p6aFYwTjZZNVdqT0tNdUZqV0Q0Q1N5bVQwT2VrTG1NY1RzeUhKN204Y1NyYkh4c0M4b3JKczd1MFhCV2Jka256QVNuUk9ySUJxUnh0ektVLTd1WkVndHJudTlDeUFtRU9zQXVXNFE0bU9BbHljb1hiWXhGOVBZSERDRkd1dWdHdmNyd0xLT2hIZ1hlbEl3Nw?oc=5,stage1,outside_study_period (2020-01-01..2026-08-21)
753,7e847d3c4c7dba53600a00d287e4a379,Fishers' group wants clearer resolution on Laguna de Bay fishpen ban,"Mon, 27 Feb 2017",Laguna,PhilStar,https://news.google.com/rss/articles/CBMiyAFBVV95cUxNZWN0OFFnRTZPVC1QeEhZVTJkOHVtLTJfQmxZZG1rZ2F2QVRNckR2N1JjTEoyWWlEcmJ2d2JpUWhMa1VlNlQ3azBuTW9BbGFwcWVVeXFZYXE2UjlhTVRQQzZ6UnkzZUFfRUZwMHhxZDBGZjgyR3BnQU1GeVdJREIxb3dkQVVhVzN4RjZtUjBwMDYtQnl2ajFmQnhmbFIxSGQ4dUlUQ3JtdGZmaVhYanYxMFAyT3Yxc29PRVBQVGx5QlRUZ1hWemRuetIBzwFBVV95cUxNMk84ZmU0c08wYzNxSkRGVmVNZEJjc0hPdkdFdlR1bjVxSlc4M3gtLXdqVWE2QjVhbUxkaF9mMERGc1l2UDhiSThHV2NFSEhUR0s5NFBYUF9Zek1QblUtV1g0UE5YenY1bmROdXdsUC0yaTB1VHRWbjZOY2xiNE9qMHdUWDZOMjdRVUh1bzQ0ZzFYSFdMb24wazFUdFVVQVRTM1dEVENuSlh6elBFVHJfS2JtWThhX3RuanpKREN6S010YzBicFVuVmF4Q1BSZTg?oc=5,stage1,outside_study_period (2020-01-01..2026-08-21)
754,fad88752b16d5948e353e1f5742a0c2d,DENR: Massive dismantling of Laguna Lake fish pens in,"Sat, 01 Oct 2016",Laguna,Rappler,https://news.google.com/rss/articles/CBMikAFBVV95cUxOdXRPR3Nma1RfYmRtaXhxN1BRYmJrZEJCLUZjcURlU21hVzlBeFNyZEJ2aUpvVzU3XzJ4TVg5djVUTkk0NTNxT2I3Z0VaWG1NS2ZVMndYSUR6alF2b0RkYTRYdW5hMk9ib202OXRzZTk1ZXBTMDhkRVliVi1rb2Fyb0pPTFdIV0pvU0dzcVUwYnU?oc=5,stage1,outside_study_period (2020-01-01..2026-08-21)
762,808c6706f2387a96dd0cdec4a928ae53,Knife fish newest scourge in Laguna’s fish farms,"Sat, 16 Feb 2013",Laguna,Philippine Daily Inquirer,https://news.google.com/rss/articles/CBMijAFBVV95cUxQMm51c3c3MWVzSmFhWWo2NlIxS09MZXphaGdKZUVxWWhDQXk5VzRiS2hfdlJpZWdUa2hIYmgyTVBkRGVDWjVzU2FvRnV6SEJIN0FyeHBWb0xJZENLTG8wU3JqNzZkUzlQV1JkWWNOSkN0QktPbzZnNFAzbTBGV3ZlVXlRemxkVFA2WEpFQ9IBkgFBVV95cUxPTi1BUmM5UVZoOFlKNFhVZFpUbG5PdHAxUUxjSERzOENxc1ZRSmk2UlFkSlR5M2NzMFJIWUR6TW1mVldDUkF6LTlXRnFJSC1tVXBUbk0za09jcUpXTjdDTldPdG15RFdHT1FVbl9LOURaQ25uRERsdzBISE12UUhRaDFQU1ZaaVR1enBNdk5fQ2FGZw?oc=5,stage1,outside_study_period (2020-01-01..2026-08-21)
764,fd47a0664854ead5f9aad739def42da9,Laguna fishers look forward to resolution of impasse,"Sat, 20 Oct 2018",Laguna,Manila Bulletin,https://news.google.com/rss/articles/CBMiiAFBVV95cUxPRTV0THR5UTlyMy13RS1WM0hiSjdnSXhTV2gzbGVTSlNUZXZyX0hoeTljQi1aS3Z5QUI4VlBlMVNYZFJXVFhOOGVacHBYdmVqLVRYdDZxSG1lR0dmaHNDWDlEdlZ2djFtbVY1NkxXOVFMRzVrblJyVUdFN1FIdE1maG11Wi1LZFEy?oc=5,stage1,outside_study_period (2020-01-01..2026-08-21)
770,eff1a81a0a132bc4c6c1658fe4aaa566,Laguna showcases agricultural prowess,"Sun, 12 Jun 2011",Laguna,PhilStar,https://news.google.com/rss/articles/CBMiowFBVV95cUxQSEVRS2lfdnhPNUpZbF9KQnBDVkM2VnNkTWxlVUJEejdncUJMUFU0TlJrOUZmUHowS0VlX3R0WWpGV0lDZ3J5ZmQ4aEhPbDh4MWhhSWtPaDJWVHRvOVRCa0FrZ0s4NzVOLVZKRGVhMS1wNDh5QkFXTW9nMHp5ZFJEa0NXeXp6TEppN2hPWUtYeU5jdlRwUU9QNHlrVUtMSUctcGs40gGqAUFVX3lxTFB1RlpFMmgyV1p3WE8xQ05YUWxXYU5QQWI3bGZZbldTbnBMMDlHTkNRcEFJQ3RDNml2ellQWXhtNkx4Y0luZjFGcFA5UHZmcHFlSTY5Vy1vc2lfdDFoWVl3WDMxLU5LYTNDUE56eExJUXpVMHZXYWYyTjVNQUFrN29OUXhYX2YxbjI1bW9NZWpMWERTZWF2bFdlRjU3aWZHQXA2MEI0ck9uR3VB?oc=5,stage1,outside_study_period (2020-01-01..2026-08-21)
773,2f76f710a7ed0f5e15f41b82151a71b8,"To Laguna couple, natural farming comes with a heart","Sun, 18 Aug 2019",Laguna,Philippine Daily Inquirer,https://news.google.com/rss/articles/CBMikwFBVV95cUxNM1FudXhteHYtVHlhdTRhV1RTM0EwU3B5STBFNVdiUmJTTnV1VU9qN0FoNHhlcE14aTlGOVVwaDFvS2Z2WnFtRDhFMUEtdmFYbnI2MmxPclRVUllqdmJZTUJ2SXBheHRVOTBUMDVMalZsV0RHSlFvNFFJUUNZcUJPMEhiYnllT25sWkdKVlh4V2RIMjTSAZgBQVVfeXFMT05IMDJJVGhIOWhNRDRCRmR5VW1GSjFPNF96X3lPd1M2YzVMbTIzU0liQTV0RFpNWXRvU3lpbHpqOUpDSEh4RUptRE1xbjBsa3NUQ3FjcTQ1Y0pEeVBHS3dWbkRvbk03eHBTTVFSdkF5UWNaeTNBQjNwd1VYNGFkcjR2OUE1Y3hsbDZMcTNTUzNxRldPckNQR2I?oc=5,stage1,outside_study_period (2020-01-01..2026-08-21)
776,0873fc86ac1e349b9f0ae9402ae36c14,LLDA acts to rid Laguna Lake of janitor fish,"Sun, 24 Apr 2005",Laguna,PhilStar,https://news.google.com/rss/articles/CBMipAFBVV95cUxPUDdfdzVWaEZ0bVRRNkYyWUdfb0djOENJZjdNSWJEY2dMSmZiNC1zMDVtcWNsVU9HbjdpMVBLTkFObUJsWXpkQVUxdmpXZHYtVkl2TUJ0eDdudTVPVFNBZ1ZrQ0h1Y2xpa3Bja0stYjZ5U281R1hKTEZFRjhCcGw0YmM1NEhsUWZXcjVkVU9VTXg5QTVhclZScTRDXzdWZ2xuaUMxU9IBqwFBVV95cUxPOEVaV2I3X1N3Q2Y5VzlLaWZITmt3MVF6amRLdFpsY3JTNkxJLXE0ZGN5WTV5R2x6R2NrY0JnXzJxdTRlYmV0N25WWjVEcTNqeTNmQXhndWN5TXFqLUY3TU1NajdfOHgxd0dEWV9UMVI4ZFF2M2VrVjl1X0EwS3FEQ3h5djRia2hpenRrc0JuY2VUXzR6OEV5dzI1NFJva1ZLWG9fRlJ4eWRBSm8?oc=5,stage1,outside_study_period (2020-01-01..2026-08-21)
778,543dd07d443188d2943ee3d502a89627,"Laguna pork products ASF-free, safe to eat","Thu, 03 Oct 2019",Laguna,Philippine News Agency,https://news.google.com/rss/articles/CBMiUEFVX3lxTE85TnEtMy1qN0J2Yl84T3FOTEJEZEdOV1hMc0ZxV2o4eWVQUGp6b2k1ZjNZbjdBdy1iX0tNcEQwQlRvcUZNd3lCNUFGTHktREdZ?oc=5,stage1,outside_study_period (2020-01-01..2026-08-21)
788,123f6cfc1813d905668e61005c5d811b,Small-scale fishers to be spared in Laguna Lake clearing ops—DENR,"Thu, 19 Jan 2017",Laguna,Philippine Daily Inquirer,https://news.google.com/rss/articles/CBMipAFBVV95cUxOWkRLNTlFNlJKVEdmUFUtem9vcjlvQm8zYlVSSGI3d0JPbVhBRkF2RzQzM0JhbzhONnlPODhMS1dxdnI3VHJ3T3FkSTJHV0t6ZlZ5MmQzMGpGZy1mMTM5bUx5QnJfelRBNU5XczhXLW5MMmF5NjNPMHN1RFlJQTVEa2o4OGVRd2M0aV9pYU8xQi05UUNxM0xYVTdkenRTSjhna2pyWdIBqgFBVV95cUxONGxHTGUwOTlveV9KNG1SdXVRUUh0Sk5LR3NJeVB3YTNCZzgwQnd0Z2FsR1N1ZXJqRXhnMmNfdXJ2VV9xUW9GRmppc2RtdlVFNEpOd01HdFVjazBrX0R4U2QtUXpaaXJsVk8yRGlLREhlRzJhRGpiRFdpaGNHMkNzSUxqZXg1Zmp5bXZQVk52OUN3V01qcmI1bzRSVjlqZVJsUEVvRGdrOWNjQQ?oc=5,stage1,outside_study_period (2020-01-01..2026-08-21)
789,2cdb7972841c66d4ffa621d16932ef23,Still no room for small fishers as pens remain in Laguna de Bay,"Thu, 20 Jul 2017",Laguna,Philippine Daily Inquirer,https://news.google.com/rss/articles/CBMiogFBVV95cUxQckVpMzZGMVY2VTFvZkt3R0VTaVFPekdrUUVuYWk4NGNIaWlXLWdYb29WRWVZQ2IxRVdUMkk2cEV2dExrWVNSVjFPb1gtcl84c3F4ZnRaQXlmMXFPR040eE1oT3FrRHFCcWg0OTdKMF9FYmhHZVhKMXhiUENKR0FpT2VhSkxiaFljZHU3bi1zTUZudUNJcS1FUlB2dWgtb184OFHSAacBQVVfeXFMTURTVlhXRnhBX3B1VlA2UWh2dWxIalVnaEN1YXVBbmlJUzh0MDJNSGpjQ3cxVEk1QVdxYzkzUWgwTDFBeE9nbmJmbFZsRDd3Z01VQ0NrQUZLWDlGM0V2aW12dGx4cXFObGVMSFhPTUJlaUlsLTFUd1RnbllnVWZRaXJ3YVl4dU1yQlhHd3FzMElaanhlY3dublV5OHNucFZlNGpZZ2p4c2M?oc=5,stage1,outside_study_period (2020-01-01..2026-08-21)
791,0afe0868c78ecef00fafa7bcb67c246c,Duterte: Mid-December demolition of excessive Laguna Lake fish pens,"Thu, 24 Nov 2016",Laguna,Rappler,https://news.google.com/rss/articles/CBMijAFBVV95cUxPVTZFdVZlOFlzREpCWkdCM2x6MXpEM29VMEIzU29ZUFU3Y0wwYmtJZUNLNDF1eHh2ZEM2M2Z6bkZxeW1rV2dRRFZOeTBBalJ6MFBuQkJ5aUY3TFVMaE5HUTlzV3JMRXVBWlFoa3R1VVBCVVpSU2kxaVdlNGJvSkhxQXAwM0tQU2F4OFk4WQ?oc=5,stage1,outside_study_period (2020-01-01..2026-08-21)
796,e3f82ae2d864167b0ff8feb79969ce01,Fish pens strangle Laguna de Bay,"Tue, 03 Jan 2017",Laguna,Philippine Daily Inquirer,https://news.google.com/rss/articles/CBMieEFVX3lxTFAxSFF6Y0hHS1JKcUxQODhmUHROU2hEWkw1S3pyVE5oZi1aN2FBOE85WXc0bkM0bTJGV3FXdk9KZ2JxRk5CQ1lwOG5lOU5Wckd2UXU1TXhGZ1RIRVRFc1VCbUljR1cyQnA4U3BQZ2xXeVpDMmJ4SWx2edIBfkFVX3lxTE1CT0E2cmlRWVZ6VFJFZHFlSWpjc2ZSM29OZjBJV2xOV3lzSVU4RGJHWmU2SkdPaGhIUzZ0V2lnOGRXVEZ4TkVQLXVCNlRFN3M5cG96c3Zab2NBQVJYRFMzY0dkc1pDMWVCeHVWTW5ZYWpHWUxhbzh3eW9NdHZyQQ?oc=5,stage1,outside_study_period (2020-01-01..2026-08-21)
803,d5853bb966d2b3a4a64198ad578f7197,Atienza to DENR: Laguna Lake still cluttered with fish pens,"Tue, 15 Aug 2017",Laguna,Rappler,https://news.google.com/rss/articles/CBMikwFBVV95cUxPS0laYm5rS3NnWjZkT3I2NXBrcHhNN2xvMUhoSTRIRy0wQzRYZVB3WkZud2JYREhWcUxWVmw5R0RxenNuejQ0RURkNlpSYXlFdGV0ZGxSRzkyaWg5REdZY2gtSWFGa19YR3lFb1NiRnoybTlvUGhwbGdTLUpJQktYVzZEVGFta1B4WndseGZ6cVBNWnM?oc=5,stage1,outside_study_period (2020-01-01..2026-08-21)
823,29da61e78eac1b569e7e5d1017b80f55,"Department of Agriculture eyes more solar irrigation facilities in Laguna, Rizal","Wed, 20 Feb 2019",Laguna,Rappler,https://news.google.com/rss/articles/CBMiugFBVV95cUxQU2RtSnk5VW9ob2V4dEFqVmpFMDVydUhpckZwb1AyNHZObGRfZXFlc0tVd0pxZGE3SWZJUndSYTRYWFlsLWNrYmZyR3lHbHlZOE80NUpfZE1VOE1RaTMwUHU4U29hQlg1ZDhnX1NUakpVMXRVMkdibzJsX0FMam91dkxrVzBvNTdyNXdZeldxMWdMWXRDb2VkSjVVaF9ya1FBR0E3VlljeGtXRjFpVHcwVzh5TzFnUGMwb3c?oc=5,stage1,outside_study_period (2020-01-01..2026-08-21)
826,f5ba6c6ec125f55ed932685d1a90d10c,Agri institute capacitates 14 out-of-school youths in Laguna,"Wed, 24 Jan 2018",Laguna,Philippine News Agency,https://news.google.com/rss/articles/CBMiUEFVX3lxTFBoV29tLVo3Yks4S3N0eVpHbzJvMTFZODZ4dWdmTlpsRHByRGNHVm54Q29CTjloWlFIM2w0RGJtWHJPNGV0QXVsaXZUX0lKczZG?oc=5,stage1,outside_study_period (2020-01-01..2026-08-21)
827,e0fde8c1f1a5457853b0c401daea5865,LLDA bucks ‘zero fish pen’ policy in Laguna de Bay,"Wed, 26 Sep 2018",Laguna,Philippine Daily Inquirer,https://news.google.com/rss/articles/CBMijwFBVV95cUxPVkU1aVF6STB0TVJwLWJlYkVoUUc0RGljWUc4bTZzdnZLUWdySy1FaGdpX0cySDZ4X2t1SThLTFUxdkF1ZGliVVp1VzJ3ajVVYXBhTzFxaUtyaUFubm5zS0FCWG1XT3lxSFJpVmNXZ1A4Yi1DMk1zbWJUVjFkemVKQUJZdUxQMHcwWnhLZUJMUdIBlAFBVV95cUxNS2ZsRThpV1FkeXhFeEllZEZVX0tvUTV2TnZDbmptSDlnSThYSU43VXV4cnV6azRHeW9TR0xKaDBua1E5blZxN2hPU3dkTldLX3k1RVJmVzFqb2pzMHpKbVRJazY2ZnNfNzJWTmd2VmNKS3FZblczRTd2cnFRY0NBa09WNXZCR0dSZkYteHR3QUU5RDlR?oc=5,stage1,outside_study_period (2020-01-01..2026-08-21)
904,ee48a7d09ed17c77171e754c44d0b124,"Food facility rises in Mulanay, Quezon vs malnutrition","Fri, 11 Aug 2017",Quezon,Philippine News Agency,https://news.google.com/rss/articles/CBMiUEFVX3lxTFB5bnNpOHBaMnFkaVk1YWRmRFFDWk1vcG5XazJOQkNmMndsSXNpcWJBemZOMDA3ajBtQXRGUWo1QmNFdzRycElrR2w1TDhlWndx?oc=5,stage1,outside_study_period (2020-01-01..2026-08-21)
954,9f136105cb7488efc5f18dce44a67ae9,Malnutrition in Quezon down to 9.32%,"Fri, 12 Apr 2019",Quezon,Philippine News Agency,https://news.google.com/rss/articles/CBMiUEFVX3lxTE9xek1YLVk5elZ3OWlFVERWdzJYZTJsVTFFSHBVUThMUUFVcmluM1FTMFZzQzIxSWpudG10c0FIVXpyTk4xQklnT0IySVNnU24z?oc=5,stage1,outside_study_period (2020-01-01..2026-08-21)
958,af2fd3536df5289f709930f7a8e0c49e,50 ex-coco farmers now landowners in Quezon town,"Fri, 16 Aug 2019",Quezon,Philippine News Agency,https://news.google.com/rss/articles/CBMiUEFVX3lxTE5JellNOTd6Ui1YM19IS0otQ3p3Qll6Vld4Vm5JN1VtckowaUNpME5HVml5TWtMQllpSExfSG85c0t4clZTWDZkZWV1UDBJRm1q?oc=5,stage1,outside_study_period (2020-01-01..2026-08-21)
971,1e63d4b5677670ed51f8c9a5adacfc37,War against coconut pest starts in Quezon province,"Mon, 23 Jun 2014",Quezon,Philippine Daily Inquirer,https://news.google.com/rss/articles/CBMikAFBVV95cUxNNEpUR3pVZXZ2enVXTjU1OWFtb3ZDQ2tmZXNTejRzTmdoSEZwZjJNanlicTA4VVAzZHd0TkpMeWFtdHZGOU9SX0tkZExGb0U1cnZWU25laU1SclhKMV9ZWmg4a0tDZ3dqSGMyRGloaFFLTUpUY1RIcUhGS09BNDFBakdaM3dlajZFUjZaNzhMUWbSAZYBQVVfeXFMUEFpaFFadTIxODVrRVJ6bzBDWE81MF9hNkRPM2VwR2pVTUlGYjdYb2FYd2ZMS0JGemtlVURkYjFrTEpOTjYtZ0ZjRGl6cVRCR0pHdkZOdEUyeHlHaExKMXFFTndCSzd2TjRxeU56QnNSdnV2WWZBeWFUZHVnUFZsQkNIOVgzOFM3eF80U3VqTVFrdS1nSlBR?oc=5,stage1,outside_study_period (2020-01-01..2026-08-21)
977,cc17e0fc3f701772417fd2e7fa69da8a,Theft cases vs land reform beneficiaries in Quezon coconut farm withdrawn,"Sat, 10 Jun 2017",Quezon,Philippine Daily Inquirer,https://news.google.com/rss/articles/CBMirwFBVV95cUxNTWxZQjVUMjJFZ0Ytc3VMSVhXdWY5eFhINEt0aWRocVNyOVVPYXB5a01KN3ZVSi1sa2lPOXFxVTN5OGlKWU55a3RySS15QldITk94bHB3aVAyN2pTVlJJYXE3SjFYVHQ3a1BGaTRzeUxsdHdHQmQ0WjdlamtMZVltZGJ2aUVDVmM2S0FBbGJHMXE1dEQ2TVhpNmkya2tsZVFWNGpNS1dpWW9pMWRfOG8w0gG0AUFVX3lxTE1wRkNKajJnQlpNcFpJa1kwR28zME1jT2d0emtvWExvRjJFcm9rTTNqZ0NiRzd6X3Z0clR2TEhqaE4zWGlhQ3ZkT0RnQjQyd0szR1VHS3ltSVZlNjIxYmpDdkgxOEJGVnpJR2ZfU0JHd3F6YzJnSnNjeUQtRzJIVDZ6WTBtS0oyNU5CV25Bckw4ZGFoVEl0YUZfRWFCNnpubjFLbTA3RnktakpydkZaencycWxPWA?oc=5,stage1,outside_study_period (2020-01-01..2026-08-21)
993,9de55585955c2a7107eb9098b2451608,Quezon women farmers train in coco coir geonet-making,"Thu, 19 Jul 2018",Quezon,Philippine News Agency,https://news.google.com/rss/articles/CBMiUEFVX3lxTFBUQWY3MnRJcVJPcG5oNFRUcGZkLTg2Zy1IcG9qc2dQXzJhLW90VDFLcDVSbHBseFJMQ2lUMHduVUpHcjlPcnlyZk9ycElDbkw3?oc=5,stage1,outside_study_period (2020-01-01..2026-08-21)
995,71442a752dadc6ee3f52bbeade2d65b4,BFAR turns over fish landing centers to 2 Quezon towns,"Thu, 24 May 2018",Quezon,Philippine News Agency,https://news.google.com/rss/articles/CBMiUEFVX3lxTE5OcUJmWFNYak80dnVIN21TQXRGR2xvVVR4NlNsQTBEV0FtLUh5bVZiY3dJeF9oSVpfbGgyTGlldEdJSkRmQWs5MXprZmtOOW9W?oc=5,stage1,outside_study_period (2020-01-01..2026-08-21)
998,ba0307c56af89b8ba825b9cb6e080a2b,DAR awards lands to 434 Quezon farmers,"Thu, 26 Oct 2017",Quezon,Philippine News Agency,https://news.google.com/rss/articles/CBMiUEFVX3lxTE8zc0MxanBDWEtuWUMxU2RNZENYZ2tfMzBKdzF5NXJxOXRHeDFFV3BYVFJFYm1MUnppZ3pVanJNRWI0eTFMU2RyQng2U3J0aGhs?oc=5,stage1,outside_study_period (2020-01-01..2026-08-21)
1000,d6a69c3f2c13ada1f8fcf55d85d02089,Nutrition Council confers ‘Green Banner Award’ to Quezon province,"Tue, 05 Dec 2017",Quezon,Philippine News Agency,https://news.google.com/rss/articles/CBMiUEFVX3lxTE84NmtRdFdhbDJxTk95X0pvS1pETmFHTVpXeHQwQUtERy1MYmJpUlAteEpNV09TYXVIbW9UclFqSUtwUkhBbGFqTnZLcGVOOE56?oc=5,stage1,outside_study_period (2020-01-01..2026-08-21)
1002,b1ac103354a0b4acf867af54a4fe09ca,Quezon province remains ASF-free: provincial vet,"Tue, 08 Oct 2019",Quezon,Philippine News Agency,https://news.google.com/rss/articles/CBMiUEFVX3lxTE1feVY0aVlVRmY5VjRjdDVCaHlhSmpFVWluc0JpLXUyaDJsN3htOV9WT3IwdXJWZDZuQVFvMFFVbHVJQWsydVUyVmdVYXlpcUFO?oc=5,stage1,outside_study_period (2020-01-01..2026-08-21)
1011,150ded1b3ca930daec786c0d6208ddf4,Quezon farms get boost from new irrigation facility,"Tue, 26 Apr 2016",Quezon,Philippine Daily Inquirer,https://news.google.com/rss/articles/CBMiiwFBVV95cUxPcERHTXFpeEZsUkNkRlRMdVgtcU03dG5SLVN0T0tFNkZfNllpb1ktdnJoUHZWTmU4OXVWX3BUY0pMenRNblhLaUFETXZmRVR1cmNGOHVLeVlwLVlPa2NxYUNfTjJ6WUhXT1otNEQwbmRFZ1M2NWZYb3JJRXlNZzhNaUQ4bUZlTEVGTWRR0gGQAUFVX3lxTFBpejFtNEFiVG9SVEc2U3R1eHNPcWIwUnV6SDFpd21aT2NET1RTSEJGOTdvUjlFUmd2YW1JWHpuMVRqcE5tbGNHUDVoRlhzbDNLS0VrQm5hVjZ1eUVINjRmVjBST1d5YWV4bElsbExWR2VWUVgxTDVWRl9WWEh6T0t2LXhDOWZBU1JhaGlfZzhOUQ?oc=5,stage1,outside_study_period (2020-01-01..2026-08-21)
1017,9bc04fb9e8fbcfae2593e6acdeb20ab0,"Quezon boosts inclusive, sustainable programs for farmers, agri sector","Tue, 31 Jul 2018",Quezon,Philippine News Agency,https://news.google.com/rss/articles/CBMiUEFVX3lxTFBRbE5Ca2F3Y2RfalBad25fZ3hrNTY5R3NQUGRJWU5FQnM0czZSS3B3Tms4RlczbTBycF84eU1xdmNtYTk3bE5MT0hWSDd5Vmt5?oc=5,stage1,outside_study_period (2020-01-01..2026-08-21)
1018,bedb3bedaeeeac953ffa5e0fa37e85e4,"Nonstop rains bring floods, landslide to Quezon, Camarines Sur","Wed, 01 Nov 2017",Quezon,GMA Network,https://news.google.com/rss/articles/CBMiwwFBVV95cUxObnN3Q0hqUjdLcWVjdGtoamdtbHFYRXZLUGZoMGdJTXlYTUd2S09HSGpDaFcxazdHcVpEd0UwbTNkT3Z6cFVOQnp3NzF4SHMySkRrNTY2S0VFWVQxZ0s0TlFHU3NJd1JSWjhSSWdBOXd0QVl2UWEzTjVLbE8wQmtwV2l4eFNaSnVIM2ZIczFuQ0k3N1JGbDlmSzk0LWZ6UTlBRHAwU3F1R2c3dEhvekpFRkZVcTZZaGlzQ2xQbVQxNkF1d2vSAcgBQVVfeXFMTkc5dW5ka2gyeS0xMjNzTW9pRVhUYUtVUUVnNEJIN2ZIdzBobm5mNzd0czVzRFNLM0VHUnpBSzJ6UmVuMmpIOWo4d1lUYXRIajEwYXNONEZoYmlKa3BnZzNJRFNzMXlFM21DblNwTW1abkt2bDZFZllrZ2NRMTVrUDdzdTNYWk5aUThVbjQ3S0poN3FiYkRJOU0ycmNBQjBlWXd5SmtEODJyVm1hMXB6SWpEaXA4S3BfOENFbmtOT24wU1plOGEtaHg?oc=5,stage1,outside_study_period (2020-01-01..2026-08-21)
1020,1abc0bb68e4f35bc266148192e96ee20,"Quezon farmers march for land reform, coco levy","Wed, 04 Jun 2014",Quezon,Philippine Daily Inquirer,https://news.google.com/rss/articles/CBMiiwFBVV95cUxPWWVxMW1PcmtZVFlkR3dieHAzOTBULTFsbFpYV0NnTk41Z09hV3lJQ09sZ21wclU0Z1pkTGtpN0FNV2taWjVUZVFzVjZocktKdHNuOHVRR1EzQmoyZzUwbGZjMi10bXNjU1VKaWlKQ01GWkc4dWtORTRVUVBnZnVKRjlMckhyZnJ4RS1R0gGQAUFVX3lxTE93TkVkUXZJa2E0TFhQN01hekNZUGozZF80LUhiM3hjUGI2T0NMVmVJYnpXdGJrdTEwZmFrYjdvaXlkVGJGcXFDaEEwdFFYVFVwR0dGNHBiekdhcjdVY0tkMngwQTZRbTc1S21xRV91cHdnN3YxMFJqZzJZNkY3X1IyZDRJU2lJNkpMTlVOS1pPQw?oc=5,stage1,outside_study_period (2020-01-01..2026-08-21)
1023,fe162557fe713ea7d148bedcd97a7f51,Duterte distributes over 300 land titles to Quezon farmers,"Wed, 10 Apr 2019",Quezon,Philippine News Agency,https://news.google.com/rss/articles/CBMiUEFVX3lxTE5iMGlkbllUVzgyb1NjQlMyUThYdVU3bXJUUFNYTm5LOUt1b0k0Rm91aFZYano5MDJaZUdKVzR1X2NtczRuRy1lOVBONjJnZDRl?oc=5,stage1,outside_study_period (2020-01-01..2026-08-21)
1024,3daa1a6eadfec50fc102ca1659c313f1,Quezon farmers optimistic of coco levy fund law,"Wed, 10 Oct 2018",Quezon,Philippine News Agency,https://news.google.com/rss/articles/CBMiUEFVX3lxTE9QZDdjZi1pc3RTaGFySDNLeC1FSGRkeHJvbURyeEEzcXBGVFlzSXREeFduaDhVSWcwLWdlTXpSM1JyTk5ndHRPZ0ZFMm1HbmZB?oc=5,stage1,outside_study_period (2020-01-01..2026-08-21)
1025,2a5fed96f4c517fa94b810b12de9dbd9,Quezon gets excellence award in agri-fisheries,"Wed, 17 Oct 2018",Quezon,Philippine News Agency,https://news.google.com/rss/articles/CBMiUEFVX3lxTE54RmtzZ0UyVng3QVlkZTI3LXh6bHpZc2wtREp2QlNabE9mQlhaT2QzTkhNV0R3aDF3MWpma1p2M1ZJQWdtcG5pVFBuUzVzOEwz?oc=5,stage1,outside_study_period (2020-01-01..2026-08-21)
1039,739da00f9eed49a26124bddfe4b3ebef,"Philinsure, PBSP help fight malnutrition in Antipolo","Mon, 14 Oct 2019",Rizal,The Manila Times,https://news.google.com/rss/articles/CBMisAFBVV95cUxNMk1MSmIwYlkxNGRZSk13THFxeEREeTVheF9CSG1mVFhuU0pOZm43U3ExQnpzRVpQLTlnV01MeFpzQzBnc0VnX0l2WFlXRVYyLW1lUGRQOFVTSmFZcklrU1NqbFlmNXRpS210NUllQ201LVViWTE5OU04bERWUmx1LUEzRmUzU0g3ZkdHYWpRWVctZ2pnOElZa3lYb0NkdlpNbFJUUjhWeURfaXJmYVpTZtIBtgFBVV95cUxPQzNleTdxaXNMNm91QWpuQ3FiM1RGbEJyRTVLcWRSTDY0WkJHc3pLUWlYMC04em5LRURkaTRZT3VrRFkxZk9pNFVvUktpbnl3Mzl5ZFB4VG85ODZHYjdOY0YxcXJZcERFeFpYTkhXWXVZX3llWUIzeGxtcWJERXZ3bFFFdUhGNm5PRUVJUGsxSUt3VUtzRzVPTEdjMTVLN05rMVFrWUZrWXpWZm5Bc24yQ3BxTERMdw?oc=5,stage1,outside_study_period (2020-01-01..2026-08-21)
1043,1e5c842e90096f347a0f8e56201cd1b0,"Antipolo Agri Office Distributes 100,000 Tilapia Fingerlings","Tue, 30 Oct 2012",Rizal,The Fish Site,https://news.google.com/rss/articles/CBMimgFBVV95cUxPMGI3NzRoMUVCdkhlVFpUUk9VaXIzT1FGLXE4ZkZlSHhjYVZkcWZVMko4NlI4RGZIWFQ0d1lYNnRDMVlIb3h0czlMUnp5akxsZjRKUG5xQTFBcVZPLWxlQnFpSDhmZ1cxXzlWMzl4V1dCUGdYcng4cmtqeGhuTmc4WXhVRnk1a3ZiWmN5UlZGVDFiSWp2U3lrMWxn?oc=5,stage1,outside_study_period (2020-01-01..2026-08-21)
1057,4b337df0818a27472b528249061e054f,DOH launches program vs malnutrition in Cainta,"Mon, 23 Sep 2019",Rizal,PhilStar,https://news.google.com/rss/articles/CBMingFBVV95cUxNMUZpWlExTldDSDE2VjBOM2Y3Q0dZa0FzRVpKb3ExOFJBeHhpdTE4Y05vVF85cW10bUxpRFE5ZDcxaXlQSmx5UDRLM0xTNGtkSnY0NUV3bzBRWDhIWTZKMWNjS2g0aTQxbFRzam1SX2pNb3I4TVphYTZaV2JxYzNHWmkwRVgzZm5fOHBCZTRqQnEtY1VxbS00Ymw4dnBZd9IBpAFBVV95cUxNRHhpQXdua2l0Tnd0X3FIZWRudktnZmE3MGRpWEpmM3JFbnliZWRGc0RaQ1o2YmRWYUNJX2FiNjVOalduWWV2Y0IxRlRoQmoxeDgzTWw4R2JoSy15SXFqQ2p6Z0tldEUtcVZiR0daQzJqTTJHY0kxMk5MLXB4TWZla25kTHdOWTMwX2p4SXh4QzMzVkN4emNQT19LYldkQWtHMFQ4Qw?oc=5,stage1,outside_study_period (2020-01-01..2026-08-21)
1067,0d952c4212da388f694e5e00d040879e,"Ajinomoto program to educate Cainta on causes, effects of malnutrition","Wed, 09 Oct 2019",Rizal,PhilStar,https://news.google.com/rss/articles/CBMizAFBVV95cUxQMl9iRWQ0QUdyZDRvQmdqSHVDd2JsNGhLSmZVRTdfQXIxOUxtemNrNW5DTU4xTDVTcnczcHV6cjc0R2NnUGkyRXVwSmRaLU9iTEJUOGNTR2VaaE5CaHVMeWR1MlVEaWZpSzRTc09DNVJWYTlfSW9hVkV1Y3RpLXRoMEJGV1VqQi1Oa1lYNmMzSUdxNGZtc3VKVEt6NFR0OVd6bHVTSnhZQnZpZDBXRm43bTEtcUo0V1p1YV9hRVJJU2NwaXFEaFRUSmJfWEbSAdMBQVVfeXFMUHZfNk02Z3dad29WeU5IVWJaWFllT1FIWllyZ2xZWEJaVnVGczdPeG1nRFBYYkplT0VWSmNNYXJaX3E5ek1tT0JQS2x1OWZsZ3Z5SldhUzBVMW1TLW1CMV83aEJoQ25MVTNsYjBzZFVSSkJBQ0M0UG04ZllBcUhMWGVldHZuQ1ZSUXMzLVdQTVpWdWhhUl9nUldqTDRkc1hXdzR6S3NEME9oSjZ3aDM0WTFQSkdDdDk0T1R2dVhVR1NCQ1Z2VHJFY19kYWJRZFE4SUNzVQ?oc=5,stage1,outside_study_period (2020-01-01..2026-08-21)
1104,48e3ffb21937d234be96f084bc7e642a,"In Tanay, Rizal, predator knife fish ends up as fertilizer","Tue, 27 Jan 2015",Rizal,Philippine Daily Inquirer,https://news.google.com/rss/articles/CBMimAFBVV95cUxNZVAtVncwc1N6ZWlVdTk2MEZZTWpIZmRfSUtETmR0dDI3TGpEWU5kcWprOUt6dmVOOXhScnVYM2FWUjRlVHExdkpKU1R0VGVJNFR3RU14MU5NeGdVVGIxcmRBOGlMQ3V2UGwxN0xGOVBieHAwNkpNd1BZdmRaWGJ3aGdaUDV1MXZfTjBPREE0N1dwZGlwVmxvWNIBngFBVV95cUxQXzBNQU9hSmxYNGpMeGloTUwtOUhfeFh2TjRYOTB1ZXRCSXo3bEpNX3VMUHFKeDZCMXRSNGNZc25qWm41MFM4V1JFMk90V21hVlNqQW9jQ2FteE5ramdSUnd4T2F3T0ZnVGxkdWpmVEtCYVBQeFE5XzNSaHotNVBpa2RzdmRXSUdlaDVQN3NMSDRYRGttemJ5TGxOUVBCZw?oc=5,stage1,outside_study_period (2020-01-01..2026-08-21)
1135,35a700a16582b3646e92e04e34a726c7,Rizal cooks fish,"Fri, 20 Mar 2015",Rizal,Philippine Daily Inquirer,https://news.google.com/rss/articles/CBMiYEFVX3lxTE83RG9kMWpCRjRXcU5mdjlucEhwUjJTejZrSkI1SEhsbVVmS3hxNDVvcUE2WmFJX0lfYlE1Qi1HckZiVWY4VlhjOGs1MnQ3SmdmblhvcTJvRmk0WHkyUEFaedIBZkFVX3lxTE9Ta0ZHeXpUVi1fNTVRc2NyR0RpRHJ2aE1CUjRBd1QzRFNUMjJqWldDeVp2eHY0YWptOWUxWm93RG1BNU9mZUJWWjRldzVmeXRlYnp0U3FPY0RPYVhjTU1BYTJJSU95UQ?oc=5,stage1,outside_study_period (2020-01-01..2026-08-21)
1138,fb1e728d0dc4aee4acba326f75cf9ff5,Rizal towns still flooded weeks after monsoon rains,"Mon, 10 Sep 2012",Rizal,Philippine Daily Inquirer,https://news.google.com/rss/articles/CBMikgFBVV95cUxQUWFPR1BnYnUwUXFNVFVmclpHRnR5WDdQV29qd0labURQQlJjSjhrZ1RWM2h5YWxxOHNlVGVPSFVoRXJxQ0REYjc3U2xqbmdlN18xV3lDVXlfRWVhOE5CWEdWWG1JcGRRZzVLbkpPUXQycDRPVXo4U1lhNXhPRGJwV3l2WnFFend1VUQtYmh4MWNxUdIBlwFBVV95cUxPQ2p4NjFXZlhGUVN3clVBdm9NbDBraTFyMks3a2FUUy1YQVZVckJ5NnFlZkhnVEN3cUN1MzhQTlNWbzYwSEwwQ1Y3U2NqY1E4aEMtaVZIcEl1QW1GdFJCX3FGR0YtTmJnQ2dCQmpYQ2V0Mm90OFJldFhxLXkxVnBPaFNCbGFQa0VwaHQ5ZVViN3BITEM3OVpZ?oc=5,stage1,outside_study_period (2020-01-01..2026-08-21)
1142,1b6a9f562f05dcc0915ebf0b8db9afcf,"Rizal farmers receive land titles, farm machineries","Mon, 23 Apr 2018",Rizal,Philippine News Agency,https://news.google.com/rss/articles/CBMiUEFVX3lxTE1XWEY4QVBGSkdXYVUzcFh1b1RDY3JWQlJyNHFSNjhTVndZTl9DcTlUd291QUZILUI4MFpQU3NiYlNwMkVsdEVPYVlFenNmWFBm?oc=5,stage1,outside_study_period (2020-01-01..2026-08-21)
1143,f3a8ab29dce60fcb9e12c526938429ce,60 Rizal farmers get DAR land ownership titles,"Mon, 28 Jan 2019",Rizal,Philippine News Agency,https://news.google.com/rss/articles/CBMiUEFVX3lxTE1tZkFmd2VDM283Zk5WQVpIVTFtUG05VE0tbThLajA4cVhyYjlVWUFHRW92LTVMS3NHbHlYNUVKNmhMWHJXTzd6LU5aMTFsODA3?oc=5,stage1,outside_study_period (2020-01-01..2026-08-21)
1145,5ca99879dceca3156702cc6711757b7d,P20-M smuggled rice seized in Rizal,"Sun, 05 Feb 2017",Rizal,PhilStar,https://news.google.com/rss/articles/CBMiiwFBVV95cUxNeS1NdkhiY19rNWxNNVA3Z0dWeElVUHdYdFhrR0Q2R2xWeGhOVjVKc043NmJ2eks1ZWFqUDBTMEJCVmUxMHRqWEhXd29nYllLWXRwdWluU2hKa0RmNmotNC1zTVZHaENxaE8tUW5NWmU4amFPWE1HUEZZUHRyMHlVeHBoazluODFYYlNB0gGSAUFVX3lxTE9ZS1BPYzUtSW5KZURLcmdRYVJrN3ZZZ1I2LWtiLVBublRPNWhyb3F5Qlh1U3BBYk1NRWxnc2ZybW1Db2JaQlhqemFOY2JwNjcwQ3NYenowYzZsM3E0Y3JHYWJVd2E4V1BBUUFzdkxERWdwdEViZ2Y2b1IwUkdNOXFmbGpaeWEyRGVULUYwQ2hPTXRR?oc=5,stage1,outside_study_period (2020-01-01..2026-08-21)
1152,7e9b2ada02abf63f4b22008b8b29f32a,"‘Tinolang manok, ’ fish ‘escabeche, ’ ‘suman malagkit, ’ ‘tinagaktak’–Rizal’s fare in Dapitan","Thu, 30 Jun 2011",Rizal,Philippine Daily Inquirer,https://news.google.com/rss/articles/CBMirAJBVV95cUxOeDVzTEdCUENITDhhdFVLelItdHFFTnJEZ2FZQ1FScWtyTFFsMlJaakNtTkVhaGxNN3luRU1HbzY4TXFmQ0NJbEdXMFdiS3FTdFBWM0NEUWFuZ01tcGhXSlRRSW5HcjhGT0pnMnhNdXU5NGhkUkNfVnF1Q0dFQlBNSHJJbDdUdms2d1VMM3BTYXpHN0VfcmphZFdFcGt3cGo4WHQzN2twemd2RDBYaC05eFcwUlF2YVA0ckN2TEdoaks5bWFCNDRiNEJfY1EwTHZyWVYwb2VxZENUMmFRb0pQX2VzU2VPMHR6RDQ1QmJqcm9YNFFUYnRtYjk3MVJ0OGNJSk1jQ3A0SzRPZ2hpZkpyTVJXU0xmWEI0cEkwUjlfRVVybjV1MnJpb3FtWnDSAbICQVVfeXFMTXppeklNQWxwaDBVaHRneThwZkhBT080UFZReFNDTDVjSHJNbkhBWUZjbVB5ODFBY2R1QVdlbzBUekR5Rlh1NEFhNkNINDdCSHJfb1RHV1ZKSS1Kb1lLLXNRMW5RNU9UM25XOEF1REhlcy16QzA3UEI1YWtncWFSOWF5V0FkbDB4TWpvaUhyTXJ1aHdjM25xWXQzUGZzY00xVE1XNGE5dHhZcmp0c1ZYTDY5Q0pjM0FhVUlpaDJyZG55d2MwS2VGVFh2am9MVEtJYldlQmlERHlBNnhETjVfbFFoY1lCQVFBeHVQU042dlpDbzBpOE16eUFxSkJHWUVwUjJqUHRlY2J3dXlkS3VxeGxLeFpCekpiOEl3SlpuSXA0MjlrRG1sNXY4aGFpUEwzeEhB?oc=5,stage1,outside_study_period (2020-01-01..2026-08-21)
1154,fab6b2b8d7774a735db0c32b7b9f6de7,Suspected African swine fever cases in Rizal reported,"Tue, 20 Aug 2019",Rizal,Philippine Daily Inquirer,https://news.google.com/rss/articles/CBMilgFBVV95cUxQVUJGODI0SWhENEpYOTZxQ0U5SDBSU2lWZHFWV0tVY2V3T3pid1QzYmdQbUdUMnNHSWFUQm5JenRvMEdqbEotN1I5a3NoSEJBeUdjWm1lY0JrUTNsbEIyc2FLcS1qRGVuQXZUMmlyV2VYQ1ZqY2lyRnZycXZHc2tDYkN6c3NMSXQtVkVIQVRFUHkyU29pYmfSAZsBQVVfeXFMT1I0ZzZCdldQeFNTb0duNFlfZXNCeDlsWVFsNmRHZ0xGSEQ4UURnZ09BdEt3SWRaX3drblJIYVA0VzRlTnJBUkpqQWNJMk12TFdDOEhfdkw4OVB3ZzI0blBsdzlZdnpvX3RCSWRGb0Y3VmoyT09pLVA3SWkwRU9GT25ESzBiQXhIUE9hUDNNUHQ2QlZtMFZkVHlZTWc?oc=5,stage1,outside_study_period (2020-01-01..2026-08-21)
1157,6cbbe6de9ba4cb6fd3a1d12afaac7677,"Swine disease in Rizal not ASF, says DA chief","Tue, 27 Aug 2019",Rizal,PhilStar,https://news.google.com/rss/articles/CBMimwFBVV95cUxPNzlXb0hkX1hvbVJmcmZid2lxRDN1c0RjcG1ISFBEazVLN1F2TUZpdVFPRmszVzlKa0VUTHpiNkZabG1hSmZ3MUViM3F4ZEtkV2xjS3N1RjAzWXZZRl9JeEExYlJiMGxVazFOWWhHU0FqSjJQWW1ZZ1Y4MVVxR0NVX29abTg3b0p1MGYzMG50QUxZb0t3WlVNZHQzd9IBogFBVV95cUxQTURSYUdXMnd0UWZ1R3RZeVBGOUVKckRFa1ZYNC1MUm9VY25EMk9lVUhsRnRxTklmeHUzc2V0VjRFOVlvZjBKOU10SmpQbDc5NWh6LUdYdjB1Y29BaDg2N3lCbDY2YlhJa3hWSGg5SmxVcjBxRGtpazNsTDVKXzJUc2tjS3FfQmNoZ2ZHV2xuMTA0aGtNWTNhNS1xTVZnU1V3RGc?oc=5,stage1,outside_study_period (2020-01-01..2026-08-21)
1175,974a6c3a15ec265b08b1713d62b576f1,NAIC assures farmers on adequate insurance cover,"Fri, 28 Dec 2018",Cavite,vanguard news,https://news.google.com/rss/articles/CBMijgFBVV95cUxNVy1Bc3ZWYXJkOWNwSGRPajdNSWlmX3NJaUh0VG9VbUZBX19FZzFrZ0xkQVVmcWhac1ZVOHBOXzNwSWZLanJhX050TVY4YVV6S09YRmZNSmM0NFBZcUUtNmZwM0U0SHRMM3B5THc4b2RWZ2Vpc21YMHM4UncxVzVTdmxkOXluY2p1bHV1dGtR0gGTAUFVX3lxTE1CVlBzTVlBWHluaVFQaFpycXlDN0ZweHRpcFd0QWp1OFlzVVRGVUVLVks5M3RlVDJWQlZTREpOVDNRSng2YlhyZDJrRG01N3pmeF9kWFB2SHYtWEZTMjF0RmF0TXQ1NEphY0U1WGNWSjlkZlVuQkpDeW9tbXdVSlJDUWc2SThOc0JrMlppZi1CQnJTOA?oc=5,stage1,outside_study_period (2020-01-01..2026-08-21)
1177,ba966f644c83304661992bb5f1259bf5,NAIC assures flood affected farmers over claims,"Tue, 22 Aug 2017",Cavite,vanguard news,https://news.google.com/rss/articles/CBMihgFBVV95cUxPSWtReF9zM3Y3T3lFYndiR09fbE9HYTdTY2pkaFItSHVuTjBVcGVnZmFvNjB5aXRMV1Z2SVNTUy10dzZVR1Jra0c3Z2R3RzByU2pFTWJiNWVETXZ2UFl0d3Q3TUN0SHNuc3N6VlRFa0J2UG9BR0w2T2RsXzhGM1QwN2w5bThVd9IBiwFBVV95cUxQUERFTU42eGNjNTlLdXV4R2dCYUNVRGd3dmY5a2NvM0NXSU50M1pnMUxGTlZZeFo1eXQwQTFJZmloMlVaZnZlOHYxMTBXa0taQkViQ0g1TFNFZVdBckdsdExkX1RwVnhNbERGWnA4Wkt4aXUzWW12SEVaWVJaSjBoSUpSeUxFVlc0V2ow?oc=5,stage1,outside_study_period (2020-01-01..2026-08-21)
1182,4a6c1ae579de1313ea81b855ed937758,Artists make Cavite farm glow,"Sun, 24 Mar 2019",Cavite,Philippine Daily Inquirer,https://news.google.com/rss/articles/CBMidkFVX3lxTE5oS3VJdkVRMEZoTERMNnBxcXlDRFFEYjhoSkI3STRfc2puYnF6V0lXWG5hMlF3bVdFTTBsSDl6bVY0dnBzdUJtSTBMNUJ6b05Lc2NFUVB5anhVUFdseno1QUY4WGtKbVBHbndrd2tMYnVHZVJObFHSAXtBVV95cUxQenBMZnRUWnNzTFRyUnJIdGRkMUluYmNiVHRHLUhhQ0lRVmZuRzA0RnZyVFBzdENVQUc5REVYcTVZdUg4N1pYSFp6QW4wdW1rYk5NSm1TdlNwcFBqRGdEaS1Dc2oxQWlJc19pSG9VbkhBRTVtaDhpaGgtczA?oc=5,stage1,outside_study_period (2020-01-01..2026-08-21)
1185,5d80728e35a482cf5433e4fed0922f98,Hunger strikes Cavite residents | Gulf Times,"Wed, 21 Aug 2013",Cavite,gulf times,https://news.google.com/rss/articles/CBMie0FVX3lxTE1KSWVBS0xLZjlnblFhTGRiUk9BUEhMc0xNQ25Odm5fbFptNkl6RnRIcjNsTEl5UmtNaWZnTy1Bb3hmeG5GNHdhWF8wRWgtRWJ0WVFsdzFOWTNQY2FkLWhsazI3REV3R2VmSUJ5V3lrMVNkMHdDa3RYM29hNNIBgAFBVV95cUxPXzBaZ3EzX0dLWkZjeE12RXhTZVkwVGtZRFpTTnBzVHhpd05KV0E5RFgxR21hZW9IOUtvUlhUTzBuZjUzMWZkSzJMNUQ1UkVrUWVaVVBWTmlpQTZRVE1ReDZqVUkwQXVwOVZDbDBnVTdQZXJkc2hpRlAxYldwWldCZw?oc=5,stage1,outside_study_period (2020-01-01..2026-08-21)
1186,54597d88666a8a04c73360ad0c301192,"UP Los Baños Lone Summa Cum Laude, Son Of Farmer","Fri, 28 Jun 2019",Laguna,philnews.ph,https://news.google.com/rss/articles/CBMiggFBVV95cUxOYl9LNWhEU0hTNi01UlU1SDZnVEZiSktWTDNrNG9GcnFEemp1Z0JHaEtTZFA4Z2JEN3lzd2xIc2Q3NzlCZ3N5cUVHdzJHeVlIdERTTFJFMXdNOWRZM1pPbUF4MHNRR01oMlhOeHNBQkwzVXNLM3JXWll3SDZPXzRQZFhR?oc=5,stage1,outside_study_period (2020-01-01..2026-08-21)
1197,34ab3f601dced7b69ae8cd62c49f10f7,Hunger Bowl helps Laguna’s homeless,"Tue, 06 Nov 2012",Laguna,orange county register,https://news.google.com/rss/articles/CBMifkFVX3lxTE5vUi1RS2tFWFNVNDlGeHk0cFU4RUMycnI5VlE1enN1NkYwYThXbGRsTHM3bGdPd1JNT19XZ0YwMzlzV19YX0lUaVpwV1pyWDZERFRwUzc5UVNsS3cxMjYtcmFjTklvNkhLRWJKcmQ1Mm9QR1gwbTJUOVVfWFNXdw?oc=5,stage1,outside_study_period (2020-01-01..2026-08-21)
1198,a9fbffae86ab38319d28cee3f3fc3075,Laguna Beach’s Taste of the Nation to get help from celebrity chef Curtis Stone in fight against child hunger,"Tue, 30 Apr 2019",Laguna,los angeles times,https://news.google.com/rss/articles/CBMiowFBVV95cUxOYkVtUG5ITXpqLVhlbjQxdHFxZTc4OTlwX1gzN3JSWkFfU1hiVV9WNTFvYUNrWjBsV1JVN1RKclZuOEtiMUljdGZjd1ZuLTNiUTQ3Vm1Ea203aGY1eWp4QkJia0I0ZmhacnhOZmkzNWt3WHlQSlFxdWtnQ0s3X3RqRXV4MFpnZ0dDc1FkWWx2cGZ6YmNPTFVvd0F4MmZqNmtOX0dj?oc=5,stage1,outside_study_period (2020-01-01..2026-08-21)
1236,57a84235a9981c54337b4f3c1bed045c,BFAR assures ample supply of tilapia amid fish kill,"Tue, 04 Jun 2019",,Philippine News Agency,https://news.google.com/rss/articles/CBMiUEFVX3lxTE9NN3Y4ZHFLVVZuS0t5NEhvaVBxcks5VnBubzE5dmRVdW0wZU9aVjhkY3VGQV9rc2ZLSkRHSnhBUTVEWFRmM01iclBEdFBGN3R0?oc=5,stage1,outside_study_period (2020-01-01..2026-08-21)
2,8d2dbfcf32f23ce76a7a329f190fc27c,Carina kills 5 in Batangas; 4 still missing,2024-07-24,Batangas,PhilStar,https://www.philstar.com/headlines/2024/07/25/2372807/carina-kills-5-batangas-4-still-missing,stage2_relevance_review,"casualties only, no food-system content"
3,cbffe6a3c031682d75b4e4a5a702c32c,"Fallen trees, logs, debris pile up in Agoncillo, Batangas after Kristine landslide",2024-10-27,Batangas,GMA Network,https://news.google.com/rss/articles/CBMi3AFBVV95cUxORDQyQXZSVnN1ZHp6VHNBN2tndXZXcFVYWmM0QmJGUWRrdGo2M1pNYnBFNVpRcl9HVHFaZWZQbkQ5ZmNCYW9QUHRWN1VWSF81YmxZbldBU2FBQXFqbDFBMkd6OF9GRWpTN2V0c0hsZVowdktKTmgzcW91NjNkeHlwYnBEeVUwMWVNcUlEcGwtb2F6VDVVNGtIRnhMYjQ2Q3pWcmFZWHo4Q3pYekVBdFBBXzJPWFZxdE1nWjk2X3NRcTh5NFBlRGJ0Wm5oUW02YldJd1RubFlJOTNvRGZR0gHiAUFVX3lxTE00UnJTOHVQWXgwelNIaGJreEZlV1hidWoySFQ2dHE3dFNpN0xwZHFJV3d2ZDMweGxJclppS1ZwWHN4ZFBBQUhqR0U2VEdfMEM5TUpmeTE4bk9xLUVsSHNxRFpuS01yb2hIUVpXOGpQaTNmcy1DSXB4YkI0SHBqYUdNVFp0eXpZRUk5RzMtV2llSUl5UG8weWVVRlJPcmNBbWxSNGRjN3gwVlJSY3FiY05mWjJJODhKWHU5bm1WQW85SG1fa25vVTRyOFlDN0J0M3A4U0RiZHVoTzA3TUpibW9aaHc?oc=5,stage2_relevance_review,"storm debris cleanup, no food content"
4,17d8feff2dbe10543f726122b1dd108d,Town of Agoncillo in Batangas now under state of calamity due to damage from habagat,2025-07-23,Batangas,ABS-CBN News,https://news.google.com/rss/articles/CBMi0gFBVV95cUxNbld6UkkwTm56VENva0NBRXA4cUlXRVZRdlB3WTdXTHB2ZnhNdmhZUjNuMWU1YTRaZmx0ZGFHMjlFczdxTnZaejhnQUIyMi1NeTU1b0dVY2FuVTdBcUtrY1B1NEFyN2lyUzl2MHE5cFotVHYzVkNNSzNBYktVU3pxR1pZRzdhNU93ZXJhX29RQWVUSlV0bl9kcmRkaUpJZVNUWXhQSGRSSHIzMXJkWll6YnRXR1FoRjl3eGZpeE5DRVJpUkY1b1dWbmlSdV9TYVNOY3c?oc=5,stage2_relevance_review,"bare calamity declaration, no food/displacement content"
5,c0aaab54fbd1524d1c08023dbc657ed0,FDA Advisory No.2024-1682 || Public Health Warning Against the Purchase and Consumption of the Unregistered Food Product “LUTONG BAHAY Anchovy Sauce (Bagoong Balayan)” - Food and Drug Administration,2024-12-19,Batangas,fda.gov.ph,https://news.google.com/rss/articles/CBMikgJBVV95cUxOVEtNQy10c1JjRGRWZnhYZzVGaTZjeXJPU2lHV0RLTTZrSnlvX0dMcW1HVkFYellHUE5CX1A4STcwbTBOcVA0Q0pmaHhJd1FNV2NnQlZmVEZISWdtQVluWjFTMjlyT1ZZY1hWVXVuRHRCMlM1d3NqV2x4bFFtSHE3MXU2VFBvNkxKcG1IZGhlazVTbmJESTNpVjBkb3BFZEZoX25DS2pjTXdoOFhmbFJyanVPZ0NVeUFqRHZzMjZ6dGs5dkk1YlBVelZCZGdYMDA3OHpvM1hQNy1iTEIwTmxVN1AzTzJzRnJGVTFmX29ZeFJyOGJDUnN2UDg4NERTYllKek1hbUV3YlNOakNNLUNSZlFn?oc=5,stage2_relevance_review,"FDA food-safety advisory, not food insecurity"
7,a9dade2c7948efb71b34f737842c6e92,Batangas City Declares State of Calamity due to Typhoon Quinta,2020-10-27,Batangas,ABS-CBN News,https://news.abs-cbn.com/news/10/27/20/batangas-city-declares-state-of-calamity-due-to-typhoon-quinta,stage2_relevance_review,"bare calamity declaration, no food content"
8,001b7ab1ad15218858d13799ebb89f6b,Batangas Under State of Calamity,2024-07-24,Batangas,Manila Bulletin,https://mb.com.ph/2024/7/24/batangas-under-state-of-calamity-1,stage2_relevance_review,"bare calamity declaration, no food content"
9,56c62848b74950b437f58623c8b12368,Batangas City holds 'bokashi ball' throwing for river restoration,2026-07-21,Batangas,Philippine Daily Inquirer,https://newsinfo.inquirer.net/2267741/batangas-city-holds-bokashi-ball-throwing-for-river-restoration,stage2_relevance_review,"river restoration event, not food insecurity"
10,7ff117c0b0dab1a74dab6bc39b9bb01d,Helping communities grow together,2026-08-07,Batangas,The Manila Times,https://www.manilatimes.net/2026/08/08/supplements/helping-communities-grow-together/2400963,stage2_relevance_review,"cooperative feature story, not food insecurity"
14,6b7e643a5b959565c5855927cdcfad6d,Farmers plant corn amid favorable weather in Batangas City,2024-06-06,Batangas,GMA Network,https://news.google.com/rss/articles/CBMitgFBVV95cUxOV3JxWE1VVWpyRUhObHdwVExUMkNhSlJUR3VuekptcGZmY3V0b3Bycm1wWmtCY2N0aHdXUHBXaVV3a25lelA3OUtadXdLZzVlaHo3NTd0N0VERXotVTRPdUxVb2dON2ZkOHRneHpXRjN0NkNrWlpFSFF1MTNBM1pfMC1XMkJ4QXlxTXI5Sy0wMVhjX3YxLXB4bGY1MmhoZXZVNG1HdVFacXk0VUw2bUdRSTlwYkNUQQ?oc=5,stage2_relevance_review,"routine planting under favourable weather, no insecurity signal"
16,9ec8f6a71012f10b5dfc14a182088a7c,Divers in Batangas create nurseries for rescued coral,2024-04-16,Batangas,Interaksyon,https://interaksyon.philstar.com/trends-spotlights/2024/04/16/273842/divers-in-batangas-create-nurseries-for-rescued-coral/,stage2_relevance_review,"coral conservation, not food insecurity"
17,1a9b017a8147f559b0a86c362a157e1e,Batangas’ Calaca town now a city,2022-09-04,Batangas,PhilStar,https://www.philstar.com/nation/2022/09/05/2207426/batangas-calaca-town-now-city,stage2_relevance_review,cityhood plebiscite
21,305919756994d86c5bf7e9aef4accaf5,"In Calatagan, a race for fisheries survival at Bangkathon Festival",2022-07-29,Batangas,GMA Network,https://news.google.com/rss/articles/CBMiygFBVV95cUxPX2VVZ1FmbWpNTkMtUTN6MHVGb01JWlloMUlyazJPMmhQQ3p2WE1xYWNhbm1ZOXRWSUU5QldKTGI3Ym1sUmJQeHZXZzZvNE1BNmZNT183QjEyV1NlRWJtdjRfeno1UVpsU3VsM3JuYkdER1pMZ0ZQMG40QTBiZVA4aXFiWkhqNm5HLVI0dWhCczVaaE5CZDhOakR3WWxxRHhkcWNpQXNsSFE2aDd6VEgzN3o2Y0IzckhRU1VoVGh1V292RjQ3Q1dwREt3?oc=5,stage2_relevance_review,"festival feature, no food-insecurity evidence"
22,4e5637da7233051e589c622324ec1fcd,Calatagan artist paints mural honoring West Philippine Sea fisherfolk,2026-05-18,Batangas,ABS-CBN News,https://news.google.com/rss/articles/CBMi1wFBVV95cUxOSEtaRUFqMUVFM3poelNvT0N3d2dSYUZkVV9Fb2Z3Y1dhT05VLWY1RzhLdE45WmY3R1U3N1B1QU13bE5uYnYyRkJnZGoyQWhLYVBmVlJ2aXRQYjVyODNNaFdWRWFCbU5VcXJOY3Zwbjg5cEFqcThUMzE1TjVNNW5TaUduSXN6OGFJT0ZlRnZXWEEyRWdWdVlVbGZJemxwTm5FZVNLMjJpWWttaUFGaEtuem54c3k0STFqVkVHLTFMN0wtTTRjdi1RcHlxQ1FUaHV4UzZGaGNPSQ?oc=5,stage2_relevance_review,mural/art feature
23,c1e4455689db4ba8277e981157e02c56,Ode to Earth: Inside the family farmhouse of the architect Gelo Mañosa in Calatagan,2025-05-04,Batangas,Tatler Asia,https://news.google.com/rss/articles/CBMikgFBVV95cUxQenhMZTcxWG1sdmIwVkZaY3Jwd3JETWRqUTl2cmZBY0lPbFZiR0hkLVFTclpoZHZONWQ0X0J3NThTNTJsQTlydkdkSXNJVDMybk10MEwwVFg0cWpsT2hVbmtTRkg4SURXVmpHRGJ1amxBUlVna2I4TnYybmxhb0pNYm1EeEJJRHFJYWxQMUpIMlZGQQ?oc=5,stage2_relevance_review,architecture lifestyle feature
27,3d86cbc7dc7243a489d33db52905a2d2,Vans carrying pigs seized in Ibaan amid ASF crackdown,2024-08-26,Batangas,GMA Network,https://news.google.com/rss/articles/CBMirwFBVV95cUxQWE8wOUhQTE5rSEZaYVBOajh0TUNaNGJtYXVDYnpxeFBNTzBNNUppWjgwM1NMbmFyT19OOVpNYkMyRmw0S0thYmEzMWVCRjVqdDFqdmI0UEI2VFJUejBfN3NrQVUzY183YURDTmY2UzJGbEFoVmR6bTQ5cDhBSU5zQUtIWUVIbTh0bXJoMlQ5dmRuMUtFeE1vaDBtZlFaYTZVX25wbi16UmNFcU81Y1pV?oc=5,stage2_relevance_review,"law-enforcement seizure, hog-supply link not evidenced"
28,cdd3375d8b7e6400bb774f9416724a05,Marcos defends PHL flood infra after twin storms inundate major cities,2024-11-04,Batangas,BusinessWorld,https://www.bworldonline.com/the-nation/2024/11/04/632658/marcos-defends-phl-flood-infra-after-twin-storms-inundate-major-cities/,stage2_relevance_review,"national flood-infrastructure politics, no food content"
30,9c9ad6fca32abe3f76e9329168062b1a,"Farmers and Fisherfolks Day, ipinagdiriwang sa Laurel, Batangas",2024-06-21,Batangas,brigadanews.ph,https://news.google.com/rss/articles/CBMikwFBVV95cUxPZUh4STIwaS16LW1XWmFUTDFFNldyRVM2dTZNbUdoSW00OVhycUF2cFVwaUZlLXJXQTE5VlFwaFBHMnFHTU5IcGY4ZmI2RlI0TkFPSEd5ZzJLS0NjaE1sRnd5SnlURFFDa3JQVXJCaFRmOE15Q2ZfNkdzZ2VURWFkRjllSGdING8yRGttNEw1eFlVRTQ?oc=5,stage2_relevance_review,ceremonial observance
36,a2a7358c9d282462845dc4ba1fc044c5,Flooded Batangas Provincial Hospital halts admissions,2024-10-24,Batangas,PhilStar,https://www.philstar.com/nation/2024/10/24/2394987/flooded-batangas-provincial-hospital-halts-admissions,stage2_relevance_review,"hospital flooding, health infrastructure"
37,bb67b12f3a942ae8cb7820ab31653f16,"DPWH urged to cancel, reprice P1.6 trillion projects",2025-10-04,Batangas,PhilStar,https://www.philstar.com/headlines/2025/10/05/2477628/dpwh-urged-cancel-reprice-p16-trillion-projects,stage2_relevance_review,public-works budget politics
38,cb96b52a19f13e4db5b07bea553ff5d2,Brgy. Matabungkay conducts coastal cleanup,2025-11-13,Batangas,The Manila Times,https://www.manilatimes.net/2025/11/14/regions/brgy-matabungkay-conducts-coastal-cleanup/2223263,stage2_relevance_review,coastal cleanup
39,b0750b69407bafe3b43e081294f3ca2e,Pamalakaya seeks help of CHR to find missing fisherfolk organizer,2026-01-14,Batangas,Manila Bulletin,https://mb.com.ph/2023/12/2/pamalakaya-seeks-help-of-chr-to-find-missing-fisherfolk-organizer,stage2_relevance_review,"human-rights case, not food insecurity"
40,712132facccbba898372c07dd024949c,Research progress of probiotics and fermented feed effects on pork quality - Lian - 2024 - Food Bioengineering,2024-03-23,Batangas,Wiley Online Library,https://news.google.com/rss/articles/CBMia0FVX3lxTE8wWEFuQVlZekEyd093Y0M3REdvS1V6WFRCY2pWV2JPN2t2bDlseDhiNFAxY1Fhdjhrc2o0ZFVWb2U1NFd0X3BON1hRdHZMbkMzSEZmUWs2dGdiN2dNa005LTVDXzAxRkF5WDFB?oc=5,stage2_relevance_review,academic journal paper
64,dd71726e0f815ea1e71ee2eeeabc6b85,Construction Worker Buried Batangas Landslide,2023-02-07,Batangas,PhilStar,https://www.philstar.com/nation/2023/02/08/2243380/construction-worker-buried-batangas-landslide,stage2_relevance_review,construction accident casualty
66,661e15230a7267b13f5b0cd3d12a58f3,"Giant clams survive, thrive in Batangas marine sanctuaries",2026-08-08,Batangas,Philippine Daily Inquirer,https://newsinfo.inquirer.net/2280068/giant-clams-survive-thrive-in-batangas-marine-sanctuaries,stage2_relevance_review,marine conservation
67,d1312346c447095b808e761a8d0e5f61,"Nasugbu, Batangas declares state of calamity due to Maymay",2026-08-19,Batangas,GMA Network,https://www.gmanetwork.com/news/topstories/regions/999143/nasugbu-batangas-declares-state-of-calamity-due-to-maymay/story/,stage2_relevance_review,bare calamity declaration
68,e0184072b04d189adb869d63dee163eb,Co-op teaches Nasugbu farmers to make charcoal briquettes,2024-05-27,Batangas,Manila Standard,https://news.google.com/rss/articles/CBMiUEFVX3lxTE9GRjc2VUFQTmpWZU5OTW5reXB4MlpMd0ViRWN2aDI1R1ZMaG8ydGIyUEEwYlhadUc1QWdnTUtMZXhjNFE5NElPYmNfczMwQkIw?oc=5,stage2_relevance_review,"charcoal briquette livelihood, not food"
70,f0ee36da60cdecb3e1bf7f0cc15f3ff8,"Nasugbu, Batangas under state of calamity due to habagat",2026-08-18,Batangas,ABS-CBN News,https://news.google.com/rss/articles/CBMiqwFBVV95cUxPN1RkQUNqT2VXZTZVN0paemdFWXR1c1NyTk1rU1VXNnR5NldMZHFRZWNVbXN2QzJwUnBVZk85TXBIZ2hsQk4yN3BOOG9jd3VuQzFqM3pJeFNUdlFzXzN1VXhBeGhiN3BLT1BWNmgydG0xSUZzQTlaUG9QbExNSkpvYU50SmNKdnIxa3hxQUk1MjJqa3NWNk5ERnl1QUdDYzlZUEN0ejg0bHBCcUE?oc=5,stage2_relevance_review,bare calamity declaration
73,e452010dfadff5a6b08b176d6ec8ea1b,"Lasang Lokal, Proudly Pico Showcases the Rich Heritage of Batangas Beef",2026-08-01,Batangas,outoftownblog.com,https://outoftownblog.com/lasang-lokal-proudly-pico-showcases-the-rich-heritage-of-batangas-beef/,stage2_relevance_review,culinary heritage/travel feature
74,a903cd7e391f575b619b15fe1a13ede8,"The Rainmakers, Gerphil Flores, NOVA hataw sa Knights of Rizal 75th anniv",2026-08-04,Batangas,Philippine Daily Inquirer,https://bandera.inquirer.net/451896/the-rainmakers-gerphil-flores-nova-hataw-sa-knights-of-rizal-75th-anniv,stage2_relevance_review,"anniversary event, geo mistag"
77,24a3052b64421cae9a75916521c7b9ec,"Free food for Bible study, cleanup drive",2021-04-19,Batangas,Philippine Daily Inquirer,https://newsinfo.inquirer.net/1421240/free-food-for-bible-study-cleanup-drive,stage2_relevance_review,"San Juan City NCR, wrong region"
78,b970c15e0d9657ed93f654c3db716994,Rundown: Where you can donate to 'Paeng' relief efforts,2022-10-29,Batangas,Interaksyon,https://interaksyon.philstar.com/trends-spotlights/2022/10/29/233040/rundown-where-you-can-donate-to-paeng-relief-efforts/,stage2_relevance_review,"national relief donation listing, no CALABARZON tie"
79,8f875c514780d04f67ba59df3e0ac5c2,Town in Batangas Under State of Calamity,2022-10-31,Batangas,Manila Bulletin,https://mb.com.ph/2022/10/31/town-in-batangas-under-state-of-calamity/,stage2_relevance_review,bare calamity declaration
80,50fda1212e1c82d809cb48e2bc9a22b0,PCG assesses impact of oil spill,2023-02-10,Batangas,The Manila Times,https://www.manilatimes.net/2023/02/11/news/regions/pcg-assesses-impact-of-oil-spill/1878173,stage2_relevance_review,"oil-spill assessment, fisheries impact not evidenced"
81,3599b6965f09009c14267da8219f07c0,PH Coast Guard surveys impact of oil spill off Batangas port,2023-02-10,Batangas,The Manila Times,https://www.manilatimes.net/2023/02/10/news/ph-coast-guard-surveys-impact-of-oil-spill-off-batangas-port/1878103,stage2_relevance_review,duplicate of oil-spill assessment
84,29e279b928d16e427fb3727d848d98ce,"Coming Full Circle: From 4Ps Beneficiary To CPA, Public Servant",2026-07-23,Batangas,Journal News Online,https://journal.com.ph/coming-full-circle-from-4ps-beneficiary-to-cpa-public-servant/,stage2_relevance_review,4Ps human-interest profile
87,ff3a5e2cf552665b909ec3a129f38670,Duterte urges Congress to expedite passage of P30,2020-01-20,Batangas,Philippine Daily Inquirer,https://newsinfo.inquirer.net/1215526/duterte-urges-congress-to-expedite-passage-of-p30-b-supplemental-budget-for-taal-volcano-eruption,stage2_relevance_review,legislative budget process
91,b730205dd7cb4286bfbf93646b75f7f7,"Cloudy skies, rains seen in Batangas due to Taal eruption, amihan",2020-01-15,Batangas,Philippine Daily Inquirer,https://newsinfo.inquirer.net/1213220/cloudy-skies-rains-seen-in-batangas-due-to-taal-eruption-amihan,stage2_relevance_review,weather forecast
92,357b4bcd72215a1af71d1025582eef35,DTI offers loans to shops near Taal Volcano,2020-01-16,Batangas,BusinessWorld,https://www.bworldonline.com/dti-offers-loans-to-shops-near-taal-volcano/,stage2_relevance_review,"business rehabilitation loans, not food"
96,6b454224b2e9206af510a535761cfdf4,Town in the shadow of Taal Volcano in Batangas is hit by landslides it never expected,2024-10-28,Batangas,Manila Bulletin,https://mb.com.ph/2024/10/28/town-in-the-shadow-of-taal-volcano-in-batangas-is-hit-by-landslides-it-never-expected,stage2_relevance_review,"landslide narrative, casualties"
97,d505a1ce9827eda48e9ae6dc51080d57,Media Reported Ex President Duterte Visit Landslide Victims Batangas,2024-11-04,Batangas,Rappler,https://www.rappler.com/newsbreak/fact-check/media-reported-ex-president-duterte-visit-landslide-victims-batangas/,stage2_relevance_review,political visit
98,c6d8a9307a8bf25a83b4a12f1434ed99,Aduna nay relocation site sa gibahaan sa Bagyong Tino,2025-12-15,Batangas,SunStar,https://www.sunstar.com.ph/superbalita-cebu/aduna-nay-relocation-site-sa-gibahaan-sa-bagyong-tino,stage2_relevance_review,"Cebu article (Gov. Baricuatro), wrong region"
103,78c1437d9a3632200abbfa59b5f86eb5,Farmer gunned down in Tanauan City,2026-02-11,Batangas,Manila Bulletin,https://news.google.com/rss/articles/CBMicEFVX3lxTFBTUHhZZHNqWXZrMmZnaEZhcnVCcDNBS3NVTWVfNWVqYUw4b0M3cDdRbUlhZXRoVWJSVXFmNXlTZElFNEhjbTRmNEViLUhTM2RIWkhkWWducGRDZlJyS1dkdC16QUh3YTZCMmVxcTZnUFE?oc=5,stage2_relevance_review,"crime, farmer shot"
106,afc6e650aa73721771513b7b4749f3ed,Taal Eruption Closes Finl Markets,2020-01-13,Batangas,business.mb.com.ph,https://business.mb.com.ph/2020/01/13/taal-eruption-closes-finl-markets/,stage2_relevance_review,financial-market closure
112,a2f230c2fcd6a19a521dc4ef021fcbf8,"LIST: Medicines, medical supplies under price control in areas affected by Taal eruption",2020-01-14,Batangas,Rappler,https://www.rappler.com/nation/249332-list-essential-medicines-medical-supplies-price-control-areas-taal-volcano-eruption,stage2_relevance_review,"medicine price control, not food"
131,bd3d29cc848021c111f1df47591a5ca2,"Globe steps up relief efforts for Taal, calls for Globe Rewards points donation to Rise Against Hunger",2020-01-16,Batangas,Philippine Daily Inquirer,https://globalnation.inquirer.net/183188/globe-steps-up-relief-efforts-for-taal-calls-for-globe-rewards-points-donation-to-rise-against-hunger,stage2_relevance_review,corporate CSR/rewards-donation PR
134,83d6878e2f26daf22510e7953a7dc5ba,MIA Producers to Donate Days Net Proceeds to Taal Eruption Victims,2020-01-17,Batangas,ABS-CBN News,https://news.abs-cbn.com/life/01/17/20/mia-producers-to-donate-days-net-proceeds-to-taal-eruption-victims,stage2_relevance_review,entertainment CSR donation
143,64a7cf20c78c6adec643f5473751e64c,2% agri output growth achievable despite ASF,2020-02-03,Batangas,BusinessWorld,https://www.bworldonline.com/2-agri-output-growth-achievable-despite-asf/,stage2_relevance_review,"national agri output outlook, no CALABARZON tie"
144,f57610bb23ce3b5e74ecc89fc8e18324,Ravanera: Transformative Cooperatives' Amazing Stories,2020-02-04,Batangas,SunStar,https://www.sunstar.com.ph/article/1842919/Cagayan-De-Oro/Opinion/Ravanera-Transformative-Cooperatives-Amazing-Stories,stage2_relevance_review,opinion column on cooperatives
145,5803b5d7b045e601314b26dc369fbe85,Globe Redoubles Relief Efforts for Taal Partners with Rise Against Hunger,2020-02-04,Batangas,technology.mb.com.ph,https://technology.mb.com.ph/2020/02/04/globe-redoubles-relief-efforts-for-taal-partners-with-rise-against-hunger/,stage2_relevance_review,corporate CSR relief PR
146,45f5ba37604d549e1618223c66a6c9e3,BIR Bracing for Collections Decline due to Taal Eruption COVID-19,2020-02-17,Batangas,Philippine Daily Inquirer,https://business.inquirer.net/290664/bir-bracing-for-collections-decline-due-to-taal-eruption-covid-19,stage2_relevance_review,tax collections outlook
147,CBMirgFBVV95cUxQbGJlV19pRk1MNXB3RDJTX05BTU9hRFJ1UVFEVVktNVRySy1xUV9GX3RRN0psenNJRXFBeGRUSWoxUkdxTXR1SkVBN2tKd3V5LWtXcTdObVpWWklTRE53SFVhbXBwMUxYbndEZW9aX2ZROTVhbHVCZ0tNR3V2TlFja2V4SFluWlRlMDkxaTJnc0VhQ283S0RiOHdHelhBdGFQbHdTYV9obkNNc004U1E,"A farm stands strong after the Taal volcano eruption and now, amid a health crisis",2020-08-11,Batangas,Manila Bulletin,https://news.google.com/rss/articles/CBMirgFBVV95cUxQbGJlV19pRk1MNXB3RDJTX05BTU9hRFJ1UVFEVVktNVRySy1xUV9GX3RRN0psenNJRXFBeGRUSWoxUkdxTXR1SkVBN2tKd3V5LWtXcTdObVpWWklTRE53SFVhbXBwMUxYbndEZW9aX2ZROTVhbHVCZ0tNR3V2TlFja2V4SFluWlRlMDkxaTJnc0VhQ283S0RiOHdHelhBdGFQbHdTYV9obkNNc004U1E?oc=5,stage2_relevance_review,farm resilience feature profile
149,CBMinAFBVV95cUxQY2VYSUN1SUxnZVpkdzVWUFpqMXh2SW1XXzdHUGRPT2ExNHdydFFEUEthNnFsdnA0V0p4ZVdWUzhyYmY2bTBnQ2VRRkN5bXcwMENWWnhlSWdtQlYzVl9WdVBNTlhad2lpUzIzUThBdjV1YTJ4NGFuT2VNTm5tV3FmT3NuQkExdVg3ZHpUaUpFcU5FRWMzbWEwb01sSkI,"DA 4A Rice Program presents RRP II to Batangas municipal, city agri",2020-11-09,Batangas,calabarzon.da.gov.ph,https://news.google.com/rss/articles/CBMinAFBVV95cUxQY2VYSUN1SUxnZVpkdzVWUFpqMXh2SW1XXzdHUGRPT2ExNHdydFFEUEthNnFsdnA0V0p4ZVdWUzhyYmY2bTBnQ2VRRkN5bXcwMENWWnhlSWdtQlYzVl9WdVBNTlhad2lpUzIzUThBdjV1YTJ4NGFuT2VNTm5tV3FmT3NuQkExdVg3ZHpUaUpFcU5FRWMzbWEwb01sSkI?oc=5,stage2_relevance_review,"rice extension programme rollout, capacity building"
151,e21f8d411356e4577f6ca98cfc764650,Mandanas says LGUs must have free hand on use of IRA agri funds,2021-06-23,Batangas,BusinessWorld,https://www.bworldonline.com/mandanas-says-lgus-must-have-free-hand-on-use-of-ira-agri-funds/,stage2_relevance_review,LGU fiscal policy on IRA
156,0c6af3a5785d7a5175d3bd5c3231166c,Unicef: Focus on children plight as Taal Volcano rumbles,2021-07-07,Batangas,Philippine Daily Inquirer,https://newsinfo.inquirer.net/1457120/unicef-focus-on-childrens-plight-as-taal-volcano-rumbles,stage2_relevance_review,"children welfare appeal, no food/nutrition content"
157,b51d59f020af9ec937611a2d47e5477a,Agriculture output growth flat to lower in 2nd quarter,2021-08-08,Batangas,BusinessWorld,https://www.bworldonline.com/agriculture-output-growth-flat-to-lower-in-2nd-quarter/,stage2_relevance_review,national agri GDP statistics
158,df7cbfd65bb5b3b102f0194fd8630c54,Tagaytay Highlands sets bar higher for summer events,2022-03-05,Batangas,PhilStar,https://www.philstar.com/business/2022/03/06/2165141/tagaytay-highlands-sets-bar-higher-summer-events,stage2_relevance_review,resort marketing feature
159,40ddbf0d22e4d166bbd4189fbef54fb9,'Batang Matatag' campaign launched to address Filipino children malnutrition,2022-10-19,Batangas,Interaksyon,https://interaksyon.philstar.com/trends-spotlights/2022/10/19/231946/batang-matatag-campaign-launched-to-address-filipino-children-malnutrition/,stage2_relevance_review,"national campaign, conflict areas, no CALABARZON tie"
160,c87a0ee7ab54334ed5f96125d008e9bc,Ukrainian people: example of valor and courage,2022-12-10,Batangas,PhilStar,https://www.philstar.com/opinion/2022/12/11/2229971/ukrainian-people-example-valor-and-courage,stage2_relevance_review,Ukraine war commentary
161,47ec69d492728e28e43892b86c23827b,Bongbong Marcos Mega Prime Plant in Batangas to Spur Growth Help Address Food Insecurity,2023-03-01,Batangas,Philippine Daily Inquirer,https://business.inquirer.net/388921/bongbong-marcos-mega-prime-plant-in-batangas-to-spur-growth-help-address-food-insecurity,stage2_relevance_review,corporate plant investment announcement
163,32200ff70d684fd540110b7b327c071d,Roxas Holdings selling Batangas mill following shutdown,2023-03-23,Batangas,Philippine Daily Inquirer,https://business.inquirer.net/392421/rhi-selling-batangas-mill-following-shutdown,stage2_relevance_review,corporate divestment story
164,d4be140cef3e95b003f5013d3f57cdc5,"Gadon pitches ‘Batang Busog, Malusog’ feeding program",2023-06-28,Batangas,Philippine Daily Inquirer,https://newsinfo.inquirer.net/1794061/gadon-pitches-batang-busog-malusog-feeding-program,stage2_relevance_review,"national feeding-programme pitch, no CALABARZON tie"
165,baeeeaf32322a41f208a016041077021,Government to scale up food stamp program,2023-10-21,Batangas,PhilStar,https://www.philstar.com/headlines/2023/10/22/2305632/government-scale-food-stamp-program,stage2_relevance_review,"national food-stamp programme, no CALABARZON tie"
166,c003474832abe70f64b6fe6a47fc4bff,Marcos names fishing tycoon Francisco Tiu Laurel Jr. as agri chief,2023-11-03,Batangas,PhilStar,https://www.philstar.com/headlines/2023/11/03/2308638/marcos-names-fishing-tycoon-francisco-tiu-laurel-jr-agri-chief,stage2_relevance_review,"cabinet appointment, Laurel surname mistag"
167,64d76255d4852d24ae6692dfdbddf344,Food inflation and poverty,2023-12-17,Batangas,PhilStar,https://www.philstar.com/business/2023/12/18/2319566/food-inflation-and-poverty,stage2_relevance_review,national opinion column on food inflation
168,e3eb50c1cbb606f5e29454d0292a1352,Agri Chief Laurel Says President Set to Sign Rice Deal in Vietnam,2024-01-16,Batangas,Philippine Daily Inquirer,https://globalnation.inquirer.net/225384/agri-chief-laurel-says-president-set-to-sign-rice-deal-in-vietnam,stage2_relevance_review,"international rice trade, Laurel surname mistag"
169,856f6613d76c99af08b00b8d2a2782a5,"Despite price spike, DA won’t impose rice SRP",2024-01-25,Batangas,PhilStar,https://www.philstar.com/headlines/2024/01/26/2328595/despite-price-spike-da-wont-impose-rice-srp,stage2_relevance_review,"national rice SRP policy, Laurel surname mistag"
170,21e6947eed2f3405047248baf2b026a1,"Philippines seeks ‘best’ WTO deal for farmers, fishermen",2024-02-25,Batangas,PhilStar,https://www.philstar.com/business/2024/02/26/2336093/philippines-seeks-best-wto-deal-farmers-fishermen,stage2_relevance_review,"WTO negotiation, no CALABARZON tie"
171,CBMiUEFVX3lxTFBaLURTWDRxSDRqQlphcll5azBNMElBU1lIdEozUVI5aUVJMjhUZXZ5VXdDbGNlcU9RNzRWbUF1Ymx0LXFIbXV0UGI3MDNtVGxj,Batangas seeks greater role in national food security,2024-05-24,Batangas,Philippine News Agency,https://news.google.com/rss/articles/CBMiUEFVX3lxTFBaLURTWDRxSDRqQlphcll5azBNMElBU1lIdEozUVI5aUVJMjhUZXZ5VXdDbGNlcU9RNzRWbUF1Ymx0LXFIbXV0UGI3MDNtVGxj?oc=5,stage2_relevance_review,aspirational LGU policy statement
172,4e259cf3195592a74bfa69b63339ce47,DA to back tariff hike once rice prices fall to P42-45,2024-06-25,Batangas,BusinessWorld,https://www.bworldonline.com/economy/2024/06/25/604212/da-to-back-tariff-hike-once-rice-prices-fall-to-p42-45/,stage2_relevance_review,national rice tariff policy
173,49fd8e6b05e0930fc823552d8c5bcb69,"GSIS, SSS to offer calamity loans",2024-07-25,Batangas,BusinessWorld,https://www.bworldonline.com/banking-finance/2024/07/26/610340/gsis-sss-to-offer-calamity-loans/,stage2_relevance_review,national calamity loan facility
175,547f1d961c8a975a840af1cb96573f4d,"'Deja vu': Taal Volcano's vog, new mpox case give off 2020 vibes for Pinoys",2024-08-20,Batangas,Interaksyon,https://interaksyon.philstar.com/trends-spotlights/2024/08/20/281843/pinoys-taal-volcano-vog-new-mpox-case-2020-vibes/,stage2_relevance_review,social-media reaction piece
176,1ced800595f95cdab750f1d9b5e5dd60,Kristine to hurt palay production,2024-10-24,Batangas,PhilStar,https://www.philstar.com/headlines/2024/10/25/2395095/kristine-hurt-palay-production-da-chief,stage2_relevance_review,national palay production outlook
177,497923f448e62f1eec808027f98f4350,Patay sa Pagragasa ng Baha sa Batangas,2024-10-24,Batangas,ABS-CBN News,https://news.abs-cbn.com/regions/2024/10/24/6-patay-sa-pagragasa-ng-baha-sa-batangas-2230,stage2_relevance_review,flood fatalities only
178,eb1878f8dcc428507b6eb1d423533431,Patay sa Batangas Dahil sa Bagyong Kristine,2024-10-25,Batangas,ABS-CBN News,https://news.abs-cbn.com/regions/2024/10/25/47-patay-sa-batangas-dahil-sa-bagyong-kristine-2031,stage2_relevance_review,storm fatalities only
179,e8df85261d7ab1767777f4aee54926bc,Lower rice prices seen as India scraps MEP on white rice,2024-10-26,Batangas,PhilStar,https://www.philstar.com/business/2024/10/27/2395472/lower-rice-prices-seen-india-scraps-mep-white-rice,stage2_relevance_review,international rice price policy
180,179537df29d79ccd9cfd2559d38eb50e,Batangas toll adds to storm,2024-10-26,Batangas,The Manila Times,https://www.manilatimes.net/2024/10/27/news/batangas-toll-adds-to-storms-grim-tally/1991983,stage2_relevance_review,storm toll and rescue operations
183,ecaa957020605ce4ab1d21b0d65fbd70,Marcos open to probe of flood control projects,2024-11-04,Batangas,PhilStar,https://www.philstar.com/headlines/2024/11/05/2397690/marcos-open-probe-flood-control-projects,stage2_relevance_review,flood-control corruption politics
184,e598e6df8709917082cc3cf358538a65,DA expands rice-for-all program in Metro Manila,2024-12-13,Batangas,PhilStar,https://www.philstar.com/nation/2024/12/14/2407297/da-expands-rice-all-program-metro-manila,stage2_relevance_review,Metro Manila rice programme
185,f7ec5be3fe100be6798cc0410eb0bc5f,"After BBM’s cosmetic veto, budget still crookedest ever",2025-01-02,Batangas,PhilStar,https://www.philstar.com/opinion/2025/01/03/2411492/after-bbms-cosmetic-veto-budget-still-crookedest-ever,stage2_relevance_review,national budget opinion column
186,b65be9b7f7b8083f3250e89dcf2cb1d6,DA: Kadiwa rice soon in supermarkets,2025-01-23,Batangas,PhilStar,https://www.philstar.com/headlines/2025/01/24/2416468/da-kadiwa-rice-soon-supermarkets,stage2_relevance_review,national Kadiwa retail policy
187,3a9c5daa67e87f7a9d9e7e36ec83a14f,DA forms TWG for food security emergency,2025-01-24,Batangas,PhilStar,https://www.philstar.com/business/2025/01/25/2416607/da-forms-twg-food-security-emergency,stage2_relevance_review,national DA technical working group
188,8348ddfdfa3e5e61c7e223eeeda71841,Farmers’ group slams DA’s ‘incompetence’ amid food security crisis,2025-01-25,Batangas,Manila Bulletin,https://mb.com.ph/2025/1/25/farmers-group-slams-da-s-incompetence-amid-food-security-crisis,stage2_relevance_review,national farmers group criticism
189,7000fd2b9f523c42efa022218f68ce6a,DA bats for restoration of NFA’s power to intervene in rice market,2025-05-08,Batangas,BusinessWorld,https://www.bworldonline.com/economy/2025/05/08/671466/da-bats-for-restoration-of-nfas-power-to-intervene-in-rice-market/,stage2_relevance_review,national NFA mandate policy
190,93da017dcdd8a980119dff50a0060ba8,"Agri budget for 2026 to feature bigger allocations for coconut, coffee, sugar",2025-05-15,Batangas,BusinessWorld,https://www.bworldonline.com/economy/2025/05/15/672901/agri-budget-for-2026-to-feature-bigger-allocations-for-coconut-coffee-sugar/,stage2_relevance_review,national agri budget allocation
191,361344c2d3f3223a079c35616e23d6a2,"No legal issue in Calumpit mayor’s ‘E-ayuda, ’ but prone to abuse",2025-07-24,Batangas,PhilStar,https://www.philstar.com/nation/2025/07/24/2460380/dilg-chief-remulla-highly-discourages-raffle-aid-flood-hit-areas,stage2_relevance_review,"Calumpit, Bulacan ayuda issue"
192,2190a081ec769d1b625d727f01aac00e,Batangas DPWH Engineer Arrest Bribery Leandro Leviste Flood Control,2025-08-25,Batangas,Rappler,https://www.rappler.com/philippines/luzon/batangas-dpwh-engineer-arrest-bribery-leandro-leviste-flood-control/,stage2_relevance_review,DPWH bribery case
193,1f215690f75f824a94ac54a09d596144,"NFA to auction 60,000 MT aging rice stocks",2025-08-28,Batangas,PhilStar,https://www.philstar.com/nation/2025/08/29/2468872/nfa-auction-60000-mt-aging-rice-stocks,stage2_relevance_review,national NFA rice auction
194,fab881fda083ac954257cfaf9ef8f2e1,Batangas Rep. Leviste visits evacuation centers after,2025-09-27,Batangas,The Manila Times,https://www.manilatimes.net/2025/09/28/news/batangas-rep-leviste-visits-evacuation-centers-after-opong-onslaught/2191516,stage2_relevance_review,political visit to evacuation centres
195,1d8316f7589ae06ebd3e440f3d1ad7cd,Philippine eyes temporary onion import ban by February 2026,2025-10-04,Batangas,PhilStar,https://www.philstar.com/business/2025/10/04/2477289/philippine-eyes-temporary-onion-import-ban-february-2026,stage2_relevance_review,national onion import policy
196,f67b177ae9dd0814f1bef2e3f05cc3a8,"DA denies 'ghost deliveries' in fertilizer subsidy, calls it fake news",2025-11-09,Batangas,SunStar,https://www.sunstar.com.ph/manila/da-denies-ghost-deliveries-in-fertilizer-subsidy-calls-it-fake-news,stage2_relevance_review,national fertilizer subsidy dispute
197,de1647903cfff2d9ad6d1e50562df82d,"Agri chief seeks gradual, strategic return of rice import tariff to 35%",2025-12-06,Batangas,GMA Network,https://www.gmanetwork.com/news/money/economy/949200/agri-chief-seeks-gradual-strategic-return-of-rice-import-tariff-to-35/story/,stage2_relevance_review,national rice tariff policy
198,1219833381e850c03578aea76abaead1,"Dizon, BCDA refute flood control ‘insertion’ allegations",2025-12-30,Batangas,BusinessWorld,https://www.bworldonline.com/the-nation/2025/12/30/721688/dizon-bcda-refute-flood-control-insertion-allegations/,stage2_relevance_review,flood-control budget dispute
199,8cefc01f91a73a7b8187069d76e9012e,Consumers told not to buy imported rice priced above P43/kg,2026-01-20,Batangas,SunStar,https://www.sunstar.com.ph/manila/consumers-told-not-to-buy-imported-rice-priced-above-p43kg,stage2_relevance_review,national rice retail price advisory
201,106cf34761298f01e38c9ff1c2deefc2,"Leviste: HOR must pursue flood control controversy, not just VP Sara impeachment",2026-05-24,Batangas,The Manila Times,https://www.manilatimes.net/2026/05/24/tmt-newswire/leviste-hor-must-pursue-flood-control-controversy-not-just-vp-sara-impeachment/2350659,stage2_relevance_review,impeachment and flood-control politics
202,5e62eb30e13910f82e60b7987433c78d,DA seeks higher farm exports to Vietnam,2026-06-02,Batangas,PhilStar,https://www.philstar.com/business/2026/06/03/2532362/da-seeks-higher-farm-exports-vietnam,stage2_relevance_review,agri export negotiation
203,488cc206c737f48fdf5d9a9cce6193e1,18 ‘bagmen’ facing flood of lawsuits,2026-06-06,Batangas,PhilStar,https://www.philstar.com/headlines/2026/06/07/2533385/18-bagmen-facing-flood-lawsuits,stage2_relevance_review,corruption lawsuits
205,2ad44347011bd075bcb5429576ae99c5,CHR help sought in surfacing missing Batangas fisherfolk organizer,2023-12-01,Batangas,PhilStar,https://news.google.com/rss/articles/CBMiuAFBVV95cUxQVUlUcHBMMlNpRmNQczV0OWlLQXVCdE4tdG14NC1aa0J2SU04R0J2b1ZaSURySXcyRW9tWGozc205cUg1S09WWlpIbTIyR09mMVlrLVVob0NTT1gwVjBGcWF6bUFOa09uRVpBRFFnVlJYR3ZDYy1STkhweGo2Y0NhalJfV2ZpUmc2azROZmpmYWpBX3pNNmYwb213SU1EZjVEQ05kZFZHSW5WTUpuQUtFcm5saS1PSzNL0gG_AUFVX3lxTE9fSEVyNG1uTEF4UF9nc3BFUFhNcFQxckZyV0JXODQzVFVYX1Q3clZlZHgtSkVBZ00taVIxeEJPWGxzN0VxcENWQWlKcUw5UGZmMGhUQS1McU9FenBqNGZGcHFLMHRGZVZrbVJ5WC1BRXZNSFZZamNwUUFTX2NhYnRSSmpFdVZlNkNXX3luVEN4a0hHbGJBUkZuU0ROVHEzaldELWNORW4tVnRGdGZ5eFlSelZYUDhsLUUwaFdXUkRN?oc=5,stage2_relevance_review,human-rights disappearance case
206,4f25c934b09eabba6d55fe9a8ef3d2b3,"DAR awards land title, CLOAs to 99 Batangas farmers",2022-12-02,Batangas,Philippine News Agency,https://news.google.com/rss/articles/CBMiUEFVX3lxTE56V21UU0Iwa0c0MkNvSmpZV0NxVkl3Ymk1YjlDeXFFNHFhVzluV185VlY2d3VfZVlfMkFnd0FhMWdWN2NGdXFsWmRzdXZaX3V2?oc=5,stage2_relevance_review,"agrarian land title awards, no insecurity condition"
207,1b93aac2aa656038e9ab0b3070d00eaa,Family works hand-in-hand to manage a mango and vegetable farm in Batangas,2020-10-02,Batangas,Manila Bulletin,https://news.google.com/rss/articles/CBMipAFBVV95cUxObEE2NkJkVmtTcUlRT0E2Yi1DQ1BsX0dvb1o5TWViRkpwdUV4LXl2UWItX3hfempaT09JOE1aMVRMc2hkNS1NZl95aVFQaWFUVnExUkZyN1VsMEVpOGZyR0xUSWhpeGFrSHpFeWhBSi00R0lGZ2syTG4wQUlxa0J1MVlRVlNSSlNYQVY3bFo5Qlc1c2hLVkJnLWZRazNmNmZPVG1UUw?oc=5,stage2_relevance_review,farm family feature profile
208,8aedbb6caa8491f7b56034d90ff2336c,5 fishermen rescued after boat engine fails in rough seas off Batangas,2026-04-03,Batangas,Philippine Daily Inquirer,https://news.google.com/rss/articles/CBMirAFBVV95cUxQcU85TkJ2ZXMtX2d1anlPaTZpQjB6UE1LMGxXazlMZUFLUEU4NTMxMzJZbnZaVl85VnJrNXFzNGpmY3pnTWpJbWszcURCOVhmYkNrOGU4SXY4cG02WEN0dlFtQ2t6QmJwckNneGFoemlEOExxVzZBZHA2d3lDMkw5MkdmVFRMb1hPbWU1TGppMFVjUWhOeGFNaFdEcFNzYnNXYVluUzA4UHN5aExV0gGyAUFVX3lxTE5yU2lnWVd0TTFXLS03d2RLaVlLQTMtNHRaOU5xZVFHdGF3NE9ITlY1djJIdXFPYTlobVd4Q3k5ZlFMNXN0Q2Z6WUV2WHRZNXhDSVp5UTBrLU4xb1piaERXaGdnaFFJSFRQMjZ6UVBpMEZneDJJNVZRTUVaN1dic0JadGYzdnR5dy1CM0VsaVJPZ2VmWEI3V1BvLUpsaUlpVEloY0hva3owTzdRQktfSS03S0E?oc=5,stage2_relevance_review,maritime rescue
210,88e1786dd882f681f3d98aad0f229fa8,"Size doesn't matter: Batangas family farm still finds success in small-scale operations, part 2 - Value-adding and building a sustainable model",2020-11-06,Batangas,Manila Bulletin,https://news.google.com/rss/articles/CBMi-gFBVV95cUxQaWdUcXdDRG1oOHFSYjdldHVsbnRwZXA3Yk85VzYwMWpjMXVOeUNobm1jLVFaX1NqRGhPemZPTjFjb3VWSDRKbkZnYjdSNHpwRGpCc3ZMLWtMT0twOG0tdF9hcU1mc1BDT3BfWGRKTGNTZmoxZ1Y1ZUtmeGp2N2luVi1YbFRjdHV0RHc1MzA1b3ExcmNlaEY5TzU1cGd2Z3Vyc0RhbEJnZEtMYlVFaERkbUFnMUtuaS11X0F5RTczLW5YbDFtLXVUeG5KWXdDVjQzZnRPMy1ZTlpTNmVRZUFqVUk4X2tCNm13VzhmZ0ptdEZyeV8tTF9IRC13?oc=5,stage2_relevance_review,farm business feature profile
220,aa84684d6d87f1f91b8cd7148be0fb45,"Pacquiao defends giving out ₱1,000 'ayuda' in Batangas",2021-10-15,Batangas,Manila Bulletin,https://news.google.com/rss/articles/CBMihgFBVV95cUxOSVpJWi15VmtyczF2Z0lXR1hFSl91X0o3VXRtU195M1J5ai12YmppcWhLYmZCOUF6eFdZUFhVc2t2R0kta2ZuZmZlbnQ2dXk3TF9sN2NNQXc3WE5Band0Zkp5U2NKckVoM1RFQW9pWU1tMW1sWUZLeE53ZWZaMU5VcjFUZV9VZw?oc=5,stage2_relevance_review,political ayuda controversy
224,0b4c39197434a494075458ebb2df140e,Smuggling raps filed vs Batangas rice importer,2025-10-17,Batangas,Philippine Daily Inquirer,https://news.google.com/rss/articles/CBMiiwFBVV95cUxON2xGaDVnNzVaR2VZWERzQmdEMmJfQUhVTUVpTTVHa1BzcXBOcXJhY1dtdnREQTd6cjk5M0FwYS1WOEt0aXRCWWdka1JQQnM2ZnZMbDgwR04xeVhLX3VwQnRwVlBpb1ZETWM3RHBpSHprd3NXRTFUcFpjTmZkdVFJZlN4anBRbVZvandR0gGQAUFVX3lxTE1SazR2RHlDNnJyQjNMQllraXJfSnNSb2tDVFBfNG5PM3hkSkQ5aGFfT2ptUzBBS1I3Snc4Z1JnNE9remp1UnU5bGRXUTVjTTIwTGZmMmE4MHNBYmxaSkJPY21SVzVmSW81bGU0WUZTUWV5YWFmdmRxZm1mVXRXcU1MZkpabU43bS0xRXJ3ZGV1SA?oc=5,stage2_relevance_review,rice smuggling legal case
228,2ca83c6368a44166e90079fa03fbf497,PHOTOS: Landslide buries Batangas village,2024-10-25,Batangas,ABS-CBN News,https://news.google.com/rss/articles/CBMiiAFBVV95cUxNblUyZlFLcU5CY2FUTGF4ZzFPdXdlckRmaVduenZVZE9xVGthb2N3bU9LYTVJTHJDazhZdzEzd3hfbENpN1pmSW5ZcHdqTUdvcWR5blQzeWNTUm1HVUl0M0NPbUhEeHllSjhHRWZub0xlREpNeVdERTdWLV9OazBEOFJrWVpKRE1W?oc=5,stage2_relevance_review,landslide photo essay
236,24073d428ecc05d0aaaa0f0d8b8a2ded,"Makabayan solons seek probe on death of child, farmer in alleged AFP ops in Batangas",2022-08-01,Batangas,GMA Network,https://news.google.com/rss/articles/CBMi4wFBVV95cUxOOUMtVllpUXJFSVRFQ3hMZTFDb0h1Z0pfNERWN01nalNuUHpENFFtT1lIbUZlMjhfRHVwRVNQQndxNkRsSEZQblM3WTZsVnhwaEQxakxtRjBFMnZfelAydVRpVzd3VThhTlBZSGwyMnBVNGczTjRoajVDRUw3dVlBU2tfMExNLUFoeDVSX1RTTV8tWFEyNE5BVWpiRENoUVdhSzhUVlNOU19BV1BqYmJrS1lIR0RuUlZXeW0yN3dMejgyLU1oS05uVDhYU3BBeFZYVmQ0ZkU3ZEF2a1V6SnQ2UVdzMNIB6AFBVV95cUxNMFpIVk9ndDVtU29VSWhZbURNYTZvcnh0aUFQdlNySERuaVNwY3hHRXB1VWRwV2h2M2lpQk5na1RvZnVOVFRqYkpRdW5GZUdReDloV2g2MzNIZVV4czc2QkNibV9YV1VqQmloMmdTOGJtU1pJNHlFRC1fbV9zWHJ5NzRrWUROaVRBb1RVOElBanExQ2JPelk2bW5YNnBwLTZxd2pkQXpFYkVpdGdBTHZaZzNzZ0FBcmJuXzc0cDdSZGFGaDFHWGZPcDNfQklxSV9ZNjgzZ0Uza0lCa0lHbGRGVE96Ml91b3Q0?oc=5,stage2_relevance_review,security operation deaths probe
238,e5bae3387937d399e8da795c8fd2f550,"Batangas to boost agri productivity, food dev’t efforts in",2024-01-01,Batangas,Philippine News Agency,https://news.google.com/rss/articles/CBMiUEFVX3lxTFA5dkZTTHBOZ0V6UVM0dGxzRWZ5SU9Ndms1QmdPRmRSY2swLWJLcVU4RS1qT01zenJFOFBsbFpWdlh2ckxmWFVCNEIwV3Vld0hY?oc=5,stage2_relevance_review,aspirational LGU productivity plan
245,a0a2e5ce08529ce4fb70b4eede566612,Batangas eyes app to help monitor movement of livestock,2023-06-05,Batangas,Philippine News Agency,https://news.google.com/rss/articles/CBMiUEFVX3lxTE02dkFMSUp1eVZwNWY4ZmpQUjB3ckdSWW9QTE1JNVZNdko0NERzdTNoM0xFZzdtemhpcTJhRVFpX2dnNHRxRVI2QlB3WkZ1cmJq?oc=5,stage2_relevance_review,"livestock monitoring app, capacity building"
249,87e3fafb1bcbc57f418f22a3f62bdcec,"Farm-to-market road projects in Batangas, Quezon start",2023-03-13,Batangas,Philippine Daily Inquirer,https://news.google.com/rss/articles/CBMilAFBVV95cUxNZGxCaHBRcTdPRS12RjQ3eGdndmVZN2tlc191cmNFaFlhblpTSU1OME1ZWDJLUkJDT1JmQ0FHT2l3Z0NoRk9rbndWbzZhcEFZZXdUNGx5VXhQM2dVWTgwWGVvdk5KYWdpOUNsLUEzSmJqeTBKZUFIZDdlUXZTRHowTHJwQzJVejZTQmxtQzRZdjdMdFVQ0gGaAUFVX3lxTE5XZ3RTMlY2VmI5WHkzcXpWWnBmMHhDQ2thNkhIUEJwVnZvb3JGc0RmaVFKWjk4QzN5bXljejlzeTVBeTRwam5ndGFxNGhmNjRkZ3VOamN4QjlFYjJ2WVM0SFhvNXVlRFIxd1B3al9aMk5WT1FzRjlFeEJkTHVKYUY5Z0k0TWZlanVzdDJsY3F3S0sza25YbnQ3cnc?oc=5,stage2_relevance_review,"road construction project, no failure evidenced"
250,219f49e82847de3ecc71fef945336e8a,LANDBANK-financed Batangas hog farm boosts local pork production,2023-08-14,Batangas,Philippine Information Agency,https://news.google.com/rss/articles/CBMinwFBVV95cUxNaUxuMWxTWWRlUjk0cU4xbFQ2ajMzMUZDaEhuQXVDcU13OXlWQnY5amtwWWozeGpJMERZME9Bdk5MMzZ0YUJocFEyZ3c2OF9zc3kySzVRcjFETU5pQVhDX0JhOHJrajNxSVpVblVDdjVxdm1ybGgxLThabGlKMWxMOFMxbEw0MzhJSzdxY2k1N2hmUHdBUnZYTk1HVHl6dzg?oc=5,stage2_relevance_review,agri finance capacity building
260,81622299d74f56ce393b488a76eb1259,"DA launches radio station for Batangas farmers, fishing communities",2020-10-19,Batangas,BusinessWorld,https://news.google.com/rss/articles/CBMiwgFBVV95cUxQSUVicTZFbnZnWEtqbjU1QVpTWXM2WmJrcFdPN3ZzOHZLelNiWUdsQjk2WTE1MVF1TVEzUjZyYmFfSllzQ2w3WS1Uel9UUXNUdGY3V215M09wRC1aNHNDX2NBbm0xS2tIUllGUHdCaWo5LWw5cDJfb0QyQjFFRzNWX21Vc3hMZmppa0dnSENWdXgzdnpXZ1g3YUZpRWNGUGYxUlhPWnptNHZTcEt2bDhCZHhjcVVrRHYwSEx5OXczbWtTdw?oc=5,stage2_relevance_review,"farm radio station, capacity building"
267,fbc1e30d95db48e9ebdf2a8418da4340,"Lalaking nakasuot ng Spider-Man costume, naghatid ng ayuda sa mga frontliners sa Batangas",2024-11-25,Batangas,ABS-CBN News,https://news.google.com/rss/articles/CBMitAFBVV95cUxNV3hFMnY2SXhtWFUxXzZ5QlBXY1VwLXI2c2ZkVHZ1ZWxpb0JZMkhheW5Uc0d4V0FLUV9KZWRPMXU4czRHMlpxNHdRczY0RkwxOGU4dDJ1eWdoMnBicDhwdk9fQ1ZHM1FoNkVleW84M2EwVmd5U2NZYVdYTXdRX3RwcVRNN3pEWkZkOTZfMW9TTVpSYUtuTTNHa1VTd3l4djU4T1VDTXppaVd5Z2hNczJULTQ0WmE?oc=5,stage2_relevance_review,human-interest ayuda stunt
268,1da9439ce8638c51418cd454153f9395,"Fishing vessel sinks off Batangas, 13 rescued — Coast Guard",2023-08-28,Batangas,Philippine Daily Inquirer,https://news.google.com/rss/articles/CBMimgFBVV95cUxNLXZaeTR6Sm1sTnBjXzI2MEVnaUxCQXFHTkpLdDBLYzBxVzlldUJqNlhWTVFNcXVrTkxVd1hWMk5uRnkxREpLVGdVOWZxaVRGbG1VcWhqZ2tXYWg4X2ZwRENJUElOYkl4RF94Q3M3UklnV2FuT1hxZGNyYXNYRVM0M05LdGtZV1pOOFFuZklGWWs3MzZoWmtULV930gGfAUFVX3lxTE1DVVcwb3R3VnhsQVBzZVV0R0dySFAtNkFlSGJNZldrYjRELWJEQ002d256MHZhRDRTS01iUGp4TXJtaHZMaDFfM3htaGZQeGhiaWh5clFoS3NFR183cGJBcmFLSDR1bU5yV2xuQU9IMzMxXzJkSEFSNTVMZXFVdktfaVNTWk1SY3hDUmlJenlZUm1lY3JkWHRxRGkyZ2hMdw?oc=5,stage2_relevance_review,maritime rescue
276,6e72e92238af9db46ea08a40d526020b,Fisherfolk in Batangas go against the tide,2023-03-11,Batangas,Rappler,https://news.google.com/rss/articles/CBMiqAFBVV95cUxPMnpFQUhuYjY0TnVzSmpSaUNKalY1T1hCM2M0UXdwQnFnS3BGaVFkRDBkUHJpMzBfOUtVNlVRVENsb002MFJoR29GSnJXVEZ1elMtVXVsOTBjUkZQWG52bndWQzVSZUF1LUo5SWNXVHZtSm5tX0JXcDBiNXNkMy1aZ0NOVzMwUjcybHMtaG1teVh5emR3WnFWRy16SUF5WUdCeWliNVRmeHg?oc=5,stage2_relevance_review,"vague fisherfolk feature, no evidenced condition"
282,cfba8c366a8d684872869164141ac673,7 missing in Batangas flash flood,2024-10-26,Batangas,Manila Bulletin,https://news.google.com/rss/articles/CBMibkFVX3lxTE9hejJOR2hCVi1jSnZnYnBHdU1hZ0tHTDRFWXZqYkY0Qkd0SExwVVBMd2M1a1doTXJDM09GWU1xZU81bWsta2JqSFV5TnpDTGhXVmZocGgzN0k4cWFNQnpYS2F2QnR0X1ZwbHBrUS1R?oc=5,stage2_relevance_review,flash-flood missing persons only
289,6551cde9f9c9d861f3fba49a7bdfa2ed,Batangas unveils 2024 agri roadmap,2024-01-14,Batangas,OpinYon News,https://news.google.com/rss/articles/CBMijgFBVV95cUxOZ01uampMWGJES0s0ZVBrVDRfTWVBaVFjTnVKcWFUaTVkR18tX0NwYkhwSUhOOUZJZ19YTkg3d1RwcTV1WVhuc1ZTcV93anBranN4UEd2TFV6TUNldGhLQ2hfYWVzZUoyRGRkdGlneHZZYi14TnVlb05nX0xCR2dKX3FPYWVURkdTb3hwa25B?oc=5,stage2_relevance_review,aspirational agri roadmap
290,42807929b59c7d648d6b085dc276c371,Ecotourism site: Batangas town’s hidden rice terraces,2025-05-18,Batangas,Philippine Daily Inquirer,https://news.google.com/rss/articles/CBMikgFBVV95cUxPZzZCMUVSS2dYM01MdjEyeXl5X2RYMWVHck5Ed05lU3lGcW1hcW5DYzB0VUVhcTBhM3NlSG1qUkkwSlJlSTZXZWowNUtQTUFtZ3NWY3F0aVV2Q0liZmV4ZjBLR3ZiSnlGQkVFaWhKQlhaMEhXT3FjeXVMdWdCU0F1Z1hFVnRrUG1qdF9qdHhTa0tCZ9IBlwFBVV95cUxQRnVvdk1EbXdybGgwWkh1cGxvekZRYTZLMWxLRjlqcmdVeFhDanpqWHM2M09jUDZzb3QycFBwOExodndRQlZyeHlFME43bG02QTczNWV5bENqSU5WaEg4M09fanZySk1wUExLUFdLQXJ0SVpYdTBnLU0wZ1lEbUloMEVEMVZ5Nmh2UkxMZGtMcE50SUlLa193?oc=5,stage2_relevance_review,ecotourism feature
293,f0d5ae517b6fed338b908e2de3ef81b8,Batangas' coffee industry takes a hit from Taal eruption,2024-11-24,Batangas,ABS-CBN News,https://news.google.com/rss/articles/CBMingFBVV95cUxONmtGWGVQeWdISE1Ca0ZZV1ZOTmtSekl0bVNtQ1JJSm9YenFpeVludGZqVXB3WEdVdjhLUzVsTGxmbVA5ekVlaEphY19JRDJfRWpva1JBTWNZTnVWUUhpNjktX3NEQmVqLTVRRmJ6VjdKVEdTcDNUWl94MlZjSFYtakgwWnlQZkEya3hoaVk0akpQOFJVemdaNDZGWTA2QQ?oc=5,stage2_relevance_review,unverifiable_publication_date (2020 Taal-eruption subject carrying a 2024 feed stamp)
295,5b21e37419cef8b7ecc37473ddadc6d7,"Batangas boosts sales of farmers, fishers with bazaar",2023-11-26,Batangas,Philippine News Agency,https://news.google.com/rss/articles/CBMiUEFVX3lxTE9DNXhiYXNRdEwtZlc0SEVPaVhpOFJpSVhtbnVXM1NDQXFyLUViZnZOaUdMdWxBVDVpMnVEa1FTd1BpV1dCZEdRN20tVUFkcU14?oc=5,stage2_relevance_review,"sales bazaar, market promotion"
297,26a237a5818a5a33ee0a191e5d0eb3c4,"Batangas farm produces high-quality pork from their naturally-grown ""happy pigs""",2021-09-02,Batangas,Manila Bulletin,https://news.google.com/rss/articles/CBMirwFBVV95cUxQaUJwUVFVSXpUWUduYXFBTkhSbVRCdE45bldQNkZOT3NuZmFoSU5ScHluWFNaeVY0dlBySllaUElMa1NYLWFjNld0T0xxakRYU19XYUM3REhvQnBtcVpFT0dLNEVVTEtBQy1vQ09WeEJGU3c0WklILURNbGhGTjVndDhJU3R0UWFTYmVTTVlyUFNuQ2pMbGI2YXFWNEJDdk9aa1QyOGJZR3d2UFhoRkxr?oc=5,stage2_relevance_review,farm business feature
299,6eb4f4d6a59721232be50d81dea38d73,"PCA brings medical services, livelihood info to coconut farmers in Batangas",2025-08-07,Batangas,Philippine Information Agency,https://news.google.com/rss/articles/CBMitwFBVV95cUxQb0s1TjA0VDBJNXQwcTN0WXd6M0lxSFZBVFd0bjN2d3ZXOGhFVDFLd0JDWW1qeUQtTkFVT0dicldDVUlEOEgzUVdOWVRjZi1tblp5RnJ2enl1MTJBdzFhYTZHY3JMUnM4Qm9ocTltc1NYVWR6MW1BZHk0a19DYmhEcEdvVTJzY1pDLXh0dlR4UEx5QjdUOFNzaFBhaXh4ZTQ0X1puMGROTlA0LWpJeEhKOVM0MzNwSGM?oc=5,stage2_relevance_review,outreach and information services
303,42424a5183be2f0b692f3b24c373cd8e,Denso PH opens P60-M hydroponic farm in Batangas,2023-02-09,Batangas,Philippine Daily Inquirer,https://news.google.com/rss/articles/CBMijgFBVV95cUxPYmZEYzhfX192RnBUckVNWmpwOHpUYTNCVC1VeVpsY0g4eWpDejZIeHhsZEZ5QUhKQTZlZUVJa3FRbXJOYXJmNDhSWkRQYzRyUk9WLThZM2FwVmNmMlFZWkhKR09RWnVtbHp1bVJEdUdiakdhbGhHNWRiY1JwdEtMMUQyenVHOHA5ZjM1QW9R0gGTAUFVX3lxTFBPWWV3SmxQdXJwMkFuRVVZbnJHa3JSdTRYRWZRb2pVX0ZDQTBiVTl2TnMyNEFlbmNJM0pQTTEtU3dtNnlDRl9XX2xncnJLc0ZlQkFMY21WRkwzN0tWZEVzOVJBUVdyeHdTOU5Qd3hJTkM4SDNrblVRMzQzS2tUeHljQ1lKTm5FVUg2WXo1Xy1sYWlpNA?oc=5,stage2_relevance_review,corporate hydroponic farm opening
308,e97b4492c23e22e59d8927208d80824b,Unplug from the City in This Cozy Family-Owned Farm in Batangas,2021-12-16,Batangas,Preview.ph,https://news.google.com/rss/articles/CBMitAFBVV95cUxOSmxOZUQ1bVR1LW52UXpDWGY3YWM3SjhjWEVCbXlwaGdabmhMWURjSFp1aS03ZmczSnVnRURjYVoxZlNCVy16QUVrZGdmN2VjdzZrZk9ubHVFeDFYMExCa1loX2lqcFJ0TVJtb2N3Vi1KaXd6NGtSQ2dHaXNHdHhkdHVZVEZRODJ3N19hTTlTd1J4TnBYeU8yenI2eW1YZ3lJMk91Q0hkSzZZNjlSXy0zeGJtVEQ?oc=5,stage2_relevance_review,lifestyle farm-stay feature
309,75807246ed5b234adad800c1ad44bcd6,CDO nutrition program in Batangas cited,2023-02-16,Batangas,PhilStar,https://news.google.com/rss/articles/CBMisgFBVV95cUxQaXMyb2FWZmF6UkJlb01WQk1HT0VNbjRLckwzV1dqT3FSd29CSzJqdFNYMHVFOTZQWEpCY3hYa250Y2xPTDZmZUlrNjBTOThteWVwRzVGaEFuakFaR21iVmtUU2Z3S0hWcVhTbDNwcXZwbk13R2ZkTE41dzV6SzRzdGtqa05SSFMwOEFndDl3Ri1XbEZWLU90ekdFa183WFh2OWRPSWJHc3NlRkM4S21QUDJR0gG4AUFVX3lxTE5DdW92cTNWWnVOVFN1SDAtSjljRDJzMFp6XzNMMmNQLUdlQWd1QnRzdFJDY09lcFB2dTY1V3NyVFdUQjFYek5tOWpjeUZnWGl4bzNqVXNTck51LU4yRzJpeW1HRy1LeG9odUhWck8tcVpvTHg0Ym16Rko3QTkwWU5TdWNIeHB2d3FkXzJxSXd3YnVsT3dsUDJxTDJYYVBrVkJsbm9Pc0dzRkFGaHh3YW85MzE2dEc2Qms?oc=5,stage2_relevance_review,"ambiguous ""CDO"" subject, CALABARZON tie unverifiable"
314,48ba72a7267e073b670b6f10fb456f3a,"OCD4A deploys search, rescue teams in Batangas amid storm, monsoon rains",2025-07-24,Batangas,Philippine Information Agency,https://news.google.com/rss/articles/CBMimwFBVV95cUxPSWR0SDAwajJuMWI2NU00ZkJ3dTVkZC1mWUhRQll5eFRCeVV2ak1BaXFlQnFGTlFQSFZZcktna2VoUnEzV0tkSDFBeGI0NjlGUkxVdWpJWHZNUkJnM0lXWFZMQzNpc0RaRDJnenBzNDJvdGlTSFVua1RvRllkNTBHNHp5aWV1OGkwczNBN2c2MmtJaDNtbWtuc0FtWQ?oc=5,stage2_relevance_review,search and rescue deployment
316,7b909d32f2e01ceb0ae32b3a73d53da9,Batangas poultry farm opens province’s first cage-free egg house,2026-02-26,Batangas,InsiderPH,https://news.google.com/rss/articles/CBMijgFBVV95cUxPd090MkVVYWhJWEFRWnViUGRPdk5URGJ6R0M5ZTBpZ0ZxWGVUbG8zRVV5Z253SXhpVlZkNE16bHBuVFU1T1Qxa1EwMHdoVURTdm51V1oxaW95V2xBdTlJdzF5M3AtRk90bmhiLWJ1ZmRSNG9KYnh1V2s2RllqWG5VZ2tQZl94TVVwU1dpUDh3?oc=5,stage2_relevance_review,corporate poultry facility opening
317,0828c8b3653325a6f42ee970d8e9a899,Angara pushes stronger farm-to-school links during Batangas school visit,2026-03-26,Batangas,Philippine Daily Inquirer,https://news.google.com/rss/articles/CBMirwFBVV95cUxQVmtLZW94eTFkMGhlVGVjb1FTb1Nfckk5QjcyblA3Q19ZTHZzRGdnQ0FBdEY5MDBIOWhqaWlGQ0I4bWpubmU1UHpvMUpUbnZqd0Y3SDk5ZlczbXEwaWduN1lYS1NWUlA0UV9BY29DVDVNbDlKcXUxTWVMNXNnbl9yeDVGeldlWmV0RUpmNmozS21ONG1oa1pCc21wN2U3NDNHbW1Oa1dnTE9pdU10U0Jn0gG0AUFVX3lxTE1NSEk5bi1xMmhHQXhrZkFOd1ljakVxRFM2ODFXS0Ric21KbTBjemhYZXlmU2dzbnd2T2c5ZGpuZ3hNN3AxQ1lGcTF6aE1Hd1BSak4yNkZabUdncVJlZ1BWcTBFSGNUcDJoeVlZTHZfTmwxOXdrcUhTYnBhQUFGdGUwel9nVFRpNVA0cTNaeDFzV096VGY2LTBVQURwSk9DUW1ZdGF0eHFjMUtWb2RXT0w2SU5wRQ?oc=5,stage2_relevance_review,farm-to-school policy advocacy
318,6e17514da0426f2f26264a03e5548f30,Batangas town fisherfolk get fish dryer from DOST,2024-05-30,Batangas,Philippine News Agency,https://news.google.com/rss/articles/CBMiUEFVX3lxTE9sNE5ESUVWTzVuTGlUcjJwUFNDR2s3U0FhZVZpNWxERUxraEhtb0pKcmZUYlZqQ0RPdDNqQmxWMVhKaURQRzZTMTNGaHRrdjRp?oc=5,stage2_relevance_review,post-harvest equipment grant
319,356c4f902e080c5accdb7a665bbfd61d,LANDBANK-financed Batangas hog farm boosts local pork production,2023-08-31,Batangas,Philippine Daily Inquirer,https://news.google.com/rss/articles/CBMiowFBVV95cUxQNWdHd1Z3UXExeVE1SW9hZXZWbkF6X0VZaXljM05CdFBmMXBPS1lqcjZZSkt2bVpDVDZpMXlGSDBsUExLSVNFS0MtY0RhZ1BxZHZudjNwY3pWWFdyNWRNXzQtdFhFdUp5U3JPVkcwazh5ajBWNGk5TFhnY005LTFUNVVkVDRIM0wxc2lwS3lGSW11T0I0R1N4QkZ5R3lNb3VPYUFR0gGoAUFVX3lxTE1HTTI1amRWeUNWXzVDREhsaEg5RU5oRTkxTXBZRElMVGhpbjVrVTBibHdUYTB4RHhneHpWdUlveWVtdlJWRW54SUhoTWQyRlNFWDVyOTlYNVBPOHJRLUhldHoxZXlQWEVXVDhvcWNlTlVIQV9iTUpyR2gyYU1xX0M5aXFfVk9OLWtteEF3RF93RS1qbEdTTUU3a2Z1bWJjZGVVa1FMMG1IVA?oc=5,stage2_relevance_review,agri finance capacity building
334,0642be36bac8fbdab2f422609cd37186,Batangas fisherfolk adopts technology on maliputo cage culture,2024-04-16,Batangas,Philippine Information Agency,https://news.google.com/rss/articles/CBMikAFBVV95cUxQQTVqZXctRER3cjhUaGpzTkxMOVYwNFhqcmpWR29Tc0dQSWJ2WUpyX1AtcjdOUHRkRjhsaVlXSkRhdHczQkF1V3htSF9Ra2czX2Vla0x6THlxT0NrcnZaX0hIUXBteXl2enhlTEFYeEE1OEk0cEVBN051dl83ZXU5V09ucjdkWnE2ZGpQaWdjY2U?oc=5,stage2_relevance_review,aquaculture technology adoption
344,cfea39432da184b5328d88e52e4a43c5,Batangas farmers increase agri production with DA’s farm modernization programs,2025-06-24,Batangas,Philippine Information Agency,https://news.google.com/rss/articles/CBMiqwFBVV95cUxPaE9QaFV2c1hfU296bHVNZjc4dUlMdFdTVG93aDQ0cWJNckt2VEx1aXp6TUFkSEJHb2I5b3dVMUZMNHZyS19rbjFib0F6c2YzcHozQlJvNDh1Z3JrWEwyUjJ3UHM1Z0ZfUWtneVpvWlIzZTFfaGVCWkxBMzA4WUVvam5uTGFZMndJclp0YVN0QWJFbnZUS0JzdzZLVms1dWhJaWZaUkE1SHdHVjA?oc=5,stage2_relevance_review,"farm modernisation, capacity building"
345,7355d9e76d6c08fb0bd79e65f5f572be,Freediver attacked by barracuda fish in Batangas waters,2024-09-24,Batangas,GMA Network,https://news.google.com/rss/articles/CBMivAFBVV95cUxOdWFkeEhlV002ZFNfVW5GdmdpWGpSN2JobkJRRmppa0w3ejZqNHV0bUFJUGZJTnpicW9VZ3JGdHNuYzYwbU96aElIQnpoNF9TTUp1a0RFYk5BOGR3LUo3S3JwcHAyaEZrYjRZV3lkblNLTEFaSExpVnFCRTVVWHRGTWxJc21Cel9UT09NQ2tsMjhCdG9qTmdQR05OQ1UteFJLczU2cTNLbktGTWpaeXJTcF9ZRmNuYmtHemlIaNIBwgFBVV95cUxQQ0NaaFNDaE90aHU5a2V5N1c5ODAtVWxEY2dka2ZnWnVONEtQSmd4WnlPOTdCUks1bVYyd1RFa1lyY2dCRDFzSU9RVnBwVkJETDhMeXRSOF9wa1pOcUZEVE54YXdLNEhGR0pOanprZjQ1V0htcm1pN3Y3TXNjc3J1MVBqclJtdWVTa3ZnZXNkWnRrZzkxc3gyTURrdGJtbmhkNDJ1ODBCRGwxeGUwWkNaNDF6bUtGTHdGeU5GRnVFRERtZw?oc=5,stage2_relevance_review,wildlife attack incident
346,1c949fee3a3578b5461756460c2bda16,BoI approves P60-M Batangas hydroponic vegetable production project,2022-07-26,Batangas,BusinessWorld,https://news.google.com/rss/articles/CBMiuwFBVV95cUxOVXRLM2RheXh3cTBPWlJ5X1ZRZjlvaVJ6MC1QSEtIdG5MMDhOYkI3cl9aQXQ2Ulh4aDNBR0x3YTg5Sy1udS1wa0pFX0RXX3I5TkptMUpPa1J1N2lObEdpczVCYTdLN3ZLaGJ3UmhNUGtIeGIxemV3aTFEV1R3NnBqVHdTN29HRTl2STBJYWhvczlqNVp3MXJyMF9FTXZOQTJPNmdXY3VNYm1HUkVKc0RQTXVZSzQ4Sm9VamFZ?oc=5,stage2_relevance_review,corporate investment approval
350,a2f068ddfffa6ecb47b9b6064adbe075,"Bongbong Marcos: Mega Prime plant in Batangas to spur growth, help address food insecurity",2023-03-01,Batangas,Philippine Daily Inquirer,https://news.google.com/rss/articles/CBMiwwFBVV95cUxPa3Z2TEVfbml0WjF1eXpJMjZ3bklCMUZaMDdiNlRfekVrZVRBVXNlT0ctU1hyQlVNbllHR0RrcDlTYXlqcmRvOXE5OFYwNjhWeDM2cFNlbmRBZ2w0aVNiUE9mcGpJTFJiYnljRFQ0WXZwbUd4OFVCQW0xQWlHN2lUX19fXy1QOEpCQ3FPclRHUW10aVlPVzBYYWN4MHVBOG84LW51WmI5Wno5S3BCR3pOTjBtZE40NkVCQTNHMjZvOGFKdVnSAcgBQVVfeXFMT0ZfVHBYSVpDWGZYNTQzeUxEcTNQbURRRTF4WFlZakg3OUd6WUwzbVdRVkhQY1IwelRDZy1YQWwwWGpNWHN0MzZUXzRpaHlKR19uRlFqY1JfOGxCMWxvc3hvalkxd1pIbnk0Rl9TdUs5YVEyMDlhWTZvOUczZ1NzbUNCeDZwZi03VjNvaVZXVnNtSXN3Z2ZaUUswZXNUQks4OTNwVVdBNDlQNFNEYUEyVHowdDQ1VjVPWkFCbC1UdFMxU3I4UlEzQUs?oc=5,stage2_relevance_review,corporate plant investment announcement
357,52170671f72434c9cadeb6dd68c3a201,Batangas leadership studying operations of various fish ports,2024-01-10,Batangas,Philippine News Agency,https://news.google.com/rss/articles/CBMiUEFVX3lxTE9qcGpNUk1DdGhWTnBiSmJEdXZLV3VIbl9pNjdCTkJHcVZIOEloX0dYczIyT0l2bWROVkxYcGxKX1R0WDFGYWdpM0UxWk5XUnBU?oc=5,stage2_relevance_review,fish port governance review
360,eb3b09adef264badc983eef3d687ee40,Three students die in car crash after delivering relief goods for Taal victims,2020-01-15,Batangas,PhilStar,https://news.google.com/rss/articles/CBMitgFBVV95cUxNU1pzZGhqZ281bW1mU2tndUxHcGx6NU9aTUZkWU9sdXQ2LU81TFhyYmN1NnJrZXBrU1diVTIxT1JlRjhlRHhBWkc5NWp1SUsta3FodVdWbEQyZWtmaVJJdGU1QnJaZHhfMUU2dk02UmxZSVFqbnNOdDJuZjRVMHZOdVFGUVA1LUl2aDB0VmZ0Q3AwX3lrVFJuV2tCOWt1Qy1MRHlZTlU4UnFrT0xvbXZGd212RzJ0Z9IBvAFBVV95cUxNVzlVeEtiUXlCOWllX0RKMmxLSm53enBtNHdtNnM2cVpRcGNBMVMtNHR2cFhxTTZoTVV6MGg2STVaNDl3ZEg3dWJYU0pMQlpKV01RZFJ0eVFNZ2Y0bGlFdm5HTHh1Qm92VlMwbUVWckcyUlhrWmp2V2lxekZmZ3pBV3J6Skd1eUVQRWhpcDU0U1VUeENHTU1Ma1lnM0JWZXozSnlRUnFxRnpyWmJ5YXg4SFFsUkpkdmVHWVJIVg?oc=5,stage2_relevance_review,road accident
365,ebfd826d8aeb6b53f2ea131b3c7c8ef9,Batangas CIDG nab 9 suspects scamming rice suppliers,2023-12-20,Batangas,GMA Network,https://news.google.com/rss/articles/CBMiuAFBVV95cUxNMXpXdjdaYnhWSElSUnFRN2RGU1l3UmwzVHEzSDdDNzBFSUlWSFlmeTB0UDNGcE5UZkZrdHE2dTA0WlhLb09fTzh1Z3Zpbm80NEF3T3paeHNJTnE2VFVDT3pROE5PN0ZDNDBDaTBfWjd3RlF4VWlHNWd4VWY4MHY2eFBaU2FLTWRxS0hQc1gzTVhVRFFrNTZKX3lUaC1uRW1Lb3FHVDVQMWhXZWV4Sm44cEJwZTlwbm410gG-AUFVX3lxTE5JakdhR1NOVklSbzZoQ2ZIVXNOUVFZUlRIWVd2d3g1NU9waUluTW5lX3hpQXNramwtcHRRdUdzNGlnXy13bXpiNzQ3Ym9ORVBsNDFadW14WnNFMUJWWVRmbVo3NDBacVNiRVp6c2tDRlB3VFlUN05IVDZ0VVNCSnBEUTcwa3hiTFVoVlZvWl9GZUFKRWtMeUVHSERUR2VKVzJxVkJPc2FhY0JUQ2c2SV85cmZvT1pMMkdmc2RFQnc?oc=5,stage2_relevance_review,fraud arrest
376,e271b06aab83c552f266e39bb596ea23,Maynilad projects underway to boost water supply amid El Niño,2023-05-07,Cavite,PhilStar,https://www.philstar.com/the-freeman/cebu-business/2023/05/08/2264558/maynilad-projects-underway-boost-water-supply-amid-el-nio,stage2_relevance_review,water utility supply projects
377,1d7bfcc0bfcc991f9ccfdfbdcb8d7f93,"BOC finds overpriced, imported rice in 2 warehouses",2023-09-18,Cavite,Cebu Daily News,https://cebudailynews.inquirer.net/528269/boc-finds-overpriced-imported-rice-in-2-warehouses,stage2_relevance_review,"national customs operation, geo tie unverifiable"
378,5b97262cedfd05fb2491eebfc8496e22,'We never learned': Disaster scientist laments flooded evacuation center for fire victims,2024-09-05,Cavite,Interaksyon,https://interaksyon.philstar.com/trends-spotlights/2024/09/05/282901/disaster-scientist-laments-flooded-evacuation-center-fire-victims/,stage2_relevance_review,disaster-science commentary
382,4d80115240b19d8f8d1a4677d92f70da,"Bacoor suspends classes, prioritizes residents' safety",2026-08-09,Cavite,Daily Tribune,https://tribune.net.ph/2026/08/09/bacoor-suspends-classes-prioritizes-residents-safety,stage2_relevance_review,class suspension
383,86bb193986964d57866696bef5d5d10d,Bacoor City suspends classes as monsoon rains persist,2026-08-10,Cavite,Philippine Daily Inquirer,https://newsinfo.inquirer.net/2281570/bacoor-city-suspends-classes-on-tuesday-as-monsoon-rains-persist,stage2_relevance_review,class suspension
384,57d6e257d33ee08648915991e1c302e1,"Cavite resident's DIY flood barrier draws praise, questions online",2026-08-13,Cavite,Daily Tribune,https://tribune.net.ph/2026/08/13/cavite-residents-diy-flood-barrier-draws-praise-questions-online,stage2_relevance_review,viral flood-barrier video
387,467402a713a86a100bd0a061dc8aa070,"Ilang lugar sa Bacoor, Cavite lubog pa rin sa baha kasunod ng habagat",2021-07-23,Cavite,ABS-CBN News,https://news.google.com/rss/articles/CBMiaEFVX3lxTE84VzFURVFSMmxWblRhbndXYV9pNHdvRV9OQVJsYlZrMDVDTTg1aTh3eUNic0RNT1ZPaUFhWU56X0R6WkF1WFV5cTBRYTE3TFNlTVAxaVQ4QWNwQ3NVQ1RtaDZoN21HSXJE?oc=5,stage2_relevance_review,"persistent flooding, no displacement or food content"
388,15933a551f89244ec74d37d5dff1bc8f,Fisher's group doubts fire in Bacoor coastal communities was mere accident,2020-11-02,Cavite,PhilStar,https://news.google.com/rss/articles/CBMivgFBVV95cUxNb1p6cEJBaS14MWlKcjdnVGt6YWQ1Q1FjMzR0cmMxeFJpaTRLaVh0WUVVY2RrT3hneW01bDhPcnZYS2tJQ1locmI3MEhsME5oU1ByOWpmc0xoeHFBX2k3VllBVGFfV1RHLTRjd2dJS1JuSGgyQ0o2RFg5QUYyTUhQYnphcko3bDhKaEZXTVM5M0RSbVp5bUc4c09Pb01yd0k2dkl2TlVIUlZyX0hzMTlaR05SU183a1JvYW9oM2Nn0gHEAUFVX3lxTE1IcFRseTZwa3VLdGQwVDRfTnJRemZDRFlKQUx5ZG92c1lvNkw3UXMxSmM3N0pPOHM2RW0wYkRBVjVxaFpseGxSU09yZVVUYXh2al9tODAxUW53ZTVFRExpcFVVTVpON2I5VGxPY3B0a3ZZWW1mQWdaV25RREtqbGlFek1UU08zcnBZVEFZR2sxRHU2c0hMS09PclBpVUlLRHY1Zk5mbkMzMTA4SS0yNms5cHlIS2h0dlFOR2JydWJ0LVpwZkE?oc=5,stage2_relevance_review,coastal fire arson suspicion
399,8dbbbec53ae9f4ea86713652073b49e1,Cavite Under State of Calamity due to Rolly,2020-11-01,Cavite,Manila Bulletin,https://mb.com.ph/2020/11/01/cavite-under-state-of-calamity-due-to-rolly/,stage2_relevance_review,bare calamity declaration
400,CBMiowFBVV95cUxObG5Kc2w1Tl85ZkhaaVU5anBYRW1rNjZDaE5qeDQtTkRuYkVuSlpLTWwycjFMSnRaTWFRcWdFbGhBQzV2am5mNkRuSDRaWUQ0RGZmeGpUQi1WMF9VUVhXQ0JRNzhnTEM4dkxvdnI5ODMwU0haUHkzWk9kMHlvcWFvMFRPT2tzczlVNUFKWlRrVGJsRHJmUllaTVpLcG5vWkhHZFJv,"Carmona Filipino Food Month forum highlights good activism, food security",2026-04-14,Cavite,Manila Bulletin,https://news.google.com/rss/articles/CBMiowFBVV95cUxObG5Kc2w1Tl85ZkhaaVU5anBYRW1rNjZDaE5qeDQtTkRuYkVuSlpLTWwycjFMSnRaTWFRcWdFbGhBQzV2am5mNkRuSDRaWUQ0RGZmeGpUQi1WMF9VUVhXQ0JRNzhnTEM4dkxvdnI5ODMwU0haUHkzWk9kMHlvcWFvMFRPT2tzczlVNUFKWlRrVGJsRHJmUllaTVpLcG5vWkhHZFJv?oc=5,stage2_relevance_review,food month forum
402,30f75feee5dc8e197c94253114d7a72d,Cavite City Declares State Calamity due Massive Fire,2024-07-17,Cavite,PhilStar,https://www.philstar.com/nation/2024/07/17/2370872/cavite-city-declares-state-calamity-due-massive-fire,stage2_relevance_review,fire calamity declaration
403,9679365e94782fc26d672aa9dc246276,Cavite City Under State Calamity,2024-07-18,Cavite,PhilStar,https://www.philstar.com/nation/2024/07/19/2371239/cavite-city-under-state-calamity,stage2_relevance_review,fire calamity declaration
405,44b65b50322a451e0a9c1edec28131b8,"Cavite Floods Worsen as Habagat Rains Persist; Kawit, Imus and Other Towns Reel From Chest-Deep Waters",2026-08-09,Cavite,Daily Tribune,https://tribune.net.ph/2026/08/09/cavite-reels-from-severe-floods-as-habagat-rains-persist,stage2_relevance_review,"flooding, no displacement or food content"
407,9c32f8e1e6662d1378bc226172133930,Demolition of illegal fishing structures in Cavite City begins,2024-06-01,Cavite,Rappler,https://news.google.com/rss/articles/CBMirwFBVV95cUxPRzA5YzZQNmo2U2pWRktmZ3dYWk9FQ1VXdWdKZ3dwYjdTRHhqSGc4X0IzUkpSWmVDd1BWRHc2VzZxVkxieTQzQWxSc1NFSERLRHg5YXUyVDZycE5NV185T190bUdlbk92Wk12dGl0R0pYcGxCQkdBLWZueGlsbmFTVUwtM1VmRXBoVmFpMlhVNUdBLWRLbUwtTWxRc2lZd21fXzJZekp0dGlTVV85NmlZ?oc=5,stage2_relevance_review,enforcement demolition of illegal structures
412,570d32ee388c04c013358612b5ba7651,Cavite City declares state of calamity following massive fire,2024-07-17,Cavite,Manila Bulletin,https://news.google.com/rss/articles/CBMikwFBVV95cUxPM21NZ01adTBCcmVEcVJ0emZSSFM1Nmx3N09pR1BEX0p4RVF1YXJGaGVnVm1VTkdGbjlPMzRkS2ZjTlRzcTdIRzhvNVJzN1JKajVkd2Z2d21wOE5rOEJvVXRrUjJSSTVYekNKQXI3cHZmc2ZyWld1dFZ0Nld1aXU0X2NNUFhMTnU0em95bVA4a1J0TUU?oc=5,stage2_relevance_review,fire calamity declaration
413,d69dc38c0e74c964a2353f87fe7cf479,"Mahigit 4 na tonelada ng mishandled frozen meat, nasabat ng NMIS sa Cavite",2026-07-22,Cavite,GMA Network,https://www.gmanetwork.com/news/balitambayan/promdi/995723/mahigit-4-na-tonelada-ng-mishandled-frozen-meat-nasabat-ng-nmis-sa-cavite/story/,stage2_relevance_review,food-safety seizure
414,742b5bfa737953af2b8bca1df0a88a62,4 tons of mishandled meat seized in Cavite,2026-07-22,Cavite,GMA Network,https://www.gmanetwork.com/news/topstories/regions/995819/4-tons-of-mishandled-meat-seized-in-cavite/story/,stage2_relevance_review,food-safety seizure
415,7e67fbc9ab7c4ea02b252050dfc83e74,DPWH to Build Houses Families Affected Flood Control Project Cavite,2021-10-29,Cavite,Rappler,https://www.rappler.com/nation/dpwh-to-build-houses-families-affected-flood-control-project-cavite,stage2_relevance_review,housing relocation programme
423,ea685546474ec604b52792e4a6c2a966,"Monggo harvest in Imus, Cavite by JBondoc",2024-02-22,Cavite,Philippine News Agency,https://news.google.com/rss/articles/CBMiS0FVX3lxTFA1cGtTUzJoN2RkNXNtX3p6ZzZXOXRTY2YyVWNJMG94WDRwQ3NNbmVKZ0tlQm10WTB1THh0N183aGdmcGtIMFc2ZUtVYw?oc=5,stage2_relevance_review,harvest photo essay
426,57fed99e3aa0210c136b06c5e356ab9e,Joy Barcoma urges Pinoys to make better choices in 2028 amid widespread flooding,2026-08-10,Cavite,GMA Network,https://www.gmanetwork.com/entertainment/showbiznews/joy-barcoma-urges-pinoys-to-make-better-choices-in-2028-amid-widespread-flooding/136917/,stage2_relevance_review,celebrity election commentary
427,f0b141f43e2c58d9a9372b5e33bec746,Some good in spite of...,2026-08-11,Cavite,PhilStar,https://www.philstar.com/opinion/2026/08/12/2548655/some-good-spite-of,stage2_relevance_review,opinion column
428,9cca468aa984347ae6d62d96c0c7e203,Joy Barcoma nanawagan sa gitna ng kalamidad: Ayusin ang desisyon sa,2026-08-11,Cavite,Philippine Daily Inquirer,https://bandera.inquirer.net/452330/joy-barcoma-nanawagan-sa-gitna-ng-kalamidad-ayusin-ang-desisyon-sa-2028,stage2_relevance_review,celebrity election commentary
429,b2d56ce060e058c7565cbb386a73b365,Joy Barcoma urges Filipinos to choose wisely in 2028 elections amid flooding,2026-08-11,Cavite,PhilStar,https://www.philstar.com/lifestyle/on-the-radar/2026/08/11/2548567/joy-barcoma-urges-filipinos-choose-wisely-2028-elections-amid-flooding,stage2_relevance_review,celebrity election commentary
432,7b2bf3590189494cfab9ba375c3c0139,"Ilang barangay sa Kawit, Cavite lubog sa baha sanhi ng Paeng",2022-10-30,Cavite,ABS-CBN News,https://news.google.com/rss/articles/CBMilAFBVV95cUxNeWd1Unc1eXZ2Y2hZSnVoampzNHZ4cUdubFJxdXR2N3ZqVnFpSWtIRV8zX0QyZE5LQTR3UzZuZXNnNjFoNllYbnVMNzRBRWhTQ1B0OWt5bk14Y3J2MWlZeVRCdmREbWJpUWNqQVk1Qmx3YTFrc2U1M3ZTMEN1Y1hlT09PNG9PbFRWQVdJTVV1STViRUVt?oc=5,stage2_relevance_review,"flooding, no displacement or food content"
437,d0f8fdb50ac54e82808a32e7fb392185,"Isko Moreno to prioritize food security, housing, health if elected president",2021-12-05,Cavite,Philippine Daily Inquirer,https://newsinfo.inquirer.net/1524113/isko-moreno-to-prioritize-food-security-housing-health-if-elected-president,stage2_relevance_review,election campaign platform
439,0a11036a36f9471d732045de38feda4a,Food security: NAIC provides ₦1.014trn insurance cover,2024-06-25,Cavite,Tribune Online,https://news.google.com/rss/articles/CBMitgFBVV95cUxQOTFWWllvX0VOV3VNU290RHJSVjdWcHYxV2lza0dSbU4yQkp5aEtTQ2Vfa2RqNHdSbFlnS3haS0VFc0QxbEtDdzhGTnB0YzluaUFnZ2t4dk1KdmRBN1hTUTFydnNwUnJJcXlnZGcxckFnVThpRlpUTWpKaVVJTzhQbnIyWHB4UGlGSUtvMm9Qd2Q2aU1yNDYzalhkX0xsQVhQUFFNdXFmcEpFMHk2Ny00dy1XQl9Ed9IBuwFBVV95cUxNY29lTGswLU5iLUlwMzhrQ2FsVDN0YlFkelE1OTBNcmZGVFJZN0lmaExaUFhxaWV0VVRYQXdwZVl1MEt5SVV3dE1yV3hYLU9ZSE5fNFlJck5iOEc3NWZKeUpRNkU5dGk1bklCN3pWNkZKLVBRVUw4YzJ4UnpsU1lVMHJsUlU2NGJKLTNHWmFYX2ZkRHhOZE56MmRzSFkwSTJobEFFX0c4aHdYbTJLT0p4dlh4WnVlYndIa080?oc=5,stage2_relevance_review,"Nigeria agricultural insurance, Naic name collision"
443,8407e66602aaa7fdbcd6b1c96a104307,Shawarma Shack Continues Assistance Typhoon Paeng Victims Noveleta Cavite,2022-11-08,Cavite,PhilStar,https://www.philstar.com/business/biz-memos/2022/11/08/2215644/shawarma-shack-continues-assistance-typhoon-paeng-victims-noveleta-cavite,stage2_relevance_review,corporate CSR relief
449,92b576f5035c979a3867080c9adbf8d9,"DPWH, Noveleta LGU Inspect Key Flood Control Structure In Cavite",2025-08-26,Cavite,Journal News Online,https://news.google.com/rss/articles/CBMikAFBVV95cUxOa1VXemNaVWo3NjQzb2V6SGdXeEJ6amZTRFRMN1RabENfZ0RNUXlLUFE3R3FXbUxDMTFBZ1h2UzVqNWdiaFZSalBtcnVHVHU4b3lZbWpPLWZGLTBKQXVtTDNpSTBMSzlrWVlzdGdaTC1KZzhoZ2pidC1tNkU5NXJRdVFWZE9nYk1zM3lBVXhYWm8?oc=5,stage2_relevance_review,flood-control infrastructure inspection
455,994dd3f10d8d341a5ab7a97c461db0e7,Some Roads in Silang Cavite Unpassable Mayor Pushes State of Calamity Declaration,2022-10-29,Cavite,Manila Bulletin,https://mb.com.ph/2022/10/30/some-roads-in-silang-cavite-unpassable-mayor-pushes-state-of-calamity-declaration/,stage2_relevance_review,"impassable roads, no food-transport link"
458,1b72611e299469626636683dd907036a,Cornerstone Pottery Farm in Silang Cavite: Functional and Aesthetic Stonewares,2023-09-17,Cavite,Philippine Primer,https://news.google.com/rss/articles/CBMiugFBVV95cUxQSTVOWThEN0RXYmVpR0czSVNLTjhOWnU1TXRjUEdhNnZ4bzlaTjhoRWhuMng4ajd6eGQybGI1YnF1dkNSVVFEVlV2Yk01UUpJcXRMWE1JYkZ1RFJxZU1vaUVwZEh0TTdCeHBmWG5Jby1JZWN1Ujg0SnBETHl2dzd4c2ZNM1hmdW5SYi0yTWkzYTVXMFFucTRuTXNaTXVUNHVFOE9QdW5IRGFMZlpHSTVLYkNtb052RHIyLUE?oc=5,stage2_relevance_review,pottery studio travel feature
459,dc52eb7dc7e994bb08dd6b995212071d,Gourmet Farms in Silang Cavite: A Destination for Coffee and Nature Lovers,2021-03-10,Cavite,Philippine Primer,https://news.google.com/rss/articles/CBMitAFBVV95cUxQT0pFT2h0RGdObEo1TzV4M09UWWJ5T3pQZC1VaDIwNTRqY3ROS01OaC1sYzNOdzVQNFAxVzZRN0lxYldQM1dBeEhfcFRxT0g4cEtrV2Q0TnJSN0Q5QWY4cDB4dkVkYkYxV1prNXpmX2k5aGtsUFdvWG1GWXFSWkJGaHUzRGJvNDhCS2lwTk5yRGY3U2tPV29lNHFDR2JoUmVwS0ZpUmRfZDROMm10LWxxQzB4TjM?oc=5,stage2_relevance_review,coffee destination travel feature
460,bdc19aeb824c4f636ddfc8ab122f98c1,"Sumilang Festival of Silang, Cavite shines spotlight on local farmers, agriculture",2024-04-24,Cavite,Manila Bulletin,https://news.google.com/rss/articles/CBMirAFBVV95cUxNTVNFSGlrT1EwLWtBQmFXOXBWNU1LbFBDNk8yZmxRUF8tb3Q4VF9VeU93ZW5mSUM5MHhlNGJqQTVmN3FTVENYWVZFeWlIbTNtOW1jMS1yeW1MX1Jxd1NmMDg1VGNETWVtTnBRRGlra09RUDBMVXM0RG9vSHhrRGlUVkdsRlRhVXFiR3lHYWJUYU5EeWQ0V0RSS2NmVVgzTnVqMFlPN25SQnBLRm1F?oc=5,stage2_relevance_review,agricultural festival
462,e9d8f30fbd6cc7a17e30b43e0bb5c0b4,"Need for emergency feeding of children, part 2",2026-07-27,Cavite,Manila Bulletin,https://mb.com.ph/article/10928493/business/the-economy/need-for-emergency-feeding-of-children-part-2,stage2_relevance_review,"national feeding-programme column, no CALABARZON tie"
464,e16d9ea4724c01d9799e7f3ebb50ea4b,"Tagaytay highlights community-grown harvests, honors champions of nutrition",2026-07-29,Cavite,Philippine Information Agency,https://news.google.com/rss/articles/CBMitwFBVV95cUxNdFB2NklLaUUxdmxLcTY4R2FYVUpHbWMwRHl4RU1tbzkwNUI2NE9uUTNGTWd5N2wtXzIxUVRqeFJuY05raG5PV3FFZG5hSGI5SU9JdlVHWUJkQ3huc3R0V0tKenhKM01pQk5uZWg5ZXVaWnhROUY0VzdYNEhhVGdqS2hnS0VKdndpeEJERHFsTFRUOXdjUFQzT3NQZzl0Ykd6NTF3QnZhWXNBckN4UnRkd1U4UFVVR28?oc=5,stage2_relevance_review,nutrition month ceremony
468,bcf1a42c064d9dd66287ffa76a3e6cbf,Fishing @ Tanza Cavite🇵🇭🎣🐟The Hottest Fishing Spot Today🔥 it almost Angler Paradise.🐟🐬🦈,2026-01-21,Cavite,YouTube,https://news.google.com/rss/articles/CBMiXEFVX3lxTE9MWm9ZQ3RMTGp4dWJOaUdEZXUwN2NVUFhwUnlXbWVCNWZCVnFUb3RVbEpRV1p3WEpsci1QUmRMWjRYOTgySVJrNFJmZU8zeUFDclp1NXBXTmtybGdD?oc=5,stage2_relevance_review,recreational fishing video
471,9157ace5d8c9c8bc676e0283f1b25037,Cavite Declared Under State of Calamity,2023-07-27,Cavite,The Manila Times,https://www.manilatimes.net/2023/07/28/regions/cavite-declared-under-state-of-calamity/1902701,stage2_relevance_review,bare calamity declaration
472,7ea579f41c86fcfd12a6e729abf16bd2,Cavite Placed Under State of Calamity,2025-07-23,Cavite,The Manila Times,https://www.manilatimes.net/2025/07/24/regions/cavite-placed-under-state-of-calamity/2154639,stage2_relevance_review,bare calamity declaration
475,c54bbcdbace906a3da87eba52c0867b4,Cavite Under State of Calamity due to Coronavirus Outbreak,2020-03-16,Cavite,Philippine Daily Inquirer,https://newsinfo.inquirer.net/1243012/cavite-under-state-of-calamity-due-to-coronavirus-outbreak,stage2_relevance_review,COVID calamity declaration
477,f0135133e9ea2c7bf7b16cb9aba5be20,Cavite State of Calamity Typhoon Rolly,2020-11-01,Cavite,CNN Philippines,https://cnnphilippines.com/regional/2020/11/1/Cavite-state-of-calamity-typhoon-Rolly.html,stage2_relevance_review,bare calamity declaration
478,518013c76157a92a9e05b2a933fec6f5,Break Cavite Declares State of Calamity due to Typhoon Rolly,2020-11-01,Cavite,Philippine Daily Inquirer,https://newsinfo.inquirer.net/1355073/break-cavite-declares-state-of-calamity-due-to-typhoon-rolly,stage2_relevance_review,bare calamity declaration
479,2c8234485406a1601870bc610df4155f,First in PH: Key Japan-designed retarding basins in Cavite now done,2021-09-23,Cavite,Manila Bulletin,https://mb.com.ph/2021/09/23/first-in-ph-key-japan-designed-retarding-basins-in-cavite-now-done/,stage2_relevance_review,flood-control infrastructure completion
481,2abe86df4ba0028fe7a444d4d99220b9,"Classes suspended in Cavite, Laguna until Nov 5",2022-11-02,Cavite,The Manila Times,https://www.manilatimes.net/2022/11/02/latest-stories/classes-suspended-in-cavite-laguna-until-nov-5/1864720,stage2_relevance_review,class suspension
487,dba4e06a041811d43e2ca25ae5c6ffb5,Cavite Under Calamity 11 Towns Cities Hit by Flash Floods,2024-10-25,Cavite,ABS-CBN News,https://news.abs-cbn.com/news/2024/10/25/cavite-under-calamity-11-towns-cities-hit-by-flash-floods-853,stage2_relevance_review,bare calamity declaration
488,4dbb679f3d088a89ec88ea67894c6d7e,"NEDA Board extends, OKs changes to flood projects",2024-11-05,Cavite,BusinessWorld,https://www.bworldonline.com/the-nation/2024/11/05/633024/neda-board-extends-oks-changes-to-flood-projects/,stage2_relevance_review,infrastructure project approval
490,450be2fd20734feb15c641f1e466c0b5,Context-specific climate policies highlighted in Climate Resilience Forum,2026-07-23,Cavite,The Manila Times,https://www.manilatimes.net/2026/07/24/news/national/context-specific-climate-policies-highlighted-in-climate-resilience-forum/2390502,stage2_relevance_review,climate policy forum
491,25ec5bdcc43fed063b45dbbaafc24694,"Promises, performance, and the 'mahiya naman kayo' moment",2026-07-26,Cavite,Manila Bulletin,https://mb.com.ph//2026/07/27/promises-performance-and-the-mahiya-naman-kayo-moment,stage2_relevance_review,opinion column
492,ad07d5ffdfe27e20990f0dc4cf682d0a,"Cavite under state of calamity due to effects of 'Luis, ' 'Maymay'",2026-08-12,Cavite,Manila Bulletin,https://mb.com.ph//2026/08/12/cavite-under-state-of-calamity-due-to-effects-of-luis-maymay,stage2_relevance_review,bare calamity declaration
493,120763993337178c32da3b8082c06372,"Joy Barcoma, nanawagan sa responsableng pagtatapon ng basura",2026-08-12,Cavite,GMA Network,https://www.gmanetwork.com/entertainment/showbiznews/joy-barcoma-nanawagan-sa-responsableng-pagtatapon-ng-basura/137016/,stage2_relevance_review,celebrity waste-disposal appeal
494,97f97ac1862937c2d9e6413cf0abd3c0,"Hiking at Mount Pico de Loro suspended for rehab due to Habagat, cyclones",2026-08-20,Cavite,GMA Network,https://www.gmanetwork.com/news/topstories/regions/999289/hiking-at-mount-pico-de-loro-suspended-for-rehab-due-to-habagat-cyclones/story/,stage2_relevance_review,hiking trail closure
499,ae7a95ef0e5a066176f5242c958f91b6,"DA seizes P100-M worth of smuggled meat, agri goods in Cavite",2024-06-14,Cavite,Philippine News Agency,https://news.google.com/rss/articles/CBMiUEFVX3lxTE1QUUFnb2ZSLWduNzVPVWhweUNGRjlWUVNCVjFlNUxIaDMzV3Zmamc5ZWt4eEFLQzVKZXJmalpYOFRIWTRyMHZsTlRlM1BxMk42?oc=5,stage2_relevance_review,smuggling enforcement
504,b6ad8e61ab553cc287e09fe8c16bd7bd,Fisherman allegedly forging vaccination cards caught in Cavite entrapment,2022-01-21,Cavite,Rappler,https://news.google.com/rss/articles/CBMiwgFBVV95cUxPMUVTOTNOdHJCTGpIcVB3UTBaWlZXUFhyV3pEVUp2ZEhxZlBvcTZtUUc2RTlQWjctd25GaFU3UndFY1lJdHlzV3J4VVY3VE41dEJTVVNIR0R0bnhnWXZYVXJOdUFrXzA3c2M3UUUyaTI1bFk3QXdCQ1pGZjM5dnNCWmJYWHVUVWNDeUpVdVQyWWtYWVlrbUFjbWFIbk5TRFRUMFNwWnlGOUJZN19JM05UbGtjenRkM09ZRzdCWGc4WkJVZw?oc=5,stage2_relevance_review,document forgery arrest
510,052df30a30c4b0307ef570e402d5b225,Cavite declares State of Calamity due to effects of Kristine,2024-10-25,Cavite,GMA Network,https://news.google.com/rss/articles/CBMiwwFBVV95cUxQbXBqZE1CMUpHMExoOUxoalo1OFgxTVRkbzJPNXcyQmxZTldMNDdFNkRNTkpzbzVoRXI3UHpKaFZIeWVSUzlUSzBTdE9iSGRvYUxtRlhqQ0NtWG5PMGU1WW9iNm9DRnUtVEFLOXVFdzI1SktNSHJMSXFLUFd6VGV4QnZfZi1UbE5CV2p6VzhkcXRlVnhuLXM5ejRXZDRIMHdHQjRkRVVrdXZUZHhGT3B6RFAyOEVvSkNmcUZCNVAySzR5WlXSAcgBQVVfeXFMTTlBZ0F3Y0VRM1ZjY0x2alhPTWVwRWIzSzNiNlYzcDV6NWFzYnVZdHZrblR4cjVIVExkLXVHSTF2cVo0N1I0Q3RMYjB1TlJlbmV4em1HM2g1M3M3d1FObVVCVTdlZzlNaW5xeGp3djNlV3U3V1BlSHNVOVZDMlh1YXJlLWUxOFliMG9rSjdEaDd5QVNtV2NBOXZXSzM1RUlLUHVjZDk5d0ZTaVY1UFZIMnRLeGNzMmw2WDQyaW9EdDZRVXY4elotZ1U?oc=5,stage2_relevance_review,bare calamity declaration
512,fb085b338acd160820d6bff8eefa8f1b,Cavite under state of calamity due to ‘Egay’,2023-07-28,Cavite,Manila Bulletin,https://news.google.com/rss/articles/CBMiUEFVX3lxTE1zVGpTTVQzNGxheDZVemNsYUk3ZERra3JncTFQMmhKZU5XejhlSElaQ2JUMG80d3F2R1U2M2JCMmdiYlh4Q29OM0VPUzNFMEhZ?oc=5,stage2_relevance_review,bare calamity declaration
513,ec184d95a83df69abc357123192f0e1f,Cavite stakeholders cap nutrition month celebration,2022-07-29,Cavite,Philippine Information Agency,https://news.google.com/rss/articles/CBMimAFBVV95cUxQSmFOUjVYRnEzTU5DMEFmbTJqMUo4SFpGRVR0MzBHam1SNjNDZ3h3ZHBYVFl3SUxmSXFyMkxXUXBISDBHdHRkcnR0WWktSEZEY2ppdkxSajQ5VWNJZUZfTmdiLXRTNF9ucXA0VUh2OGRiSUF2S21uQUxjQVFUTTdTY1ktbWRNT05GdUloWE1YSHU4T2FFc2FiUg?oc=5,stage2_relevance_review,nutrition month ceremony
514,d0fae2780effe4deb5b8644baafa8505,DA slates rice management briefing for Cavite farmers on May 29,2026-05-29,Cavite,Philippine News Agency,https://news.google.com/rss/articles/CBMiUEFVX3lxTE93amNCc3hDQzVjdlpFbnp2bnczMjBwVEN2NzhCNEw4Ump4MkgwQVgzT3pmal9UMTM4RldQSXNuenlmLWR1WHNBU1ZPbVY0b0ts?oc=5,stage2_relevance_review,farmer briefing session
515,0c02556759db85c7cdd55741358d8894,Employee revives parents’ Cavite farm as source of food and additional income,2020-12-07,Cavite,Manila Bulletin,https://news.google.com/rss/articles/CBMipwFBVV95cUxNNVRxcG5tSk1zX3pBQmlad1RqRmUxMDdGNGFWS1pUYlBMbGpKaXhRSVkyc1VZd25QZEpuX3RkYzVGU29VeEZfSGg2SG1yRzJHV24xeGdpNWlzbTNzT3V6d2cwMHRtLTc4UzNjUTA2VjZkRTlGc3lmc1U2X0IwM21tN3h3UWRmelhyQW5jUzBQVGZ3a3VvUTRjWWI0cmhQanJEcFIzcVREWQ?oc=5,stage2_relevance_review,farm feature profile
522,47a77cc565ce4a9818e174158057586a,"Neri Naig starts work on Cavite farm, fruit-bearing trees planted",2021-10-18,Cavite,Philippine Daily Inquirer,https://news.google.com/rss/articles/CBMipgFBVV95cUxNeC1HRGMtNERNOHp1Z2dxOGpTbFRVUXF1QVN6bVNoQ2ltaVpobTNzSGhxNG9UaVBoNHlibm9KdmswTGx5a2xRcUpoTmVvVFVyeW42aks1NmhNb3lMTHVRTHVvOVBtZWdGTU44QXB5ZlIzdFU5RDRlTjhLYVNaNFVsUnNPVG1LOTFDV0JLYUVmRWc2YVNTNjJ5SFBoRUlYWVdYUHNlRVBn0gGrAUFVX3lxTE40UG1EZ2hOQzg1dUVRWHZJOHF3elhLeFBNQmRXTkV1UE0yVHF3RjdCcmxqQXY4d1owVDRhcWNnY2gySmNLU2U1UlZXelhsM0RWQVJITGNIVmRQV0pyaUpwRFhCT0pRZTQwRVMzSXI5Vm1mQ0h6QUI4TmhDaHZ6S2dUX0x6MmtDN1pIdTlmNVU1UUdVWUJKYV9RcXpKNEt2N0JKUExjNXpxZHlDaw?oc=5,stage2_relevance_review,celebrity farm feature
524,d4218bcbb7631c67a2c4290639ffc868,Solar irrigation system to boost Cavite farmers’ productivity,2022-09-19,Cavite,Philippine News Agency,https://news.google.com/rss/articles/CBMiUEFVX3lxTFBIYmktck9zYXUxa0FOcWl2d21NeEVnRXRsUnZWcjhwT2tWdVlqUU5EcWYydnpDYThKX00zbTV0SGVmNXhBVm5yLXR6UzRpY19G?oc=5,stage2_relevance_review,irrigation capacity building
525,cd645ba9e2f688d447da3b3c922de15b,"Cavite fishermen temporarily stop work to oppose dredging, reclamation",2023-03-20,Cavite,DredgeWire,https://news.google.com/rss/articles/CBMimAFBVV95cUxOMmFuZ1YteW5PbEhoMUtmYzI3dkhEMThRTmNqRmdkM0IyTHYtZFc2M21KMGZYT00wMFMtUHh6OVhtNXl3UjhXSWJ3SFd2UDdYdVIxVzNZTVdYX1VtVnA4Ymp4cFpmbGNYelpza01CYkhpYVlMd3Nib2hlOHdGWW5qV1NQbk95TlZRQ24wWjIybjN3Q3dzcmtILQ?oc=5,stage2_relevance_review,"trade-industry newsletter, not a news publisher"
526,ef15b7a9cf3739fc40b693360267b496,Cavite OPA kicks off ‘Onion Harvest Festival’,2023-03-20,Cavite,Journal News Online,https://news.google.com/rss/articles/CBMie0FVX3lxTFBuNXRtRHF5NXFQSEtVcGJFUkZ0RTl1SjV1TWthcDBuaXhFNEtQTVd2cXVWYmlrQ3dmcF9pVHcxMEM3VDllOFBWU3dHU1N6NGluUjJBZ0ZmUzJhTXBvZFg5VGgxTU1rcm9BYVRFV1pmMUhFYnFVM0dnci1vOA?oc=5,stage2_relevance_review,harvest festival
527,fe8d14060a6079aae26fd886fdbe1ae3,Cavite declares state of calamity due to widespread floods,2025-06-23,Cavite,Philippine News Agency,https://news.google.com/rss/articles/CBMiUEFVX3lxTE1ScGNXTGI5S01ENEpzQUUzdDFqUUJEeDBQVEdwS08tdm9CLV9Ealh2UHRLMlh3UnIySHVhT0FvUzNMdDhvRVZrWXRBV1VvLW9l?oc=5,stage2_relevance_review,bare calamity declaration
533,c0de0818de49b398212416028fd0a936,Dismantling of illegal fishing structure in Cavite started,2021-11-06,Cavite,Manila Bulletin,https://news.google.com/rss/articles/CBMijwFBVV95cUxNZi1ORGVyYURhT0h2NnhJbmpqcHlhem5ELUwyVV9vSFhMMUVJdXlfcXllOFA3RXkwUC1XMExDMGFXZUFYMkNsMFhsZkJTQWlWbnVsZTBfUGtNU0NmTnpZSjJoaEptbVRfMnA2UzFvX2FlWVJVN1cwUjlrcHVhcVBiNUhQTWFvSlVHZV91S3ZwYw?oc=5,stage2_relevance_review,enforcement demolition
534,a8556721caa1b63d90e28e7c0f351ba2,Passion-driven farming: Farmer in Cavite inspires the community through diversified agriculture,2023-09-16,Cavite,Manila Bulletin,https://news.google.com/rss/articles/CBMivwFBVV95cUxPNXF3NDJhZGp5UmN4aXVmalhtczJIVnZZdnQxMGlZLWRiTnNrbWZuZmdOSVl6MHRaWkVRTVY3bFFqeGpqREtrZXdWSm1rUWxYcFJWU0JwMXB5M1ZPY2g2Slc5R0dBWmJlTmRfN3lMbkJhdGd6VkdzQmp2Uzl0M01BT1F5TEo5Q3lkaHNYTjZqRkxVQm85X2t1d2FQYzRvMTFEUWtSanRTY24tT2hVZGwzQUc5QkRXVnRDUWYwMXktWQ?oc=5,stage2_relevance_review,farmer feature profile
537,cb5da44cc943437247728c48e061466c,Worker harvests salt from evaporation pools in Cavite,2021-05-22,Cavite,GMA Network,https://news.google.com/rss/articles/CBMirwFBVV95cUxQLVNOMlgtN3lsMGxrSmYwb2ZhYk51UDhpQVlVbGVNeEpLeDZBWWdWS2k0bDQxQlMwMGxfbThvT18wRm9GWUxDZUhpZHpmN0V3V0pHeGs1QjdWV0EwcjVkMDZqQnppRFFYTGhuZE5QSkhlTzVvOE1TLVFtRHljdllzaGo5a1A5cXg4bVZpVGNYUzBpNnppNktrbzgtM1hIdU83UEhhbFc5czdfUy1ZeXo4?oc=5,stage2_relevance_review,salt harvesting photo essay
540,244c6a515a1b3f3de5dcd83f3565efef,"Demolition of fishing structures in Cavite to push through, says DENR",2024-06-02,Cavite,Rappler,https://news.google.com/rss/articles/CBMiqAFBVV95cUxQUzdRU2pTbGYzMFJNY0RPRW9xVE5KS0F2WkZkQlZNb1pFSkRkX3Via01TbXF4cnFxdzkxMUdlb01GOTdFMmdTdGU0VHN5UzNhYlVHWEFoc1hSS3FiM3AtcVRDOWNkNmJlU3RHbmEyX2ZNLXk1VkFKZ0oyMUlxVmFHVTBkakgxYkY5MWx6Wll5RmVwak5kcmctYWIzWnRGN2FrRy1UMzhFT24?oc=5,stage2_relevance_review,enforcement demolition
545,b56ea1a04a8bd5d4b03fceb17adfb77b,Poblete responds to Cavite BM Anarna's proposal for ‘ayuda’,2021-08-15,Cavite,Philippine Information Agency,https://news.google.com/rss/articles/CBMinwFBVV95cUxPN29rblFESGdkQmpJdWs1UzV6VEhPMlVOT0w0ZF9XWWpKY1g0d3pEbmFpVDRTd1JwZ0RkODk3T0FlTVU3N084b3dYZUZUQU9VLW9EQ001aFZpRWNlUlExYkRDT3hKZENpeFVRZ0VLcWNBa2dXZmI5bG9rS0FHVXYwX3k5NWJEUHZXQ1V4QjFDdlIzbGxKcllRMklWZ0J0bjg?oc=5,stage2_relevance_review,local political exchange on ayuda
548,4069a0d76d980e7eb9a95788ad364a81,LOOK: Stranded passengers endure flood and traffic in Cavite,2022-10-30,Cavite,ABS-CBN News,https://news.google.com/rss/articles/CBMilwFBVV95cUxNZGhkdkJPTjdwQngwdUtQU0pvdk8yZkUxZmF1aVp0NFpJV21TMkZWcFJQSVlTcTk2Q2UwMllVZ3AyUjBDeEJYN3hHZEVxcWd1bEV6UFlKMkRvcW53SjZ6X25PQWtUNklFRWF5bnRiQzY1SWU5aEQtanJLQkVudURQWFhhWFRnR0RITDRZYjJXbHVvRXlyWENV?oc=5,stage2_relevance_review,stranded commuters
554,420065f3bac91e96c358c34ac4bc389c,Milking opportunities: Dairy farmer in Cavite recognizes the business potential of goats’ milk,2023-06-08,Cavite,Manila Bulletin,https://news.google.com/rss/articles/CBMiuwFBVV95cUxQMGd3TUE4UlVUTjZHQVZXel9KaWNKdWF2YzdiZS1GNDBzVnFmSDdfUjNvQ2NqN18xN01vaDhqZTZqeXA4eVRoLWRHZVl5NWtWdHQ2bGZ5eTJUb0FiNHpjU1ZLRGVfWG1uODY0QXJaTEo4aUlsTDdkUDdjdU9uUUVkdVVFMFQ2cU9nT3VJVGlYYkZsZFprYjFBdDBxMW40WXZnNUpxVUc3bjNBMGpSbnMwV1JHd3VCbmZMSUdJ?oc=5,stage2_relevance_review,dairy business feature
557,f924cad4a6e417a31475f6da80915d74,PBBM orders DPWH to fast-track key flood control project in Cavite,2024-11-14,Cavite,Philippine Information Agency,https://news.google.com/rss/articles/CBMitgFBVV95cUxPTHBzeC1OY1l2cW9tNTRfVzRSWmZCU0FkUGhCaFZnSzVZNlFSNDBLMENpU2p1X0ZMTWJOSzdtN1oyX1RGMGU5eHpNamo4V1RqWURtQ2NTV210TkdLbGItT3FKUktoN0xOVm1Pcy1NQWRKaFRXWEJuQ1RFMFh0RE55S2xGa2lpNEhBM0Exa0ZpblR3MEpOTjZpRlp4djkyUzl1UDVYZ09VUURUVmZabTJLUmdNbEpTdw?oc=5,stage2_relevance_review,flood-control project directive
560,51e12b7e1a570cef03e23da3c33523f8,Cavite barangay offers kilo of rice in exchange for plate of mosquitoes,2022-09-15,Cavite,Philippine Daily Inquirer,https://news.google.com/rss/articles/CBMimwFBVV95cUxQbTZoRkd0cEFRaDNOM0NCQ2ZYUllrS0ozdFB1VDlOamN5VTJxV1BXUnBzNVpUYzlMR3hCLXEwZzRjRHZZbU1GclBrWmVFVHFDaXlRYkhEWXh4TTgtVmlNSXNzMGVJalF0MTU2YmVXYVRCdVB3THhuVnoxMm40RU9UY2tOZy1wcG5uSk40UFVLOG1BSWRWZzVHa2VFZ9IBoAFBVV95cUxNWE51RzlJVWFCVjVSa2g3M3NhRUdyeUhvTXkwVHVRSk9VZTllMTJoazBZaXhyN3RIZTlpMkhkb3o5MUZXTUNyWUw4X1dnOHVfWHA1UEgweEpERHFWRzdLTU5VZGtvMnp2bFpwV0lhakEyMFpVSkdGUFc3ZndMTG9pX3RJZllHYlpWa0k4WnVrTlBZaXpncVZVWXJhcXJwTFc1?oc=5,stage2_relevance_review,dengue campaign incentive
567,48b8902caa0243a190a5f8add6b0499b,Solar-powered irrigation facility seen to boost Cavite farmers’ productivity,2022-09-22,Cavite,BusinessMirror,https://news.google.com/rss/articles/CBMiuAFBVV95cUxOUkJrSkxuVG5vUDNHUFdITUFRWVFvd1pva1B0UWZNcEtpWVlNNjV5bjFPN2lpckN2Ym5YdlQ0cVdoWXQxbHpMeExibVVjamZmTko3TDVsUm9VYU9GckVPaF9rUzcwUkl1WlpvakdwU2M4WG80TkJMbmtSLTQyMEkxa0tKRFY0VzJPd2k3Z0VpNnVlYTF6TkZFb3IyLXAtQmx3cWk4MThEZlc0b2RONnJKY2Uyc1R6NTJo?oc=5,stage2_relevance_review,irrigation capacity building
573,8c823c15d22358503dba0c866a26273f,FBM Foundation and Pangarap Foundation boost youth nutrition with a feeding program initiative in Cavite,2022-12-06,Cavite,Focus Gaming News,https://news.google.com/rss/articles/CBMiwgFBVV95cUxQYmswcTkwcU45dXZRWDBMdkt6QlVna0JadWpSdHBOWno0bjMtNVAySklMNmNDZ1F2eGZ1SDNmSFduTDNGRllkUndVMy1RSk4wcG9IbjBuMWNDQ1g3d1JVdU45Z0JNTzZ4M0hkSjByczV3RVhucWtKMjJPYUl2Z3REN2NGRGYwczU1Y0U0LWxQWHF5M0U0VW1wWHNEX21sc1daRmJleng5clRPbzJnMzlQaklsaFE1RHJzTnZwaUk4cXVBZw?oc=5,stage2_relevance_review,corporate CSR feeding programme
578,45295709268b2f13fed07174920de8bd,DA drives post harvest modernization for growing Cavite pineapple industry,2026-07-14,Cavite,Philippine Information Agency,https://news.google.com/rss/articles/CBMioAFBVV95cUxQZVN3dW16b1l6REJ0VjFURlpkVmFPNUc4eTF6VU16LWduZFVrbUN6akpFWDlINC01NWRRS0txYVVnZC1BeW5iM1daS0JnM2x2WEdMVFNYZ0JHTWo4RkNTUGoyT2JwWXRjaWpSMEpENThVZ0piczJaTm5XNG55Wk0yanBFUE5BRjlZYVNpSXBwUllHZHNucHVIeTVKVTdWUldL?oc=5,stage2_relevance_review,"post-harvest modernisation, capacity building"
583,bb7b22a3e4d1b6d8e3df94c884e0d7f1,Cavite province declares state of calamity due to monsoon rains,2025-07-22,Cavite,ABS-CBN News,https://news.google.com/rss/articles/CBMitgFBVV95cUxPdmpCOHFvX1lRUFdxcmFpbmVTczFYNE95SXdxSEpzTHNkdUZFM1FwTEJHVThpRDZ3UlJzbmR1aElrRktVbVV4eklqX1E4TmRrRlRkRXgzYUhnZXdvVExpeFZjeEQtc2RlZ0s5TEUzTGF1TnF1QmYwd1hvR2swY052V28tbzdHUkZXRHc0UXFvV3FHaGx3SjdnU0VHR0Q1dXpqTklQNlVyanluT1hsQzViU2FId1VhQQ?oc=5,stage2_relevance_review,bare calamity declaration
591,823cca9e6dcf215813e1e7ffeaa08d1e,Cavite PFU holds feeding program,2022-10-05,Cavite,Journal News Online,https://news.google.com/rss/articles/CBMibEFVX3lxTE5DUzhPb2ZvX3UzTEtSWkhhaEtDYmpqeXZaOE93TWxubXdJMnJpVk9nWEx2WDNON0J5RkJLdDA2Mm5ZVEZJSFRYM2hhQUcyQWNmdDNzMHo3aG96c2hhMnJFenZGbjVZVFdoZ3BTRw?oc=5,stage2_relevance_review,promotional feeding-programme notice
594,2bd498ed8b8e1ec7e21b4ffeb7194379,"DENR vows dismantling of 370 illegal fish pens, cages in Cavite",2021-09-08,Cavite,GMA Network,https://news.google.com/rss/articles/CBMixgFBVV95cUxNU1hVQ2dxRWJ5SWVZQzl2alk5c21ZY2hSdVNKRnFVZjV0M2xzcWxnSmh6bUxBRVBTXzF1aENrODZEMnZlR3gtTTcwRlYtdG1mVjNnUEUzNmdHenA5RURpbzJNaUwwUXJRRVJ6Qlc0UjNWNGZwNzBTQ185TC02N3VpNnIwcnhyT1AwQlctXzVxQXVSSUdSd2tsZFB0b3ZucjFBRDZBbVZiM2E5MTAySGZrVC1KdllpUmlzMWNMSERsUzA0QjBFTWfSAcsBQVVfeXFMTzlVdlFRM2d1WnhBaTl1bDA5eU05LXlvcUtQdXFlZ3Q4T2dIMG5TMmVoRXN5cGZxRDVfcFMtY3RrVnFYMXV5MGlKV2tLVFJPY1Z2VlBTTXZTUHJXai1yMDZKWlkyRTMyOHBTVHRDM0RSdzY0d29UX2VQZTk2ZlpmajJyYklqTU9neTd4UW5CQVRaLUdiV3RPdm1xY0RJbHJELW9BdERxWXR1LURoU0Zxc0R6OFlYTGw0X3FFZ2g2WFk0ZUFxVUtnNE9NQms?oc=5,stage2_relevance_review,enforcement demolition
595,b81a62a8f9050abafd927ae984041385,DENR: Demolition of fishing structures in Cavite to benefit fisherfolk,2021-09-08,Cavite,PhilStar,https://news.google.com/rss/articles/CBMitAFBVV95cUxQMDZqTzhhNTNYX1VIQWtFZmdLb3NyYTE4LVZrbjFRUWt4bDFMZHFUc3BZMlZ1bHk5MkE0MXpaLXJQOFplcXlnc28yVmZ5SHNoZHBqQTdocGFnbERMb3Q2aHhTek9rZWdkWFBjY055dzV1THZRTGFoZ3kwV2drUFBkVW9QaXBjdUJVS2RMZHdzVlF5Wkg5S085eHpVaWFJMW9MTlpkSXo3dmlNQllfTVBaNC10ZXfSAbsBQVVfeXFMTzBIVFhNZmt5cHEtUjVjQUN3NEtzZG1JZllicm9fZVB2UldZN1RnQkthUTBja09lekFadFM4ZEtaM2syeUo1QVA3Q3ZiYUxJM3ZMWk5xZ1hDamN1M3V0RUZNNjY3R0NjTmxicTRXV2Jkc0J4TDRtTldUY3dBRHpYT1pxenl4cEk2STRSRFpUdVpSMlNnUmV4bkRrTGNkdE1QakhfcmxsSXFoTXhuTTQyVGJCbjBlYXV5RVF0Zw?oc=5,stage2_relevance_review,enforcement demolition
596,447442ac0b6b52c95cb3837a748d7c6b,"Cavite under state of calamity due to effects of ‘Luis, ’ ‘Maymay’",2026-08-12,Cavite,Manila Bulletin,https://news.google.com/rss/articles/CBMikwFBVV95cUxPeHdfQkZtdTNrQlVGaXBVenRMdUFZQ2RCWldzZ0dJa3dVNE1DSVBXMjdIbk5XOHdoZTJtWWpYNGhZRVFxakZxQ1IxMk40MWhhcGlLVTk3ZTFpeXdlWnotVEtXdzBQczVLeUUwUzlibExMN19NbHhVZ254LWdqYmlQSnF2ZWlBdnpXSDlkRTBnUVdlX0E?oc=5,stage2_relevance_review,bare calamity declaration
600,6915721263a4db257edb78883b8198b7,"2 fishermen in Cavite, Rizal affected by high fuel prices receive early Father's Day surprise",2026-06-17,Cavite,GMA Network,https://news.google.com/rss/articles/CBMi7AFBVV95cUxQOFpxanEyRFRuNk9lLXVyZFhXeUpEbS12Tm84Y1lCRTRRR1gxbW9VeExJcEtKRFA5SkVsQnFBOXhmRzA0blluVzBNSDlUME1Ta3dNTmtfNGdISFV1RWFGYkNhWWJFbl84ZjlXZkZCb2l0c2NMVW5MZUN1T0RzaEJfSndBVERXcnBQSVlHTzF4bUxzVUtjbXJYWC1SR2RoZzV0U1VkTy03TzYtNDlvUGI5VmV5MGJqMGNGRllFcTJfcVlxSXQ0MW1mX0hiNmZEdHNfS1hNcWotNlNxaDVUdTBCWElFNXB2UERmcXN3M9IB8gFBVV95cUxPQlFtUVphZF8xNURoSHJLaGhTTmhJYkFMY3I4NFFzXzVyMFVqUXV2UkJiX2pmS0duaUh5bWNkeWMyMnZZbWpLcDV5dDEwZTJ5OF9JNXFMNllBdVNBeHlOcGpKWWVxazlRbTRoR05oaDZUWVliQkpnbjZNOFg2YkpnM3VkZ3ZsVGxraHdSWVAyNUM1TU1iNjVyNEppTjd6ZXVORjBua0RwWXRzNWxTOFZZdmNpRlNWaFVmMTY0am9pM1AwcC1XbGxKd2YyUHZnRjlrTHpGeHJuVWJEZC1OZGFhTUlrQWctMWdQUUdvODZENm0xdw?oc=5,stage2_relevance_review,human-interest gift segment
603,9b98243c04de82bf790de6b20283064a,Cavite LGUs to include nutrition in disaster preparedness plans,2026-07-22,Cavite,Philippine Information Agency,https://news.google.com/rss/articles/CBMikgFBVV95cUxOWkR2b3NCSWZRRVpjcmtqNWwzejRJQlcxWmtkcFBlYTg1RW5vWmp4aHAxUUFpSktiZWlsMEM2VjhoOW9YVmNFNkNpLUVCVmRPNThBcFIyS1hNVHYwejlya2VLWDFSbjg1ZlNDcG5FS29Sc0lqeFUwT1A3S0dseWhpMG5wdWg5SVlJTk9HaWx5TURHUQ?oc=5,stage2_relevance_review,nutrition planning policy
604,83a35302a0b9f1dce6983139b8a14548,"Cavite under state of calamity due to Crising, Habagat",2025-07-23,Cavite,Philippine Information Agency,https://news.google.com/rss/articles/CBMijAFBVV95cUxOWFNsN1hRRE16QnROZmIwTTNJVjVuNHJWa2lxdUhnT29hTWRqQm5RMWxQNExfX3lJMmxzWHpWQXBxR3NPbUdLM3dZeDJuN1pJR3phMkNVbHZodWdJcW1NMGVMR3lnQTg0d0s5Sk1FVjF1Ty1zcG5CMnJ0dllYSGEtRGxtbUtQTUxrakZBaQ?oc=5,stage2_relevance_review,bare calamity declaration
611,c5b5bc737838caf23e2454cff6b048fc,"First Ordinance Championing Young Farmers’ Rights, Passed in Alaminos, Laguna!",2023-07-19,Laguna,Journal News Online,https://news.google.com/rss/articles/CBMinwFBVV95cUxPY1c5LUhSLU40NGhjbVFXamgtUjF1V3ZrNEY4eXR0OHl3ZFM0WWh0RHl0dDdqUTVXVXlzOUt5UXJnYVBCeXNPNU9BZ05EeTFPRGpnaGZBa1kya0drbGM4bVJGTDJrYm91ZFBNejNLNzdHcDcxNEIxWEt6QzdBb1czWVFXRzBEdnl1MU5TM25oMkwzYTdSR1JzOS12N216OFk?oc=5,stage2_relevance_review,youth farmer rights ordinance
612,6eccdc67952be89c0e989a7978572f5f,Tulay na Kahoy Solusyon sa Baha sa Binan Laguna,2024-10-29,Laguna,ABS-CBN News,https://news.abs-cbn.com/regions/2024/10/29/tulay-na-kahoy-solusyon-sa-baha-sa-binan-laguna-842,stage2_relevance_review,improvised flood crossing
613,c0bb9ff9027063ab3d81d907fee337f2,"Biñan City promotes inclusive approach to health, nutrition",2025-08-04,Laguna,Philippine Information Agency,https://news.google.com/rss/articles/CBMiogFBVV95cUxNazlBM0NzZEJ6R000bVpZTkFZZEZCeHN2WEtTeXFWU0w0QzFGZ2wxaS02OFBOTEVhR0VHODRnSE5HMWNVN21LNEt6QXA1eUpsUjFVT005MjMzVVNpelVtbjU2X0NIMWRYdmdvZzVjSFNUNF9UMm9QR3JvdnVPdXBleC0xQ2V4U2VFLWpxYzQxbXVVbWtEWGtGQ1NzSEMzUUlITmc?oc=5,stage2_relevance_review,promotional health and nutrition notice
614,fc516791e1993c9ec9907041198816f7,180 boys in Biñan benefit from ISDA ‘Operation Tuli’,2021-07-12,Laguna,Philippine News Agency,https://news.google.com/rss/articles/CBMiUEFVX3lxTFBqam5HX2l3WU1HcUVPemRMQjNBelY1SDl0bW1kOWdXNGlIZjBlTm13S2FvQVBuY2lacy1aVkRPeXMwejZ4cXhDX0ZKcEhlbU5s?oc=5,stage2_relevance_review,"circumcision programme, ISDA acronym false positive"
616,94fcc614f96f7216f39f3dc0d3ffe870,Biñan City LGU to finally close 2 erring hog yards,2025-01-12,Laguna,OpinYon News,https://news.google.com/rss/articles/CBMihgFBVV95cUxQVmt5V3ZGZFZuaXlJZkNfRlFUbnRrLWJlMHFia1V4Z3RzRG51MGZJald3VGhMTFBhMTVYS29MVlphWWVjcGV4WVZEV0pGZHRWeVgxMUY0TWUwOUhRMlYwQ1pLTnc3U3VqOXdpMDhDcUYyLW13SlI3UF9DTWJyUE1CTHprMDJJZw?oc=5,stage2_relevance_review,hog yard sanitation enforcement
617,e65daaae63b216272cda7aeb4f8ef44f,"Biñan City Nutrition Office: Even amid COVID-19, nutrition still 'vital'",2022-01-16,Laguna,OpinYon News,https://news.google.com/rss/articles/CBMimwFBVV95cUxQY3ByR0tYVDM2eGJ1dkhrVGtRMlEzaEptV3VtdFlsWmUxa1NXNklMSG9PNVczaExVaURxaTRSNi1CZ1dEek9iNlpVUlBOSVQtQjFFMW5rcHN1V1Rhd0NFRHpMMFlBWWR2YlhraWhFWS1FYVgzSzN2M1FlWXBWWTZheGFuS0xPYUhWMXk5RmFLeUo2VjdQc1N2T2FCMA?oc=5,stage2_relevance_review,promotional nutrition office statement
619,836d6ba62e4f281c290d7fcbd642d109,Of Rice Cake and Rhythm: Celebrating the Heritage of Puto Biñan and Maglalatik,2025-05-15,Laguna,BusinessMirror,https://news.google.com/rss/articles/CBMiuwFBVV95cUxOdVZILW5UVGRTSkF5THFjZXd1eXpmbU5kcU4ydHYwTDBldzVHYjFMaU5IUk5DcXR1Y0Fhb0JXWUktOGxLYUZXeG1iUlV0ZkFfZExiUGlKTTluTnByRTloS05yc2ZsY21pal9EMzRDenhtdnh4SWVHT2t0TlRDNkNiWHczSkF1YmNvaXpzRWVXRWNzYlFBbElPSDBJalpOOFVUclNwYm1KSlAxcTdqRWFpRjNHOWFaY1NvQzNN?oc=5,stage2_relevance_review,food heritage feature
621,3870642159d6cbd43e5df348224f7a15,"Tulay na kahoy solusyon sa baha sa Biñan, Laguna",2024-10-29,Laguna,ABS-CBN News,https://news.google.com/rss/articles/CBMimgFBVV95cUxOTmxZcDAxYkllU1BMbTZPRl9zMXZWeDFEQ1J4cFpqRjJCc0tRUzY5RDc4V21UR196Z3VlX3dLdzNoSjI2YlhSY3h2VUQtalpCTXdWRGhLcEl2Uy05LXdJRDVsVnN5TExGS2VwTVF6akUwOVZfNHdwWUtMeXNXSnVsYXpZLXRLVnhadUp3a052QldNOG1pR3FJSHd3?oc=5,stage2_relevance_review,improvised flood crossing
623,89b065e1491f042ab4bfd4bf42a5a310,Calamba City riverbank landslide leaves 2 kids missing,2026-07-20,Laguna,Philippine Daily Inquirer,https://newsinfo.inquirer.net/2266560/2-kids-missing-after-riverbank-landslide-in-calamba-city,stage2_relevance_review,landslide missing persons
626,c41fe32c495b8ff368e53816eb2211c3,Delta Air Lines and Korean Air repair Habitat for Humanity homes in Laguna,2023-05-08,Laguna,PhilStar,https://www.philstar.com/lifestyle/health-and-family/2023/05/09/2264777/delta-air-lines-and-korean-air-repair-habitat-humanity-homes-laguna,stage2_relevance_review,corporate housing CSR
628,b9452853a6757849b4d467f4c55f041c,"Bayer puts up community vegetable farm in Calauan, Laguna",2021-04-22,Laguna,Manila Bulletin,https://news.google.com/rss/articles/CBMijAFBVV95cUxONnl4SVl4VlhQbG1QM216X19lcGFaazYyTl9PdUpodEd3TThoWUdpcGNXX3NVTmNvaXRVd0pmWjNISFdHdF9fWndCVXVlZjdtdE9GTjZWOGV0Q0cxanlWSXdjbWx0cGozYWEtdzZJWVpLYnBlX1FYNG4xaWViYl9rcG13V1VMMzlNZV9uNw?oc=5,stage2_relevance_review,corporate CSR community garden
630,0cdb8c3a68f0dcf48843acc1ff02c5be,Cavinti farm's diverse farm system allows them to offer quality products and services fit for families,2021-03-23,Laguna,Manila Bulletin,https://news.google.com/rss/articles/CBMiyAFBVV95cUxNYXpoZ0FQcGJvWlBkV1JzS1BtOWx0YlFyV3pNUEp4bW5RT1ZhOWV1TkZYUkpHc2Z4empRQkx3RlNEQ1g1T2ZCMUdnc0dOY1ZDTjRobkVjcVBlUHBLbF9GTHpoWExqcUFZV2JzaGpXb3JZaGdudmJzU19EdExCWnRJbllscUJCdnJyLWJZLVF0aGg1SXhWa05KLXRMSkI0enIxc2tyWHNGX1B4OE16VFlISVpfeWNOaXVPejIweUFveGhXVXUxN1NZRw?oc=5,stage2_relevance_review,farm feature profile
632,056c9ae76fc69438bc489297149aae1f,Worker Dead 2 Hurt in Laguna Landslide,2024-01-12,Laguna,Philippine Daily Inquirer,https://newsinfo.inquirer.net/1888142/worker-dead-2-hurt-in-laguna-landslide,stage2_relevance_review,landslide fatality
633,bc05f898a76ac3d932273ab1353bb960,"A coconut farm in Liliw, Laguna has turned lambanog into ethyl alcohol",2020-10-19,Laguna,GMA Network,https://news.google.com/rss/articles/CBMi2wFBVV95cUxPYUJQU1ZvRV9yYmR1NDdCOWVocjgzYk5FalRxclRNWHlRTFdFdnJUTXROOTdobE1wcVh3ZXNLcGVkZjU2bWhmUU9WVnUzczZRQmV2cmdRaDZoNHRmNzQxZVo0MG1yRzFsZ1FNU0dFbHlCMld0VmVyOFBsYVFFeUZ5ZzhQNUYxeVVnN3ZqaUhrd3c3ci1Qbk1jMnVwN3hMak52Y1Q2VmpnMHZlNGFTdFhWQ0FHRldsUE9Xb2pjMzFIT1RoZFp5eTlvbDU5MzNfbjZfRnVneWw5cGlZTG_SAeABQVVfeXFMUFRRSzRYVmRpaFV4d1VnVzZUblo2Y18tRmhKOGl6czJWaHFNZ2JaeHJBVi0zNXQ2MG1NOHYxOUZabjZTMHlGMTVYb0I1MDlxcUYtX1NZOUVqd2VkZjBudDJhNEFUS3BLNC1mLVRjVVN3ZHVmUDlZMm5yWWxmNk1fcjBVbW00aHNwRlBqaUVpZzdGUkh4MkJCWE9xYmd3NkFGS0k4WTVuZWMtTjRtbFdJX3ltY0szcEFtSDNWd3NVcUlzY3plNl83TmNlQ29LU0FhQ3ozaFhSSXotVGZtR2FLTGY?oc=5,stage2_relevance_review,distillery product pivot
634,b123f229ad1b6488c1c0315fdb94697b,Flood Hits Laguna Quezon,2020-11-01,Laguna,Philippine Daily Inquirer,https://newsinfo.inquirer.net/1355088/flood-hits-laguna-quezon,stage2_relevance_review,"flooding, no displacement or food content"
635,d4e09f68cd361352f9facffd3661b38f,By the Numbers: Food prices and the pandemic,2021-02-26,Laguna,Rappler,https://www.rappler.com/business/by-the-numbers-show-episode-food-prices-inflation-pandemic,stage2_relevance_review,"national price-cap commentary, affiliation not a location tie"
636,3c92e410234ead8b204eb573d897f627,"All eyes on lack of storage, logistics costs as food drives Philippine inflation",2024-03-07,Laguna,BusinessWorld,https://www.bworldonline.com/top-stories/2024/03/08/580350/all-eyes-on-lack-of-storage-logistics-costs-as-food-drives-philippine-inflation/,stage2_relevance_review,national logistics and inflation policy
637,984748341115a5fdf6057c3155721453,"UA&P, Searca forge ties on agribusiness initiatives",2024-06-12,Laguna,The Manila Times,https://www.manilatimes.net/2024/06/13/campus-press/uap-searca-forge-ties-on-agribusiness-initiatives/1951286,stage2_relevance_review,academic partnership
638,24e3614ab9ae8a3e850a96d537af683e,"Searca, Seameo partner for regenerative agri",2026-08-05,Laguna,The Manila Times,https://www.manilatimes.net/2026/08/06/business/foreign-business/searca-seameo-partner-for-regenerative-agri/2398945,stage2_relevance_review,academic partnership
639,47fa833b976c6be6f84e60668f828180,Drones help develop better rice varieties,2026-08-12,Laguna,The Manila Times,https://www.manilatimes.net/2026/08/13/business/drones-help-develop-better-rice-varieties/2404093,stage2_relevance_review,rice research
640,6556c69111f1a7b6c77b07850c5fe606,"Searca highlights climate-resilient farming, promising ube varieties",2026-08-19,Laguna,The Manila Times,https://www.manilatimes.net/2026/08/20/business/agribusiness/searca-highlights-climate-resilient-farming-promising-ube-varieties/2408861,stage2_relevance_review,agricultural research
642,c0e57631baa81e288dcfc999be518779,UPLB to help DA combat ASF,2021-01-15,Laguna,University of the Philippines Los Baños,https://news.google.com/rss/articles/CBMiZ0FVX3lxTE56bEZ1SzE4X3llNGJhNHlucVNkRUhlOHlnOFIwd1RVUVNDdTZDU0ljUlFKSDRhSWtJbTdVT052TjVtRHBJVHhocXNMM2RCYTFLdEtBVW9UT1p3ZGFZTTZOYTRWLXdKeGM?oc=5,stage2_relevance_review,research support to ASF response
645,1a9762042176a4964f5f80ff0f458462,Swine virologist proposes policies to prevent further spread of ASF,2021-03-13,Laguna,University of the Philippines Los Baños,https://news.google.com/rss/articles/CBMingFBVV95cUxQcmpHVG96ZE9weW5KMkVDOEZ6dmJWLW5KWWJyWDF5VERwbEFDeTAzYTRkT2NnVGxvX2kybWFQaTdZVE4zcTRUVHJHaWNBWFhKNHJBc0FrQjdKbV9Scm1vNE5YeGR1VVlMLUtCa3BxSVllMGNLLVRaSlR5MGZpQUR2bG90aHA5MHJWOC1rQ21CWHN6Tk9udjA4d3Y2d1Z1UQ?oc=5,stage2_relevance_review,policy proposal by researcher
648,118103ced816b96a818e270fd6534efc,Food security takes the spotlight at SyenSaya’s techno forum,2020-12-10,Laguna,University of the Philippines Los Baños,https://news.google.com/rss/articles/CBMikwFBVV95cUxPd0thXzZKVERYREstQXpLV0w5QjN2VWxzX1loUUJEdE96SDdWQTNKS0RJLWgyZFpVNmRCX3NvX0tRUXZNQU5xRENNTlNfaHZySEdCSkxJSlduR3VBNlA2SF9TQ2JFeUE2eVMtaTg3U3ZwbHplNTVISnJmM2pxYk1uaUdobndveFlKNGFvclBYNERXZ1E?oc=5,stage2_relevance_review,science forum
650,1420257d3681bb5c3435d479cde80086,"06 February 2018, Los Baños, Philippines — The International Rice Research Institute (IRRI) is targeting more public-private support to address key challenges in the successful and wider adoption of Direct-Seeded Rice (DSR) systems in South and Southeast",2024-02-06,Laguna,International Rice Research Institute (IRRI),https://news.google.com/rss/articles/CBMiugFBVV95cUxNS2hrWmstX21xYUFON3BEOTVTcWtzLXVQYW5IVmNsdUR1SkJ2VVQ2Z3R1YmVYWlliVWFQaGN5VjhfZDdKVzg4VmZoUi1iZGx2elNScXZoZlpSR2I3QU5ILUZ3aWlSNkpnc25Yc2xnWTRHR3M2TXRKSWpPaVdMZW81OEtIMmc4YV9ibGhFWEc2Nk91eFhfWWlCa1JqOVhMZmJFakE2b3k5UjY4blVWNHJ2d2xvMVJEaUVRWkE?oc=5,stage2_relevance_review,rice research institute release
651,c456a52d40c27277d2a3b1012a9df22d,Los Baños joins call to be RICEponsible,2023-11-21,Laguna,Philippine Information Agency,https://news.google.com/rss/articles/CBMid0FVX3lxTE1sWHNnblZzSVNSWl9zM1NidVd2SUFFWU91azE4ODdDd0lpQ2o0TUpkR3F0TmhaSWR3dXZOWlBKOHBreEhBd0tsTWVVcEZrYUhZWVg3QkNDVFJIYU1VdDlRZmRHNFFKMkxncVhIZmNEZW5BdGw5cnpr?oc=5,stage2_relevance_review,rice-waste awareness campaign
654,464e60923861e81fea1e58c215ee2acf,UPLB-PhilRice to collaborate on rice development programs,2022-02-09,Laguna,University of the Philippines Los Baños,https://news.google.com/rss/articles/CBMikAFBVV95cUxQN1c1Nk5RWjdMS00zQ0tGUkJuQ3IxcEJJUVhydWwwblMzV21VTVJYLVI4V1ZfOG5CSGpUMDAwZF9qNG9jMF9fWkQzSUlud215Tl9lWXBvS0htb25vOWJaOHFpYkF4Y01OU0lZbVhkamN3X2JzaHdqS0FMY3dCaUIycUlOcE9RbktyUjBjSmdwRXo?oc=5,stage2_relevance_review,rice research collaboration
655,a0fff460dbbb0b40676a92bbc2d84775,UPLB-BIOTECH biofertilizers and technologies to boost urban agriculture in Cabuyao City,2021-04-21,Laguna,University of the Philippines Los Baños,https://news.google.com/rss/articles/CBMitgFBVV95cUxObTU5V0FsSTYybGhyTFh2QkNaeU9TMUo4aV9FUTBCd0xDUGxrN2J2bGl3RzEzY19BZnROWXlHc3d4M1Z0NUJ0SnJMeTlOVjkxbjJLelhIUDBxa3hnam5TeFd0elBNbGlaUFhhWE1OMXVtR0RHR2ctejExR2NwS0hKVWh1OTZzWVBxWXViYnV0YXpsa0w3bzlxRGQyMkNuYlpMbUphUk85alk5dnRDTE5kSHUyeTA1dw?oc=5,stage2_relevance_review,biofertiliser research
665,db502f6dee50d4732cb50a07aca14168,Dead 2 Hurt Laguna Town Landslide,2024-01-12,Laguna,PhilStar,https://www.philstar.com/nation/2024/01/13/2325513/1-dead-2-hurt-laguna-town-landslide,stage2_relevance_review,landslide fatality
667,dda7a7c8b2f06a051229991cc31fc387,"Palace urged to boost pork supply, not impose price controls",2021-03-15,Laguna,BusinessWorld,https://www.bworldonline.com/palace-urged-to-boost-pork-supply-not-impose-price-controls/,stage2_relevance_review,"national pork price policy, Pangilinan surname mistag"
668,f8da6f26a90114d51479be7d0b7cbcf3,San Pablo City in Laguna Declares State of Calamity,2022-10-30,Laguna,Manila Bulletin,https://mb.com.ph/2022/10/30/san-pablo-city-in-laguna-declares-state-of-calamity/,stage2_relevance_review,bare calamity declaration
669,8792174a2cc49e1b6fabc906c43d1020,"Cafe in San Pablo, Laguna uses edible straw made of rice and tapioca",2021-06-14,Laguna,Manila Bulletin,https://news.google.com/rss/articles/CBMimwFBVV95cUxNU2Jsc1FfdVZ5QV9SckN3SUlYYjVxV0tKYkhIS01ZTXA5ZHhuMmQ2X0xKV0ktMlZjbDFUWnNsY3U1NWJUa2xLYnlVaHRUYU1pb3BzQ2NOdTR3ZVBXRDJxc3ZfbjRvQ25mZDd3NmhrbXFtOUw1dzJ5cHFfSUtnYUdLUmxMcU0xX21fTElISG9BdkM4Rlp3RmRyTC1oNA?oc=5,stage2_relevance_review,cafe product feature
670,93e80eda0e2ad466799a2f8257f3df5b,San Pablo City in Laguna placed under state of calamity due to Paeng,2022-10-30,Laguna,GMA Network,https://news.google.com/rss/articles/CBMizgFBVV95cUxQdnBCY1dQQzlIdmdhTjJUMGVCYW5GcGdKYXdHYk1HVXVRZlNYRnV3Q25jOGtaX05TSVdlZ2djSjJST2pqd2gxZnZzYVZTcGJuWXZkY0R0TUtnaV92M1ducDZUdTRhN19STHRUYkhBQjRNTkE3OTR5akhSN1RhbUk4SnE0N2ROdDZ3MkdiOWlvdm5XN3NqdXUzci1zR2xob0dsLWZWMEtmdTJHM0gzYU1CV1E1d2JHNXY5aHRHbjd5eHZ1RTNuYTBwNFFCcVVNZ9IB0wFBVV95cUxORjdFalllZGFidmxGMmQxUjlRVEE4ODZPNnJsQVdhcjFvVDJ5UnZxZkhFcDk1UmhJSDVPRXY4T0NTcmhCR3VyZURpZGdkemVKeFpQa0wxeFVNMU1WMUIzOGdIWjdFUWc2dS1kNncxWld3a0IyRDJwREE0ZWxmbi1JYno0ZFUxQXVkTHdhNlpuNnVJNl9EZUMzTFRnWHJ0TkN1X3NKMHFoanlXM1l4aTcyUVRMck9EMTJ5ZFhVVE5mN3RCR3U0TmsyazlSc2JLemcwMFJz?oc=5,stage2_relevance_review,bare calamity declaration
671,c1e5ecab85d7a948a7a5720db2df204f,"Typhoon Uwan worsens floods caused by Tino in San Pablo City, Laguna",2025-11-11,Laguna,GMA Network,https://news.google.com/rss/articles/CBMizAFBVV95cUxPanh0Sm9PM0dOY1dNYng3QmNaRm04dEs2RWNOZmV6OHdzdFFndEI2SFQxM2EwTzBnc3hjOEdGV1ltYWpsdjBoVWY5c1RGWm9kcGVDWUxidThnYy1aVVE2ZER2M3k1a3NlVVJid0FWSzFuMnViM1RiTG4yQ1V3TnlUdG1GODBJLUlWYU5IQ3B1QnJvTFFVLXpUYW1EcGd3aVI3cTlDc21NVE96NV82dGFpclZWVFB6cVlzWWFQaHdoRmRUSFhXeWNGVkJGM23SAdIBQVVfeXFMT21acjlBeHB2WmtmMDBfMms5bHVnN0NJUXptQzRpNGJ2MkNCWmpMU0pjQ0VJZ3lmNk9SdUdzcDNkWXBNcVpFTFR6RW5MYXhubzg1V0czQkk5WXVHQmxmV09XNUZhcm1VOXVYa3lzWDdWYUE4WVNIN3ZBOGZ5empDQk1vYjZPT3RjanhNNDExREs2dmVwUlM0Nlp1WHBJdEpWa3dsOFE1QWdBQ0pRQURrenNpWXhENTRGdHVpUWhzaWVJelRnNkNqaThxVVg4Yml2TEtn?oc=5,stage2_relevance_review,"flooding, no displacement or food content"
674,e6e165b4cf102b6d650c3e353c448df4,Shawarma Shack Brings Help Typhoon Paeng Victims San Pedro Laguna,2022-11-12,Laguna,PhilStar,https://www.philstar.com/business/biz-memos/2022/11/12/2223133/shawarma-shack-brings-help-typhoon-paeng-victims-san-pedro-laguna,stage2_relevance_review,corporate CSR relief
675,a5301a9dc74ac649cd22ad68fc06d625,Ilang Lugar sa San Pedro Laguna Lubog sa Baha Dahil Kay Enteng,2024-09-02,Laguna,ABS-CBN News,https://news.abs-cbn.com/regions/2024/9/1/ilang-lugar-sa-san-pedro-laguna-lubog-sa-baha-dahil-kay-enteng-710,stage2_relevance_review,"flooding, no displacement or food content"
676,9b3eec55237bd917e5e6255c112509d5,Flood Summit Kicks off in Laguna,2025-08-29,Laguna,The Manila Times,https://www.manilatimes.net/2025/08/30/regions/flood-summit-kicks-off-in-laguna/2176130,stage2_relevance_review,flood-control summit
685,6094115392f8ee9f042a5af3b5f98f48,"Agri panel reconstituted to reduce poverty, boost growth",2020-08-18,Laguna,The Manila Times,https://www.manilatimes.net/2020/08/19/business/business-top/agri-panel-reconstituted-to-reduce-poverty-boost-growth/757429/,stage2_relevance_review,national agri panel reconstitution
686,0e99208c578ac4b658302fd534281c3e,Sharing a slice of the Filipino’s rebirth,2020-08-24,Laguna,Philippine Daily Inquirer,https://business.inquirer.net/304713/sharing-a-slice-of-the-filipinos-rebirth,stage2_relevance_review,food culture essay
687,6c84516e86532ffc044fbe27c19cb27d,Flood Laguna Christmas Eve,2020-09-26,Laguna,Rappler,https://www.rappler.com/nation/flood-laguna-christmas-eve,stage2_relevance_review,"flooding, no displacement or food content"
689,cc43cbebba52891ded9b6165a5d761f6,"PH losing huge fish catch to WPS encroachment, ex",2021-05-05,Laguna,Manila Bulletin,https://mb.com.ph/2021/05/05/ph-losing-huge-fish-catch-to-wps-encroachment-ex-bfar-head-says/,stage2_relevance_review,"West Philippine Sea fishing losses, no CALABARZON tie"
690,b52367859b6a59a8910e75ff6bb79d3c,"‘Kalayaan sa COVID’: Robredo’s action plan focuses on addressing public health, hunger, and job losses",2021-11-03,Laguna,Manila Bulletin,https://mb.com.ph/2021/11/03/kalayaan-sa-covid-robredos-action-plan-focuses-on-addressing-public-health-hunger-and-job-losses/,stage2_relevance_review,national election platform
691,79770ca6cba905cf2dfbd5176a11a1e4,Time for consumers to grow their own food,2022-02-22,Laguna,Philippine Daily Inquirer,https://opinion.inquirer.net/150199/time-for-consumers-to-grow-their-own-food,stage2_relevance_review,opinion column
692,631f6e861b0b75a58a7dbad5a73eeeed,Philippines protests swarm of 100 Chinese vessels in reef,2022-06-09,Laguna,PhilStar,https://www.philstar.com/headlines/2022/06/10/2187391/philippines-protests-swarm-100-chinese-vessels-reef,stage2_relevance_review,maritime territorial dispute
693,c43900d5923c86e1188efdf43bbccf36,Red Cross volunteers clean schools inundated by mud in Laguna,2022-11-13,Laguna,The Manila Times,https://www.manilatimes.net/2022/11/13/public-square/red-cross-volunteers-clean-schools-inundated-by-mud-in-laguna/1866083,stage2_relevance_review,school cleanup
694,fc167600c098b24122bdf95cae948329,EDITORIAL,2023-06-11,Laguna,PhilStar,https://www.philstar.com/opinion/2023/06/12/2273196/editorial-beyond-independence,stage2_relevance_review,editorial column
695,eef880ea60386ff9d8d4051006d3c58c,Laguna Suspends Monday Tuesday Classes due to Typhoon Egay,2023-07-24,Laguna,Philippine Daily Inquirer,https://newsinfo.inquirer.net/1806534/laguna-suspends-monday-tuesday-classes-due-to-typhoon-egay,stage2_relevance_review,class suspension
697,f88b3d592ead8502108c36c34fb9361c,"Cash, rice aid program launched",2023-11-06,Laguna,The Manila Times,https://www.manilatimes.net/2023/11/06/news/national/cash-rice-aid-program-launched/1918488,stage2_relevance_review,"national programme launch, no CALABARZON tie"
699,CBMiUEFVX3lxTFBHNFI3R3NmZzcybFkzSnd1N01sWHg2Y2tSNjdNb2x3X2dTdUkzTHp6Mk9CRVlHWXFnR3hELWZIZ3lzOHMzZHRPUUJKR18xVGpj,"DA projects in Laguna, Quezon to boost food production, reduce poverty",2024-07-18,Laguna,Philippine News Agency,https://news.google.com/rss/articles/CBMiUEFVX3lxTFBHNFI3R3NmZzcybFkzSnd1N01sWHg2Y2tSNjdNb2x3X2dTdUkzTHp6Mk9CRVlHWXFnR3hELWZIZ3lzOHMzZHRPUUJKR18xVGpj?oc=5,stage2_relevance_review,aspirational production programme
700,7406849cf937dfff2f7c48101d41380c,Marcos Jr. praises ‘unsung heroes’ on National Heroes day,2024-08-26,Laguna,PhilStar,https://www.philstar.com/headlines/2024/08/26/2380671/marcos-jr-praises-unsung-heroes-national-heroes-day,stage2_relevance_review,holiday message
703,fe68511168113bece54ae9a19ddef1fc,"Unsatisfied with ‘7-7-7’ racket, lawmakers jostle for ‘30-30-30’",2025-01-21,Laguna,PhilStar,https://www.philstar.com/opinion/2025/01/22/2415962/unsatisfied-7-7-7-racket-lawmakers-jostle-30-30-30,stage2_relevance_review,political funding column
706,2d99405e1f20c95bc7fded1105424fdc,PH Navy not part of fisherfolk aid missions but assures presence in WPS,2025-08-19,Laguna,GMA Network,https://www.gmanetwork.com/news/topstories/nation/956355/philippine-navy-wps/story/,stage2_relevance_review,"naval deployment, no CALABARZON tie"
708,56f88c9002213c0312edc61d485b6228,Wanton destruction,2025-10-28,Laguna,PhilStar,https://www.philstar.com/opinion/2025/10/29/2483264/wanton-destruction,stage2_relevance_review,opinion column
709,9fa814a707541ade3091ae35198709db,Laguna de Bay agency seeks public's help to trace polluters,2026-07-20,Laguna,Philippine Daily Inquirer,https://newsinfo.inquirer.net/2266546/public-urged-to-help-trace-polluters-in-laguna-de-bay,stage2_relevance_review,pollution source tracing appeal
710,d5463617fc39c2ad0abdb4d706ca9764,"What's going on this week, July 22-26, at the OC Fair",2026-07-21,Laguna,sbsun.com,https://www.sbsun.com/2026/07/21/what-is-there-to-do-this-week-july-22-26-at-the-oc-fair/,stage2_relevance_review,"US local events listing, Laguna Beach name collision"
711,ca791c4e3a2597504a4a4ad530dfe9e1,American Open-Source Labs Think They Can Beat China's Best AI Startups,2026-07-21,Laguna,forbes.com,https://www.forbes.com/sites/iainmartin/2026/07/21/american-open-source-labs-think-they-can-beat-chinas-best-ai-startups/,stage2_relevance_review,US technology business report
713,8483c0b995dfd0de3dbb880c2c10d5f0,Easecox donates P1.25 million to Laguna public schools,2026-07-26,Laguna,PhilStar,https://www.philstar.com/business/2026/07/27/2544863/easecox-donates-p125-million-laguna-public-schools,stage2_relevance_review,school facilities donation
714,f3f6da78df5821df81eb0b67c358309e,"Paulina Gretzky hit the golf course dressed for success and won, Brooks Nader in her Baywatch red & a squirrel",2026-07-28,Laguna,foxnews.com,https://www.foxnews.com/outkick-sports/paulina-gretzky-hit-golf-course-dressed-success-won-brooks-nader-baywatch-red-squirrel,stage2_relevance_review,US celebrity sports item
715,66aec22782009e91c22b4b0fdf9f1c2b,În El Salvador a fost descoperit un mormînt vechi de aproape 3.000 de ani,2026-07-29,Laguna,noi.md,https://noi.md/md/in-lume/in-el-salvador-a-fost-descoperit-un-mormint-vechi-de-aproape-3-000-de-ani,stage2_relevance_review,Moldovan archaeology report
716,ab5427468106948f5250b1643d59625f,Jollibee program equips farmers with technology,2026-07-29,Laguna,The Manila Times,https://www.manilatimes.net/2026/07/30/business/agribusiness/jollibee-program-equips-farmers-with-technology/2394261,stage2_relevance_review,corporate CSR agri-tech award
717,d7bca9ea35c3410dfd646adec6ec2ff7,Why wetlands matter more than ever,2026-08-03,Laguna,Manila Bulletin,https://mb.com.ph//2026/08/03/why-wetlands-matter-more-than-ever,stage2_relevance_review,wetlands feature
718,672b96bc7ebbf03642077612739c7338,"Laguna Lake 'dying, ' warns Cardona Marian shrine head",2026-08-06,Laguna,Manila Bulletin,https://mb.com.ph//2026/08/05/laguna-lake-is-now-dying-cardonas-marian-shrine-head-laments,stage2_relevance_review,commentary on lake degradation
719,8d0698c44d56bf9378883ddccb26145e,High tides to cause flooding in San Diego coastal areas,2026-08-10,Laguna,fox5sandiego.com,https://fox5sandiego.com/weather/san-diego-coastal-flood-advisory/,stage2_relevance_review,San Diego flood advisory
720,da67b02176fe98a94d1447cbb412ae4c,Laguna Bluebelt's photo contest displays local ocean beauty,2026-08-11,Laguna,ocregister.com,https://www.ocregister.com/2026/08/11/laguna-bluebelts-photo-contest-displays-local-ocean-beauty/,stage2_relevance_review,Laguna Beach photo contest
721,243478c21444cf82127a37ce6bca2039,"The Number-1 Food to Lower Blood Pressure, According to Cardiologists",2026-08-15,Laguna,prevention.com,https://www.prevention.com/food-nutrition/a73425035/top-food-to-lower-blood-pressure/,stage2_relevance_review,US health and diet article
726,be94ffdba3bd4a8e6af7fdd01d46da65,"Rice Straw Hub opens in Laguna, transforms farm waste into value",2025-10-10,Laguna,InsiderPH,https://news.google.com/rss/articles/CBMijgFBVV95cUxQbDg5allFRlB1aV80eG4tZnlicERkbHNQYXJ6SUZQLUNKeHJ0Z2U2MWhqOS1NalJEelVwbllveGJMdGhJX1hIQVF3WS1Nd1pRb0VTRElSZ1R6RVhYUjItWFJnN29uNFppN1MtWHptWVhsWDRoTFY5Ulh2U1pfX0NxN3U3eFZFSzFKdEhHcmZ3?oc=5,stage2_relevance_review,agricultural waste processing facility
728,466400faf808364384681915aaa61672,"Dahil malinaw at malinis, tubig-baha sa Laguna dala ng Ulysses pinagkakaaliwan",2020-11-13,Laguna,ABS-CBN News,https://news.google.com/rss/articles/CBMitgFBVV95cUxOOThkNlRhdW9zaXZRaXExSzhNRmtvZ1pKMkZhcFZrT0pTUTZqazVxcGhLZzU4c0hqVFphNk5TSkNVZmxKaEF4ajVDdXZSVEFGNVAweWJTekNuZ1EweGJtV2pQTEdWc1FUVWdLR0RiV3V5cUIwZW8wSFZidUw2UnN3SkpvbDhtZXU4UjVKWl9ud01Na3lUSUZWS1NiMkNISXNXM0E3ZzN5M29wWmNnQkcwNzJNM19TZw?oc=5,stage2_relevance_review,viral floodwater clip
729,321372a1e71299d6aea1fe5e753171b5,Apl.de.Ap begins project of planting 100 million coconut trees in Laguna,2025-10-17,Laguna,ABS-CBN News,https://news.google.com/rss/articles/CBMi3wFBVV95cUxOVGwzTmVJLVA2ZXpLWW9wbjc2aG1SOXdpMHhkNFIwdm91ejRiTF82dTU3YVpPYkRhdEJ5YTBCbVB5UzRiV1ZsLWdWcl9TemFwTi1VcS1jVXBTMGJTend4UkwyMGQ1amhKOF9Xc2pncjU3N0NBbjVPa3c4bC1sOTZsaHppajExOTU5UkZmeHJHbFRjcmZCWGRBaGhwZUpLYVVITWNLY1ZBU3VRZjFMWjlKYzZIUDAxZGdDaW1GQkZXUkI2Z01uUDhBaTAwQ0t1eGhLT0JscV9HQVVvOEZOOHpr?oc=5,stage2_relevance_review,celebrity tree-planting project
730,a3c4f2ca12497c941283c99fd6037e96,Laguna de Bay revival eyed to boost fish production,2024-01-19,Laguna,PhilStar,https://news.google.com/rss/articles/CBMipAFBVV95cUxOTHdOREg1Nkk0a3NEVDhsd0tkTXUxVTh6WWE3aWI1b0tuVTBWME5XeDA2UmMwY3pWOTcybUJNSWNERU1YWExwQXNnYlRPTGkyd1k0cUNycmx0dTJ2aTVGXzZkRHkzN2tVNEVaUGdVZUQ5NmowbVlieXJTVzJ4QkRoTzY4Rld4Q29mVFR1dTA3a3BvS1JvZzlydXFJVV9vcGhOclVvZtIBqwFBVV95cUxQRDVpR09PdHFkczVTX0xYczM5c0tMeW5hTEVJU1lKRkdnYWZGMVhsSkdlZzBLby10aW5GTlRpMkt2YWpkMU9uc0tkSkFUYk11Z1prcUQ0emlsR0NVVHBiX3QwVzlSNHIxbzdlYW40dmJiWWZLbjlKNmpOcVc5UTJSUnFlSEhLWC1aYldpYXMzUjlRRjRmRUVTNWNfa1M4LUFkekVhZUxDTjlZekU?oc=5,stage2_relevance_review,aspirational fish production plan
732,9527edd663682bc9c4f058b466d815c0,Laguna taps drone to plant rice,2026-02-20,Laguna,Manila Bulletin,https://news.google.com/rss/articles/CBMibEFVX3lxTE1SZ3BCc1MwcmlMaUVYaHZ0Rkwwb3B1Wmx5a3FLNXEtVVR0c2pJYlA2cUxGVmRiLTdfeF9RZHV1ZVRnSVNUdVlILVNucUhwdTRRQ2c5ejduZFJUaWZvOTk4TVpNclN4SGNEVWdpQw?oc=5,stage2_relevance_review,agri technology adoption
748,04eab8bc68715234758f6dbb09a4247b,Bayer Philippines builds vegetable farm in Laguna,2021-04-19,Laguna,PhilStar,https://news.google.com/rss/articles/CBMioAFBVV95cUxQSk5mNF9kNEF4NWU4NGJEQ2lsdXFVaGNldUt3bUJMZTlaemZ6aXpGZDNKZWRZTEFid0RKS2tiSUx5YklWWHZoMW9NWWhtNjNjZlJlOWhiY1dFZTdyWk9sN0FydWRsdVZMbTZ3eDFfNUF2NjF0MWdRckhodHlnNksxczNQeUNxNVlIX2FCdlNud19DNC1aMmZVYXJXYVlKX1FL0gGnAUFVX3lxTFB3TFpqanlsV3pNa1Uzc1pYRGdrbFMxZXhoU0wtSjBEcGRCd0NIYU5jUUwtcGU2bFhwQ3dTSllYRjR4cC1pdmxnOWpIaXBKdHZDVVRTR1oxejFHb0lSTXhNRWdJTkhIUjdwX2cwWXRXVUt2Q08ybXcxSE4yN1NHVnRMVmNKcGdBWHhsNHVHX2twdHlja183dHVjMVphcEpkaFBQbFI1X3BN?oc=5,stage2_relevance_review,corporate CSR vegetable farm
759,1d293a233a801660892aead26025aa04,"Farmer organizer abducted in Laguna, says human rights group",2024-10-12,Laguna,Philippine Daily Inquirer,https://news.google.com/rss/articles/CBMingFBVV95cUxPMnZwZUVLOUhZYzQwNE5oM21vdmJNZm5BcURpajBqYTQyS1VhTU1nNEhFcDkzVEFac2E5Qm1HN3NlWU0xRmlCMXlRMGx6U3VWVmo4WHctcm9OR3NsdEhkWnBBVWpNOFY3NGhJcENScVZCaFlvZXFDN21sT29xWEt5T1JhZ2FQZmVzZGQ4OW5CelhUbFJNN0Nhc0hLYjdxZ9IBowFBVV95cUxOM21zQXllVW9LM0p4NnQxR0pHVDJHSWJiemlxaGJ4SlEteWVzaXRlblBsUXF5UEF6N2NQZUgwUWtGcUVXbDFrbkRWeksxbTB1dTVoZkl3Z09pd1Q3VHBFNDRIcGZ1LXNES1Z0STZfbUtIOUxEODVkMGs0VmtfOGtORGJ1Wk9jeGRuYzE5SEdMLWtOUHpVdUNmaXYzSVNiN0k5ODcw?oc=5,stage2_relevance_review,human-rights abduction case
760,6a4c8f48533cf39a1a697eb1b47d3e6e,Provincial gov't distributes fingerlings to grow Laguna's food yield,2024-01-13,Laguna,Philippine News Agency,https://news.google.com/rss/articles/CBMiUEFVX3lxTE84TFBkbUZia2pvT21HaGRzamdMc2hGd3ZULThSYXJvSzJnd0N6Y0hmRlRtNFF3d0lydWNsYmhRUnpzSHQxQ1NQTXRBOHJMWmwx?oc=5,stage2_relevance_review,"fingerling distribution, capacity building"
761,90d6945a016f0adc3a2c55ab777245be,kangkong harvest at laguna de bay by JBondoc,2024-01-13,Laguna,Philippine News Agency,https://news.google.com/rss/articles/CBMiS0FVX3lxTE5GX0ljdWNRWE1DTXdOSUZTSVhEajF5UG1IYjRfYVp2VElvYUFWQkZ3LTUyV20tWHhXdm9YYXdISXZqRjZYeVZPZUtJaw?oc=5,stage2_relevance_review,harvest photo essay
771,3ce9057a023ccca92ddfac8d0f965bed,Rice straw biogas hub rises in Laguna,2025-10-12,Laguna,PhilStar,https://news.google.com/rss/articles/CBMikAFBVV95cUxQYVd5M2FISTQtaV9HTzFCcGlIeTFJYS1tSTFnT1VDQldpX2k5WmhlR1Zyb3hMT1cxTjQyZFgwamd5dHc5RjFqT1Q2U05KSWxJa2w5aHRSN2t1Rll6MWhGX0ZaWldjQk5QTnptVTNlWVpDWmZSNVRDcF8xeVU0VnhvNjFRMFZaZTdVUlROS2pMMWTSAZcBQVVfeXFMT1RtVHVYaFk1Rmx1MHZvLXktRllpY1JMZnNIWVNobXRXUmJ2Vk9BR0pJcEpzUE9QVUNTY1BFb25NRE1ab0Nfa25sMEVQck5sN2J5c0l0X2dWY0g2dzRYSGFvMnhUTkhjQjUyUllZNDNpZXJ2REhhRkpqMXZ5Nmk5THl3bE9zbjVaN2tZcmNoQUNCcW5TemZXQQ?oc=5,stage2_relevance_review,biogas facility
774,87d3f9d39800035f9cf39764a15df2d0,Chinese envoy touts hybrid rice gains in Laguna visit,2026-04-19,Laguna,Manila Bulletin,https://news.google.com/rss/articles/CBMiigFBVV95cUxNYW1Yc1c1Q094X1BYT2pQS3E5eGtnNXpDTFB3MzdEWHF1bTJxZ1pjbjgtcUk1Wmtpa3F1TEZId3RpZ0paVTZKTzd4SkVvV0pzRDAzWkZnOVVzc1BOS0dSTlAzY2VQa2RENEMtc3RWMDFFRk5zT0FrLWxJTGFQY1Naa044ZFFMX2ZTUmc?oc=5,stage2_relevance_review,diplomatic visit
779,55a782a9258a525247cec03b2cae819e,Hearty dishes from Laguna’s predator fish,2025-09-04,Laguna,Philippine Daily Inquirer,https://news.google.com/rss/articles/CBMigwFBVV95cUxPVUFYN1JtdnBDNnQ4R0E5SlA2b0wxV0JTaFZFRVE5VkRySzBLWm03MENJS2xXZkxMcV9NZTVKTFJWdVhrbWxZaG5Fam96VmZ6XzRkazI3SGlQTnBWVEF3eEhrbUhwOVRlRUpJR1FFeGtveWFrNF9UckZNZG4tcUZ0ZFRlQdIBiAFBVV95cUxNa3pPeUgwWnZkNVhwTUhQOWNrUU9XdkdOM1BRdmE1T0VwSVBDTFZlN1RBUEMtRTRZVmtfVV9JUUxZOXlfdVdyT2RLLWtOYWpCVXRwbWRiWjh4clhnWjZtUzdKWEJOeW1qSUwyQjdubmhINUQyZExrcmRHZWxOd3VXM2lRMU92eDNl?oc=5,stage2_relevance_review,recipe feature
787,815efb69ab8e006c3e6c14685f90ce38,Laguna de Bay eyed as key source of fish for Metro Manila,2024-01-18,Laguna,Philippine Daily Inquirer,https://news.google.com/rss/articles/CBMibkFVX3lxTE1uWExGak1pamFsV25vd3M5dmdPQlJrVTFrc1pLd2d0QmFBU0U3cWljS3Q5Ql8xYzdYN2xSaGtGdDRMSUZ2MFlmTFJ6Y0V6am5Iay05OTNnVnBBNDVVNS1QUWJjRHlCcmU5Q19MbGFn0gFzQVVfeXFMTUp4R3dWRDNYeUpNTVI0Mm9fUW1ONzN2amZDMHJfX2R5ODV3endrWXdWWGloVTgtZ1ZyelFYZzZyV1ljNzFhRnAwSXd3VkFDQ25LUGxxSWxFY0xVZUEzUzkzRGJDQmFsU0hWY2k2Y2w2T2xhbw?oc=5,stage2_relevance_review,aspirational fish supply plan
793,92a5ac4358706bb55152262c3a2c48e2,Bam Aquino vows safeguards for Laguna fisherfolk livelihood,2026-05-28,Laguna,Philippine News Agency,https://news.google.com/rss/articles/CBMiUEFVX3lxTE9FbURiLXlIaE9UcVBmWm40cmtDYVVwTlBsR2hWRWtoaXJtalVqcWg4TC1oYXpocHptMWZobXhERXpBbVlYZUJ1b2RLNjZ1dHUy?oc=5,stage2_relevance_review,political pledge
805,aa38fa3726de72b960b360c8495ccd51,Laguna farmers receive agricultural machinery and equipment,2023-04-18,Laguna,Manila Bulletin,https://news.google.com/rss/articles/CBMikAFBVV95cUxPTlppekIwMlY0SFVwSDM0VDRfMmJpcW02MzFlcWh0VHlyYU5Pel9xQUdJUmJRSTAyWnhsLWhaeFEyQmZtdlhSbVN6ZF9FUmtLZXc2alRSVmhpZE0xZ1NyUW10dGFIeW1LQlFFTDNUY21mV20zQ3hFSEhDbURYdm53NUc4MUJ4Q1BBUnZNYmpEQ0k?oc=5,stage2_relevance_review,"machinery distribution, capacity building"
808,3cb4c24ba67c528db41e20316703c3a1,Agri chief eyes Laguna de Bay as major fish source for Metro Manila,2024-01-23,Laguna,Philippine Information Agency,https://news.google.com/rss/articles/CBMilwFBVV95cUxPWXNaWjlyMWxYT0laeHRraEVjOHVCUklzODNDWm93Vm5MQW1xZDJoZVF2aG10NXJjT2pzeHVHMHhVYWVoTTRUN09iQzRSOWVhTTQ1V3dBY3RfWmxjNUJOUGIxVE1UQzFMOHBQYktPTTlWaklyblNHd29HdWpBdF9EakpaNGtSMEJnQ2hXNHJNN1A4TENDWEJz?oc=5,stage2_relevance_review,aspirational fish supply plan
811,a5c88094f5b43243eb16998a0daa2dbf,Laguna hub to speed up production of new rice varieties,2023-08-29,Laguna,Philippine Daily Inquirer,https://news.google.com/rss/articles/CBMilwFBVV95cUxQVWZLbVRTdjVuRUV1UVlFMGpUVHM5aE5JWWR4cWRWaW4wNHR0S0ROTGVmNDU0TUV6a2lLVHdZNnJtUjlvMXA1TXJhdlNla1BFNndLZUpCV2xBOGpKVnJYeHpOczk0R0EzLWVwTGRjYXVRZEp6T3I3bWZBTWcwcXRYWVY3TnZlSV9FQ1UzNXFfWUIxS0N2enk00gGcAUFVX3lxTFBSWUYtQ01iSnhQMkYzZy1WMThYbmpEUWdBOC0xS3VHTHFfanVyeHNJX1FocmVldXQ3SnBDejRmeWlxaEJCTGkyb3JsSlc5TXZrZGdJWTMxdkxOczBnQkxMNXlDemFGRkRSclc2MG1ERmxoX19tT05seDlNWmNNZzJ2TUNwRDdXWEJqLWhLNEotLU52d0sxMGVSZmdGUA?oc=5,stage2_relevance_review,rice variety research hub
819,28e1896dd696080ca2ad7672b126fd49,NIA contract farmers in Laguna begin cropping for Dec. rice harvest,2024-08-14,Laguna,Philippine News Agency,https://news.google.com/rss/articles/CBMiUEFVX3lxTFAtTHNsRktIUG1JRTNrOFJUS0VFbl9wbEtiOGhuRjRaR0Nra1lJczRia2pIdXNrXzZMamgzN01tOXdmc3o4STYzbnJRaWlxLXdH?oc=5,stage2_relevance_review,routine cropping schedule
821,6237edaee3d8fadc5e8b3d3d749b2f9e,Digitalization aids Laguna town farmers in boosting agri sector,2024-01-17,Laguna,Philippine Information Agency,https://news.google.com/rss/articles/CBMiqAFBVV95cUxNbDZvSk11UUJMNHA4NlNDNzE5OGRyYjdyWGJPWWtmU1I5Nm4zNUFJOFlFRUtsUTdfR3NqVmZKQl9VTndGV2xlOU1BMVdTYWh2dGFMSVNrUWZfZTFPWHl5WS1FYnFpTmd0MkVhaUtVYVBST08zZVZTRDltZWJCNzZBYkw5XzJ3VnNfZ2tFR05ScTRISHA0WVdEdHlpOVpjRkYtZHFPcFpKQ2w?oc=5,stage2_relevance_review,"digitalisation, capacity building"
828,9ffc48b2792032655e61bc88f5488ef0,DA: LLDA resolution for Laguna de Bay will increase fish production,2024-03-27,Laguna,Philippine Daily Inquirer,https://news.google.com/rss/articles/CBMipwFBVV95cUxPU0JrVmNYWWptTnN0YUNRRVprbVpxMTRpMS1QN1FDM0NTeXJseTV1eDRSelcyMm1icjVpdXBVbEE5aU9Pd1Q4emNCOHo1b2MtZFZFTEY4YWt4MW9wMXFnM0hEanNTMmdwVlB1b1haR3lsMGN2MWNmWHVvamljN2NMbGFWeEJFQk1uQTZWSlFVUFFyaEJjaEQwWjk2cFZGTGk2QzVhSDFjd9IBrAFBVV95cUxOSm5iaVBjbjg3WTNuTk5SdVp1MWpOeXpCRTVHZnJtcFlJZkpZaXhuREt1ems3R2pjVHI3M3lNRjlxdDc4Xy1obHZhQkRKaWwxdE9ZTDZJYWhCN3RDSzNsMXFka2poYVYwdjJmVzVhcTBnSGVTdXpqYW12aVlINHRnYTFyeVpXa1pFOGs2Smp1RjN2Z29PcEFqLTEyTS15dmJUR2s3UjdXaS15VVd0?oc=5,stage2_relevance_review,aspirational fish production resolution
830,808d6b90e843dd44629c21d8e683ac84,Construction of Roma Point Bridge under way,2020-10-26,Quezon,BusinessWorld,https://www.bworldonline.com/construction-of-roma-point-bridge-under-way/,stage2_relevance_review,bridge construction
832,9cf5e62b859e281f53d87fb5eb634473,Honoring Sierra Madre,2022-09-27,Quezon,Manila Bulletin,https://mb.com.ph/2022/09/28/honoring-sierra-madre/,stage2_relevance_review,opinion column
833,bd3b767787631b99b86cdcee075f65bf,Woman Gives Birth amid Enteng Flood in Quezon,2024-09-02,Quezon,Manila Bulletin,https://mb.com.ph/2024/9/2/woman-gives-birth-amid-enteng-flood-in-quezon,stage2_relevance_review,flood rescue human interest
834,98c2d80fc02c507cfca44ec470f1b171,Man electrocuted during blackout in Quezon,2024-10-24,Quezon,Manila Bulletin,https://mb.com.ph/2024/10/24/man-electrocuted-during-blackout-in-quezon,stage2_relevance_review,electrocution fatality
836,6b98b404da304a106eee407ec9c24f67,Landslide General Nakar Quezon Province October 24,2023-10-25,Quezon,Rappler,https://www.rappler.com/nation/luzon/landslide-general-nakar-quezon-province-october-24-2023/,stage2_relevance_review,landslide casualties
837,c578bc08e976678703581187b0d7153d,Sierra Madre Landslide Leaves 4 Dead in Quezon Town,2023-10-25,Quezon,Philippine Daily Inquirer,https://newsinfo.inquirer.net/1851003/sierra-madre-landslide-leaves-4-dead-in-quezon-town,stage2_relevance_review,landslide fatalities
839,af8200336d36136f5756b6e5fceb575e,Knorr Philippines Partners with GMA Kapuso Foundation for General Nakar Nutrition Program,2023-09-19,Quezon,Little Black Book | LBBOnline,https://news.google.com/rss/articles/CBMitwFBVV95cUxPbEE3NHNfTXBPdm51QzdWMjZQRzdWLXoyVUhqX0xUUndVTXE5eExxUkJOd2xwaTNYeEZSM0hOVGlBQXhLamVtNV8zWE00ZkRkb2NZTG5HTVZDN2tGQzBQRXhqS2lycDZ4Rjh3RlRLY1VuempDZUZWbW1Cd3hUcVBROHA1SXlObFc1X082YjJjMEl3UXZ5bGdMYkg5RHg2Y29MbDNsdV9kTXE1NDZMejhpSXJoU2NyY1k?oc=5,stage2_relevance_review,"advertising trade source, corporate CSR"
840,cce2a33b43dbe117070c61cfa72c7824,"Polillo Islands, General Nakar in Quezon under state of calamity due to Karding",2022-09-27,Quezon,ABS-CBN News,https://news.google.com/rss/articles/CBMiowFBVV95cUxOZC1jMzg0UW9vSnNnZjZQYmdNckdvVEN3cHc0VU5Ic2hsaW1pdmNyYTEzcEcyaVhnZzlET2pfVm5iWDBLQ0VaSjhtZUg3bDRDZmhSQUR5ZmhiWDhwQ1BDZDd4cTJYTkc4d2Y2eWJiaDRTd05UbUVWbjFHeVcxRzRMSnZHcWc2Q05aZ3NnQnpzX2xPanF1RmxNTjRrRDIyUFdWZzlV?oc=5,stage2_relevance_review,bare calamity declaration
841,6c70578c0392ddd3c26436b1e38e9f85,Coffee and agroforestry: A deliciously profitable mix,2026-08-06,Quezon,Manila Bulletin,https://mb.com.ph//2026/08/07/coffee-and-agroforestry-a-deliciously-profitable-mix,stage2_relevance_review,agroforestry feature
842,e63aa4e9209815f251e3a1b2d0add705,"Visiting Four K Kakao Farm in Gumaca, Quezon",2024-08-27,Quezon,Out of Town Blog,https://news.google.com/rss/articles/CBMiekFVX3lxTFBmRGY0b1NITElNZHh0Uzlja3M0SnctTlR2SkFPMXJFY09rQUJ3UWZ0VnV3MVBWZlBnV1RTWmZyc2VjcksxUkV4OUVmZXZ2MVdIUWo3SjRGN1ZCM3p6V3oxZ3NFWDFWWWM4N2JHT1k0blFYOWFGUG44bWxn0gF6QVVfeXFMUGZEZjRvU0hMSU1keHRTOWNrczRKdy1OVHZKQU8xckVjT2tBQndRZnRWdXcxUFZmUGdXVFNaZnJzZWNySzFSRXg5RWZldnYxV0hRajdKNEY3VkIzenpXejFnc0VYMVZZYzg3YkdPWTRuUVg5YUZQbjhtbGc?oc=5,stage2_relevance_review,travel blog farm visit
843,b9c3613eb55e4b7f0b825799af03fc32,Rain goes on as Typhoon Bising moves slowly offshore,2021-04-19,Quezon,Rappler,https://www.rappler.com/nation/weather/typhoon-bising-pagasa-forecast-april-19-2021-5pm,stage2_relevance_review,weather bulletin
844,92afbfd5c9e34d6946184038eb9a70de,Seven passengers inside van trapped by landslide in Infanta town rescued,2023-01-05,Quezon,Manila Bulletin,https://mb.com.ph/2023/01/05/seven-passengers-inside-van-trapped-by-landslide-in-infanta-town-rescued/,stage2_relevance_review,landslide rescue
845,5ec4381e7f05d53b1c69f04f7bdb096f,"Storm surge possible in several Luzon areas, says PAGASA",2024-10-23,Quezon,PhilStar,https://www.philstar.com/headlines/weather/2024/10/23/2394673/storm-surge-possible-several-luzon-areas-says-pagasa,stage2_relevance_review,weather bulletin
846,69cd2fca491f09ce7a49fd44ef4ea24f,Bam calls for speedy repair of typhoon-damaged classrooms,2025-11-15,Quezon,PhilStar,https://www.philstar.com/nation/2025/11/16/2487492/bam-calls-speedy-repair-typhoon-damaged-classrooms,stage2_relevance_review,school repair advocacy
848,582d3a788ebb2b47e4010a6f833ae8fc,"LPA east of Infanta, Quezon now Tropical Depression Mirasol",2025-09-16,Quezon,GMA Network,https://news.google.com/rss/articles/CBMivAFBVV95cUxORG5SRmY1ajNIdWFYODFNS0VGNGxCSHk4dG1IbDFpUTRWMWRvRnRuU2Q4R0RZeERlSFMxUFV5Y3hLWDJmbDFpRDNXQjZnMmxQVVIxMWZhNld3VXg2bC0zdTRGM2xmQi1NMFZJRU1GdVhDLWlTcS1WNExUZUN4eklWZS0ybkZoU0o0eGVaOEFyeGdMMk1yTVZScDRRci1fby1fZ3RMaG1Yc3J3TTN1aTlURHhZYmxIUFZtTEJLU9IBwgFBVV95cUxNSHhjMWpPQThSenhpNTlYOG9qVUI1WWVFanNZcjZmWlJJVmQwdDdDM0RDSGQweHVFMS1HcTg0cmxsTmc1SVl2enVqci1BMC1BamRlU3plMUxjX1NpYm1xaVNBQWZDaklKNzBlTnY1eGxXMmtNUmtoVXdzYURmUkctYWwySExRMnlVZGlBc2pMUWoydEN4dUtmeEVUSG1OQWkzU2M0bVBHcFl4S2NYZi1YZkE3bThNdUpXZ1gzTU54Y29DUQ?oc=5,stage2_relevance_review,weather bulletin
849,046d89aeecb4842a3882af2d5f162a9b,Heavy rain in parts of Luzon as,2023-04-13,Quezon,PhilStar,https://www.philstar.com/headlines/2023/04/13/2258611/heavy-rain-parts-luzon-amang-heads-quezon,stage2_relevance_review,weather bulletin
850,41f11ecdf4c3d2bb21841e4d88abbe78,Weak demand to keep prices stable during year-end holidays,2020-09-17,Quezon,BusinessWorld,https://www.bworldonline.com/weak-demand-to-keep-prices-stable-during-year-end-holidays/,stage2_relevance_review,"national price outlook, Lopez surname mistag"
851,d2bd6f05bf49ac464eeebf8e0918b028,"Food security, peace and order woes feared with tighter quarantine rules",2021-03-25,Quezon,Philippine Daily Inquirer,https://newsinfo.inquirer.net/1411181/food-security-peace-and-order-woes-feared-with-tighter-quarantine-rules,stage2_relevance_review,"national quarantine policy, Lopez surname mistag"
852,d5eaea5308118476f11887f5b481cf9a,DSWD: Giving cash more practical than bags of rice,2024-02-16,Quezon,PhilStar,https://www.philstar.com/headlines/2024/02/17/2334029/dswd-giving-cash-more-practical-bags-rice,stage2_relevance_review,"national aid modality debate, Lopez surname mistag"
853,6685ce199eee22acb84e72867125c046,'Kailangan eh': Man wades 'Kristine' floodwaters to deliver birthday cake order,2024-10-28,Quezon,Interaksyon,https://interaksyon.philstar.com/trends-spotlights/2024/10/28/286116/man-wades-kristine-floodwaters-deliver-birthday-cake/,stage2_relevance_review,flood human-interest item
854,2de8521ba83179c7753f6bd3a8a3ae65,"DSWD, Galing Pook Foundation forge partnership to recognize best practices on food security",2025-11-19,Quezon,Journal News Online,https://journal.com.ph/dswd-galing-pook-foundation-forge-partnership-to-recognize-best-practices-on-food-security/,stage2_relevance_review,national partnership signing
855,36db81b5df5f9257b97aadd8958163c3,Completing a Marcos legacy project,2026-07-23,Quezon,PhilStar,https://www.philstar.com/opinion/2026/07/24/2544202/completing-marcos-legacy-project,stage2_relevance_review,legacy project column
856,acf1718b25d1b60e119096bc410bfd0b,"Damage to road in Lopez, Quezon due to landslide worsens",2024-12-28,Quezon,GMA Network,https://news.google.com/rss/articles/CBMivAFBVV95cUxOckwwcjZFX1MyQnFJZ2dtX3hOM2dtODNGcEw1NnplM3AwTE1mRVYtWC1fYjhWQXpFVWtJMDJYbE15WHpFb1NNMDRvVmFnWFhCcHdBaXcwVDNiTGtYRF9ncE9ITzF0dU5fNVJhMjBEbjZMY1JPX04ycVdpVTlaNjJVcnNibHpheXJ6NTNaMVF6dmJ5OVEyUE8xQVBwSjF2UUhwT216NHdVM292cjB3X0NrRTAySlBsT0c3d1VvUNIBwgFBVV95cUxPbGNoR1prczJma1hnSTNBdXhjQnF5REFiZmNYc2xobmVuUjBDOUhkTzlxU2M2WUhTMzBubEluaWZBVkhIZWJadVAzbTBSZDgtckdsWGN2TnJqakk5cmxqQklpZlUwMVNid2t0RVIwVWk0LWFVOHdveXJOUjBYZjVEQUJFR2VlQl92MHRQdDNzT2lDckhITk9hczNuUmVxclNYS0NsbE11czRIVThXdXI3Mm1RY2RkYy0wc1FkLU52S1R6UQ?oc=5,stage2_relevance_review,"road damage, no food-transport link"
858,5188782e3930a0cb6752fd2224325d9b,"PBBM to lead turnover of greenhouses, post-harvest facilities in Lucban, Quezon",2024-11-29,Quezon,Philippine Information Agency,https://news.google.com/rss/articles/CBMipAFBVV95cUxPbEVYOXdpVVBkUkpZZXF2Y2VuTlViVmRjT1JqS3dIZFp6WHdVSzZHWDVmSERIR0E2Y3FxLXZPa25XWkhfZ0hXZjZENVBLWGE4NTR0ekVLaUlxSUxhUS1BekowOXRBM3FaYzlNcjFodXpDX1VodzVZbVNTUXRuQkQxck5mWUxXY2VXdk9LR0VlNU5zSm5BX2t6eUtWLUNBM3pXcUVJQw?oc=5,stage2_relevance_review,"facility turnover, capacity building"
863,141f73d2fd48ef12df6f7ae6cc85cd79,"Typhoon Quinta forces suspension of classes, gov’t office work in Quezon",2020-10-26,Quezon,Philippine Daily Inquirer,https://newsinfo.inquirer.net/1352452/quinta-forces-suspension-of-classes-govt-office-work-in-quezon,stage2_relevance_review,class suspension
866,4653ff6774bea24e6abb3dc0518c6dbb,Towns in Quezon Under State of Calamity in Kardings Aftermath,2022-09-28,Quezon,Manila Bulletin,https://mb.com.ph/2022/09/28/6-towns-in-quezon-under-state-of-calamity-in-kardings-aftermath/,stage2_relevance_review,bare calamity declaration
869,c82f456eec3a1f7a51b3d2f6fc498e56,Quezon Province Placed Under State of Calamity,2022-11-01,Quezon,Philippine Daily Inquirer,https://newsinfo.inquirer.net/1687827/quezon-province-placed-under-state-of-calamity,stage2_relevance_review,bare calamity declaration
871,c6464904e810d8319fc439b235789aa2,Sea trips in Quezon suspended due to ‘Betty’,2023-05-29,Quezon,Manila Bulletin,https://mb.com.ph/2023/5/29/sea-trips-in-quezon-suspended-due-to-betty,stage2_relevance_review,sea trip suspension
874,d0672025859979c7f818498edbc7dae3,"‘Aghon’ kills baby, 2 others in Quezon",2024-05-27,Quezon,Manila Bulletin,https://mb.com.ph/2024/5/27/aghon-kills-baby-2-others-in-quezon,stage2_relevance_review,typhoon fatalities
875,3f86ff5ea488589a78a220d49b77a584,Quezon province logs 3 more ‘Aghon’ deaths,2024-05-28,Quezon,Manila Bulletin,https://mb.com.ph/2024/5/28/quezon-province-logs-3-more-aghon-deaths,stage2_relevance_review,typhoon fatalities
876,9c4b10412bf1c803a39a6baaf16d5063,2 fishermen missing amid 'Enteng' in Quezon,2024-09-03,Quezon,Manila Bulletin,https://mb.com.ph/2024/9/3/2-fishermen-missing-amid-enteng-in-quezon,stage2_relevance_review,missing fishermen
880,45f50df8de686840b3a4144674ee9e50,Marcos distributes cash aid to Lucena scholars,2026-07-21,Quezon,The Manila Times,https://www.manilatimes.net/2026/07/22/regions/marcos-distributes-cash-aid-to-lucena-scholars/2388457,stage2_relevance_review,scholarship cash aid
882,48608e238ac5e3399cf056adabcfd698,Coconut agency promotes husk amid El Niño drought,2026-07-24,Quezon,Philippine Daily Inquirer,https://newsinfo.inquirer.net/2269715/coconut-agency-promotes-husk-mulch-to-protect-trees-amid-el-nino-drought,stage2_relevance_review,"extension advisory from the Laguna/Rizal PCA offices, Lucena is only the dateline"
883,c0c4e88766da799dc95cdb53c51af56b,Farmers' group calls for genuine agrarian reform ahead of Sona,2026-07-25,Quezon,Philippine Daily Inquirer,https://newsinfo.inquirer.net/2270483/farmers-group-calls-for-genuine-agrarian-reform-ahead-of-marcos-sona,stage2_relevance_review,"national peasant organisation, Lucena is only the dateline"
887,2cab0515a38b55695736a57949492333,Laguna extends school suspensions to Tuesday as monsoon,2026-08-10,Quezon,Philippine Daily Inquirer,https://newsinfo.inquirer.net/2281932/laguna-extends-school-suspensions-to-tuesday-as-monsoon-rains-persist,stage2_relevance_review,class suspension
891,08caf85891e84c419030b82a278f1800,Lucena farm engages in free-range poultry and livestock raising to produce quality meat at a low cost,2021-02-01,Quezon,Manila Bulletin,https://news.google.com/rss/articles/CBMixwFBVV95cUxNanFUSTRqcVY1VzNRdE8zazhnRThtd0dKOVZZMFFXWTJJUDV4eG9yeDhKUzRSS0k5cVE4emxWYWhZMm9qUnJ3REkwTGpyeHlYa1ByZnUyaEJEN1BUUVFYd25iNHpiU3JyNF9WaDZ4MFdFd2U0ZktZSnRHWVlBeWk0OFlRTU1SeFM3ZGZFQW5sLTdmdk14UWZxZkZVZk5nTmI0ZGdDNlRkb2cwSHJ1TGZyZXhRTnpJTTNQdDN0d1BueENpLVJwVXU4?oc=5,stage2_relevance_review,farm feature profile
894,d56a91c235ede2a02ba4841d2a18357f,Team Energy builds solar slab dryer for farmers in Lucena,2022-08-25,Quezon,Manila Bulletin,https://news.google.com/rss/articles/CBMikAFBVV95cUxOemRCZ3liY21aeWwtTWJ3UTFQSWpqZGhVWHVOSFZOMUVUYlU1elJWdjNiU3hoTF9rczEyRnJkT1pFVG1SaVN4S0NEeHVNTG5zOGNMME5fSGM1NUxidS1Id2xoTTE5amc4c2d1VHF4dnFUT3NCbmRpdUprbzdHNTZYNDJlZjZkdHdranlMbm5BODM?oc=5,stage2_relevance_review,corporate CSR dryer donation
897,d4936a2b6f3bbfde9a4d616055574b8c,Lucena farmers learn new techniques via DA 'PalaySikatan' program,2023-01-25,Quezon,Philippine News Agency,https://news.google.com/rss/articles/CBMiUEFVX3lxTE9qUllwSG5YdEQ4MTBqOXIwZGc1dXc3bmZFQ25Hd0ZUamFDSzJkT2ZpMHYyemtWT1RLRWV4VW4zaXRub0NJTjJaQ1NuVTYzdWJj?oc=5,stage2_relevance_review,"farmer training, capacity building"
899,0b13746905f54104b449d1282fc93657,Elderly Siblings Die Quezon Landslide,2025-09-15,Quezon,PhilStar,https://www.philstar.com/nation/2025/09/16/2473135/2-elderly-siblings-die-quezon-landslide,stage2_relevance_review,landslide fatalities
901,8f0506e480d8a2b0804b4007c7fde871,"9 umanong illegal fishing vessel sa Mauban, Quezon nahuli ng BFAR",2024-11-30,Quezon,ABS-CBN News,https://news.google.com/rss/articles/CBMipAFBVV95cUxNaXRLeHlhbVBhMEZHTUxYTEtMemdwb3FpUzAxTE5aZHhZN3R3OE5adHNGQTJaamU1QmRXOGFaNDJReXJIYVV0SkVqSmtUV3JBUFNnaVJTZVoteVRwSTlNMkpKWlJfd3oyUGltS2htMEFkek9RSXFPeWZBSUtWRE1FRGVsclhwZzYxSENRYnBEbl85NVk1d3ptSklPbi1jTTJ1dE5TYw?oc=5,stage2_relevance_review,fishing enforcement
903,ba7185b2d3c0bf305694c7a0e67d7dbb,"HOG holds its 1st ‘PH Ride with Purpose’ in Mauban, Quezon",2022-06-28,Quezon,Visor.ph,https://news.google.com/rss/articles/CBMihgFBVV95cUxOWUswbExrdDJEaG1ISXdBbmlYbkNSNUJzWW92V1dxQnIxTG1jUW5wNHd3ZTYwOV8tc1RwTWtodjB1NHJfZF83RWhRNy14SW9FZlg5VzNHM3VqekYxT3lDMlg3RVlRV08yczFQSnpKX29WUXdLbFBtaTJwaUtUeXZUazkzazdrdw?oc=5,stage2_relevance_review,motorcycle club event
906,967ebd2f3da8e9aa6011e485347d01f7,Uplifting lives through bangus farming in Pagbilao Grande Island,2022-05-16,Quezon,megabites.com.ph,https://news.google.com/rss/articles/CBMimgFBVV95cUxOZ1lUbmJzc2c4MUtFU2VsTlNSU1ZvTDZFRThsZzNkTm9pTzdYNzJwMHNlME1ocWtnd1h4cktRbGZocE5sd2h6Sk1tdHRjUFJBTXJFMmplcl9YdjJRUDQtZWpIc25Ga3lpdThldG9BUVpXbHFUUERCNmpfNUt6am5hLXgza1dhbFN4dGJkWVZNcWFfWkFta2NkRlFB?oc=5,stage2_relevance_review,"non-news source, aquaculture feature"
907,98562c4af432664804f3946899eaa1cf,"Flood Susceptibility in Pagbilao, Quezon Province",2022-12-14,Quezon,ArcGIS StoryMaps,https://news.google.com/rss/articles/CBMieEFVX3lxTE1xNy1JWjA5aFh6MmJMVlp4bGN1bzBGcnozTEZLajdyVDZtdmhqUFJobkRMZUZhbHRFR0JxLWVIc3lTZURZMHRSSm5jX3VIbkRJS2xyNmdSZ1dqMFdZbFZyWGFuU0Q3aUpxZjJtUldObE1kSWlpMndLVQ?oc=5,stage2_relevance_review,flood susceptibility map
909,c6c711ba4893f540e775e2a3299258b5,67 rescued from half-submerged boat in Quezon province,2023-08-03,Quezon,PhilStar,https://www.philstar.com/headlines/2023/08/03/2285987/67-rescued-half-submerged-boat-quezon-province,stage2_relevance_review,maritime rescue
911,573fe751475f38c06daeda95ac466002,'Rolly' makes third landfall as another storm enters PAR,2020-11-01,Quezon,SunStar,https://www.sunstar.com.ph/article/1875356/Manila/Local-News/Rolly-makes-third-landfall-weakens-further,stage2_relevance_review,weather bulletin
913,5ea2806e9eb1febbb46f2105ab1d5ba9,"8 Quezon towns, Laguna suspend classes",2026-08-10,Quezon,Philippine Daily Inquirer,https://newsinfo.inquirer.net/2280966/8-quezon-towns-laguna-suspend-classes-as-habagat-brings-heavy-rains,stage2_relevance_review,class suspension
914,9ef04359b633ea5e186f20f02cdd3e90,Farmers in Sariaya get new solar irrigation system,2025-05-05,Quezon,Philippine Information Agency,https://news.google.com/rss/articles/CBMilwFBVV95cUxQdG1GcUp1X3ctSzJpdDZINHF0TFZfTHdYLTBwQTlLVUdUWElCdmhzbkJ5UnpydW5wTW0zcUdlOGpRUzN6RTJPUnBhQWZzY213TWdVSkt6WjRjUDVTMlZTWHVrZ3JVY2VnalpQcXRsTjVabk1DNUhRZGdxZUpGb0Y4YXFBLW05UVp2M3NNZUtvMTExUnhlQ1Vr?oc=5,stage2_relevance_review,irrigation capacity building
916,27f0c0c69692df78f81a89e07b5053c2,Sariaya fisherfolk receives boats from SMC for their community's sustainable livelihood activities,2021-02-28,Quezon,thephilbiznews,https://news.google.com/rss/articles/CBMi0gFBVV95cUxOUXhpTEZSYzJZV0ZiekJ5eEdSR1dwM202YVhYT1dGWnJhVG5fU19uN0JteWMwWG1QNVJ4YXFtLTgxbjNrbEhMVGtzbE5WM25McjNmX3YwV3JYTVcxWDBLVzVXa2ZqWWQ1dVR6bTdHT0ZuQ3lKV0xWVjRYQUpWM2lhbm4zR21hQ0tEQUJJMnRXVVlpWV9VSW9GSXVLNkxYMjY0T2JCc09HelJ1MVNDdGFUek1BR2dHZjdGc1VrY1IxZ3ZVMF9MY3JPN0tkU3JqalNBWVE?oc=5,stage2_relevance_review,"weak source, corporate CSR"
920,a51fe98883cb623f38db4bb1c90329a9,Fish traps pose deadly threat to baby turtles in Tayabas Bay,2022-02-18,Quezon,Philippine Daily Inquirer,https://newsinfo.inquirer.net/1556728/fish-traps-pose-deadly-threat-to-baby-turtles-in-tayabas-bay,stage2_relevance_review,wildlife conservation
922,5a23406e1537846d3414e07323e2c5b8,Venomous Philippine cobra rescued inside duck pen in Tayabas City,2026-07-20,Quezon,Philippine Daily Inquirer,https://newsinfo.inquirer.net/2266860/venomous-philippine-cobra-rescued-inside-duck-pen-in-tayabas-city,stage2_relevance_review,wildlife rescue
923,2765535d76fb83845aa574d1b61167bc,Fishermen press Marcos to protect the seas amid fishing crisis,2026-07-29,Quezon,thestar.com.my,https://www.thestar.com.my/aseanplus/aseanplus-news/2026/07/29/fishermen-press-marcos-to-protect-the-seas-amid-fishing-crisis,stage2_relevance_review,"foreign outlet, national maritime issue"
925,e56036330ca8406c6a56371cc310b3c9,Landslide shuts down Mauban-Tayabas Road in Quezon,2025-12-18,Quezon,Manila Bulletin,https://news.google.com/rss/articles/CBMihgFBVV95cUxNWTJzQVg4MXlOcS1hb2Y3YnFrc011amlGZWRnUVFGYktLWHNiMjk0STRaMENzSEszMEdpN0FTUjFNbkN4bkZsRmhjbFhTbUZUZU5jTWxpR1JROE1YcDBRX21nZlFfYVlfVkhlV3psZDZCR0Utb1NMSFBWZ0hKMW9kdzhvZEl4dw?oc=5,stage2_relevance_review,road closure
926,7fe749757a1f3270e82ac9b15a955f86,"Basic food sufficiency, then and now",2020-03-03,Quezon,Philippine Daily Inquirer,https://opinion.inquirer.net/127783/127783,stage2_relevance_review,national opinion column
927,d80db681463a9f25cf2ff1def6f9e053,Food security in the time of COVID-19,2020-04-06,Quezon,Philippine Daily Inquirer,https://opinion.inquirer.net/128676/food-security-in-the-time-of-covid-19,stage2_relevance_review,national opinion column
928,a991ff062aa1e66e7e53d1716a71ca2f,Addressing hunger amid the pandemic,2020-04-11,Quezon,The Manila Times,https://www.manilatimes.net/2020/04/12/opinion/analysis/addressing-hunger-amid-the-pandemic-2/712902/,stage2_relevance_review,national opinion column
929,59913f16b134ac1a6e9f9227b2b9e1c4,Tropical Storm Ambo: Red rainfall warning up in Quezon province; ravaging floods loom,2020-05-15,Quezon,Philippine Daily Inquirer,https://newsinfo.inquirer.net/1275629/pagasa-red-rainfall-warning-hoisted-over-quezon-province-warns-of-serious-flooding,stage2_relevance_review,weather warning
930,98b280a1601b10f906c9f0757f002ac6,"Quezon towns experience heavy flooding, road collapse",2020-10-20,Quezon,Manila Bulletin,https://mb.com.ph/2020/10/20/quezon-towns-experience-heavy-flooding-road-collapse/,stage2_relevance_review,"flooding and road collapse, no food or displacement content"
931,462f66b4cad7adbe4b185ec26b2452b2,"The pressing issues the next Philippine president will face, according to Lacson",2021-02-03,Quezon,Interaksyon,https://interaksyon.philstar.com/trends-spotlights/2021/02/03/184820/the-pressing-issues-the-next-philippine-president-will-face-according-to-lacson/,stage2_relevance_review,political commentary
932,c380ec5cdc1be6c273ddfead860ff2f5,The ‘food insecurity’ emergency,2021-05-07,Quezon,Philippine Daily Inquirer,https://opinion.inquirer.net/140025/the-food-insecurity-emergency,stage2_relevance_review,national opinion column
933,7ca18c2cbfd9f7c7fa186ba9a5f0ea4e,Filipino fisherman dismayed over Duterte’s failed jetski promise,2021-05-12,Quezon,BusinessWorld,https://www.bworldonline.com/filipino-fisherman-dismayed-over-dutertes-failed-jetski-promise/,stage2_relevance_review,West Philippine Sea dispute
934,c77e9b9591cdd2ec086cad74eafb4b33,"Five years after South China Sea ruling, China's presence around Philippines only growing",2021-07-09,Quezon,Interaksyon,https://interaksyon.philstar.com/politics-issues/2021/07/09/195763/five-years-after-south-china-sea-ruling-chinas-presence-around-philippines-only-growing/,stage2_relevance_review,West Philippine Sea dispute
935,a7712a25a765cacb9cd612f9d66fa0e4,Yamang Bukid Farm now builds back what Odette destroyed,2022-01-06,Quezon,Manila Bulletin,https://mb.com.ph/2022/01/06/yamang-bukid-farm-now-builds-back-what-odette-destroyed/,stage2_relevance_review,"Palawan farm, wrong region"
936,5ca870813503cb4a639864eacfd4377c,MWSS: Deal with Dumagats on Kaliwa Dam followed consultation process,2022-02-07,Quezon,PhilStar,https://www.philstar.com/headlines/2022/02/07/2159138/mwss-deal-dumagats-kaliwa-dam-followed-consultation-process,stage2_relevance_review,dam consultation process
937,bbc05cb46e9dc44dacf9ac8d00e54554,"Ex-QC mayor: DA's okay of 60,000-MT fish importation a 'very lazy' way to address supply shortage",2022-02-08,Quezon,Manila Bulletin,https://mb.com.ph/2022/02/08/ex-qc-mayor-das-okay-of-60000-mt-fish-importation-a-very-lazy-way-to-address-supply-shortage/,stage2_relevance_review,"national fish importation, Quezon City name collision"
938,9035ef29e2d669e7e51bc568a1ca2ead,"Shortage, food inflation to push up living expenses",2022-09-06,Quezon,PhilStar,https://www.philstar.com/opinion/2022/09/07/2207886/shortage-food-inflation-push-living-expenses,stage2_relevance_review,national opinion column
940,c6b002362a2ee3bb922a8709d5248f3d,"Solons left frustrated, confused in 'hoarding' probe; here's why",2023-02-08,Quezon,Manila Bulletin,https://mb.com.ph/2023/02/08/solons-left-frustrated-confused-in-hoarding-probe-heres-why/,stage2_relevance_review,congressional hoarding probe
941,2c2f3d328a4c7aaee2dd9d1da506170d,Private sector to the rescue,2023-07-07,Quezon,PhilStar,https://www.philstar.com/business/2023/07/08/2279410/private-sector-rescue,stage2_relevance_review,national opinion column
942,61639af8768f0cd27500b43aa3bac509,"PPAN Visayas presents plan to address malnutrition, food insecurity in 5 years",2023-10-02,Quezon,Cebu Daily News,https://cebudailynews.inquirer.net/530987/ppan-visayas-presents-plan-to-address-malnutrition-food-insecurity-in-5-years,stage2_relevance_review,"Visayas nutrition plan, wrong region"
943,de3d498131b2089aba60703261912e05,China fires water cannons at Philippine vessels near Scarborough,2024-04-30,Quezon,PhilStar,https://www.philstar.com/headlines/2024/04/30/2351548/china-fires-water-cannons-philippine-vessels-near-scarborough,stage2_relevance_review,maritime territorial dispute
944,63e1c80337f0c7ae79ba9b61f902cd5d,President Marcos wants flood control masterplan,2024-07-26,Quezon,PhilStar,https://www.philstar.com/headlines/2024/07/27/2373305/president-marcos-wants-flood-control-masterplan,stage2_relevance_review,flood-control masterplan politics
945,ee1595b89289a5237defea4dcb9114e0,Capital One continues social responsibility efforts,2025-01-04,Quezon,PhilStar,https://www.philstar.com/business/2025/01/05/2411843/capital-one-continues-social-responsibility-efforts,stage2_relevance_review,corporate CSR report
946,3a2eb159ad569240f561a4443a8ad1f6,Marcos: Philippines lacks capacity to drive off China,2025-02-06,Quezon,PhilStar,https://www.philstar.com/headlines/2025/02/06/2419700/marcos-philippines-cant-drive-china-ships-wont-stop-patrols,stage2_relevance_review,maritime territorial dispute
947,e892a67349424fb583db4c2bad86b8c2,Can we feed ourselves?,2025-04-01,Quezon,PhilStar,https://www.philstar.com/business/2025/04/02/2432754/can-we-feed-ourselves,stage2_relevance_review,national opinion column
948,e9d4ec71804c865112bb99068677ed0e,"Ramil strands thousands: PCG shuts down 12 seaports, classes suspended across Quezon province",2025-10-18,Quezon,The Manila Times,https://www.manilatimes.net/2025/10/19/news/national/ramil-strands-thousands-pcg-shuts-down-12-seaports-classes-suspended-across-quezon-province/2203499,stage2_relevance_review,"seaport and class suspensions, no food link"
949,d62f79827c023464d086153c9ecdd198,Forest Lake honors sales force following record 2025 growth,2026-06-23,Quezon,PhilStar,https://www.philstar.com/business/2026/06/24/2537279/forest-lake-honors-sales-force-following-record-2025-growth,stage2_relevance_review,corporate sales convention
950,54bc78d63173536d15cfc443097be113,Indigenous community sees brighter future with solar energy,2026-08-14,Quezon,The Manila Times,https://www.manilatimes.net/2026/08/14/regions/indigenous-community-sees-brighter-future-with-solar-energy/2405521,stage2_relevance_review,rural electrification feature
951,8c32f0fc18228a002a1d1415b9686c66,"Traffic volunteers, farmers, tour guides in Quezon receive medical services through GMA Kapuso Foundation",2026-05-01,Quezon,GMA Network,https://news.google.com/rss/articles/CBMi2AFBVV95cUxOd0gxQzN3RHN1bnNUaTl6eVNyZEVTc0t2OWwxRXJVS2dsZUQ2SmFrTWRyN3JpMkFxM1pMdXFRVDY4VGkzRm9hV0VNMGdZMXY3QUhCNThET214TG42QXlVQ25QSVZ3T245eTBHTl8zOWdqZ0FaOVIxTTlwdV9WTGJwWFlFdWZ0V2NfMXBhSEx4NWt6eVNpS2IxMnRQVFVlWl9JbXp6M1hqM0xPQnM0d2dTRWJqd1phcnhLMlZUbGc4R0tIMk1mNHJBWVVDMnk4dmJJRDRLRlpoWFLSAd4BQVVfeXFMTU5ReXB6YVl3ZmdvS1NMOWdkWThuamJlaGJyaTY0OGROS0ZGRUctbTVLVU9CMW1wMF9ZZ2k1bXBxRVFVWXN2MHdpN0RRaXlwbXFJYzZsV25RaHVLV29rWkJVQm5pcFhRNy1FRk91cmNEZTQyY2hrQ1A0Q0xkVWtrUE5INjB3ZWxmRlRXSUZnV1ZSaEM1RC1qVG85LUw3eHV2dVZLa0N2clFNZDVUQ2xCckVoVWpCSkF6c2pRWklLVW9fTmY5ZlpiS3A4MmlDaV9TQ3JXZno0TnNOZlR3c19n?oc=5,stage2_relevance_review,medical mission
953,43486a8e1626b0e56d74bb8bfc9e2675,Value-adding: This Quezon farmer likes to make the most of her harvests,2026-07-10,Quezon,Manila Bulletin,https://news.google.com/rss/articles/CBMioAFBVV95cUxPNnNzdWdFX3VIYktSUm1VM2Y4YlZGc25KR3VGd2VpNVQ0dUl6eVNtaTJsRFRJRHMxb2V6NmRxeDdkNVRKSUZZTmVtZm5kRzdpRW9YMl9hR2JpbWxkY1NVUHFPTDhEXzRUczA2ajZLdkMzMEhEWGoxTVdOWW1JOU5xcXBFRmtPN01XMDVnM2ZHNGRHVzhOOGZpWUtsRHFGZm5n?oc=5,stage2_relevance_review,farmer feature profile
956,e55bf05d271cd19454c08febb98d007c,Quezon farmers welcome precision farming to boost rice production,2025-06-13,Quezon,Philippine Information Agency,https://news.google.com/rss/articles/CBMilAFBVV95cUxNdmVITkpMVXlkaE9HQXNkR3lWYWM0Y05ubzU3ZzFxSVFCeFJkcXBKd2ppTEdjZUZFMV9HSUdVcnczNV9HZld4ZFhKck1peENaU0UxVHljSmpEZmJNOE5Ld09YVjBLbE05WGxMRFhiMTBJSTNOUjd5aTlXVVk2MzVzdWlGaVhYX0lKcERQelpWdVV6X0Mx?oc=5,stage2_relevance_review,"precision farming, capacity building"
957,cad52d40b10883e842dcf99abd4ccde1,BFAR’s marine hatchery to improve local fisheries in Quezon town,2025-11-14,Quezon,Philippine Information Agency,https://news.google.com/rss/articles/CBMilgFBVV95cUxPbVlSMzc3WHZXdjZWUFhqZ2V1UkhFVmlTay1nR1Jvd21JYi1hR3ZNQzZNNmdnVlNILTJMVU5LNi13T09QZWpTM05fc2s0VE1iRzFsU1dfTmxoWmd1MHQyVXE0UE40akt1RTJxVV92TnI2aWVVLWNFa1c2MzdEX1dXY2c5UkNqb2cyT09EVzhsQ0R6NS13SWc?oc=5,stage2_relevance_review,hatchery capacity building
960,6fde897887037bfb323bd1ed15ac79da,"Ulysses nagdulot ng baha, pagguho sa Quezon province",2024-11-22,Quezon,ABS-CBN News,https://news.google.com/rss/articles/CBMikwFBVV95cUxONkVkdzd0LWNvT0o3bjMwdEozT01BYTYtYWZxbnlMWFdLZEYtZFM1elViLWpHUFVNbmVkelFfY3N5MFVzLWhybVNnWno2WGhSdGV4T2JPbm84blJYUHpkN0c2WEhuUkR2YWFKRFc5WVI5R2Jqa2hUQUNsWDB5dFZ4bGlvWjdNa0d6TlRtRXNqcUdxQmc?oc=5,stage2_relevance_review,"flooding and landslides, no food or displacement content"
961,53489726baec4643b436b2f3aaa331ef,Quezon farmers deliver fresh produce to buyers on time,2022-12-23,Quezon,Philippine News Agency,https://news.google.com/rss/articles/CBMiUEFVX3lxTFBQNDllOUNCeVVYT1lWbVhGRGIzQnNPS1lFZl9DS29CNmYwcFJqXzFxd0NPUzZhOGtzc09Xd21SeWQ5UFpNQmtyNVg0VEMyLXUt?oc=5,stage2_relevance_review,produce delivery logistics note
963,dc96db067d1a90ea264a7585849560d6,"Cops, PCG vow to protect Quezon’s Lamon Bay vs illegal fishing",2024-01-26,Quezon,Philippine Daily Inquirer,https://news.google.com/rss/articles/CBMinwFBVV95cUxPVDh0R2F0VnFLVUlKeldxSzVickwxTzE0VGlGX1FlU0xVeFhQU3psS29SaDRtOTdBMnh0NU9ZalZXNWNMOXBTZ2dxSHlfLVZER0t4TFNvTGtSUGpDcGZQenoxVzZDcjdqYkNPQk1TVEE3WHYzZXJqYzluSWpNMW84Tm4tVVNLWEVqZW1QTXRqY2piUnA0MmFnS2FBbWlLRDDSAaQBQVVfeXFMTjI2VWxhSlFadU1GNWtMX2dOa1lIZXdEY0drSkVGS3V1d25OTUNGX3hSLTlsek15ZkZ6Ymc4WmxoZnJrQjlobERqd2hkSmV3VWxsOTdQSncybmk5OU10X1JEQXhmNnROZ0dpdWlJcmNTZ3hIR0JtWEJacVRWVHRrNk05VWw0cG1vNGZtdm9raFMtTEE0MkZPam5nVGprQm9Wd1RkQlA?oc=5,stage2_relevance_review,fishing enforcement
965,d86c4d4121ded648eb0535b42af1bca1,Farmer gunned down by drinking buddy in Quezon province,2022-10-03,Quezon,Philippine Daily Inquirer,https://news.google.com/rss/articles/CBMimAFBVV95cUxQY3YxdU9CQkFnR3MzM2gwQ2VWWWxUZ0lWZHZIM05EMU14ajhHVGVfSHVoaFNSTmtnMk1QV1NlajZVU3MyOHJtYVphUUZCeExqNTltZnQ2SkFjM1JYWmJDWEZ0ZklFZGpMdEJBdXZsaDk5X185ek1sWDVYc0VWMzFZWndaNEx1NnVGdHE4aVNjMzhaeWVYS3FTRNIBngFBVV95cUxOMkxzYmszSjlvTkdXejhhRnVNRE45aFJGNFh5OVM2QUlFNExVbHAyRm5QM3hOb0JDTHQtdUk1Qmd3R0FKYU9EWllpUVUzSVJwQWYyaXdqSDhYRUNuTlhEb04yeVl2V01IRFlFbDZjTnhSTUtXQlNUNWpMUC12YXI3dnBsb2stSXJ1RkhpbmJ6Tk93M3Q0NEdTQ05OeHVPQQ?oc=5,stage2_relevance_review,homicide
966,e8b9e49f71c10e6465ba9f9b9ff4cc5d,Popular food chain to source veggies from Quezon town farmers,2023-03-06,Quezon,Philippine News Agency,https://news.google.com/rss/articles/CBMiUEFVX3lxTE1ZM2hSTEZUZ0dCYmNablVDQmRoSUlVeW03WkFoN1BxX0Y0LTZPOFo3QW9aU0Z4M3gzUnViYVRkc3lNaXpzOHE1aHVCV1JZamND?oc=5,stage2_relevance_review,corporate sourcing arrangement
967,3d3ffccd0f4f49623fa54c16ec3cebbd,Quezon farmers trained on adapting to climate change,2022-11-07,Quezon,Philippine News Agency,https://news.google.com/rss/articles/CBMiUEFVX3lxTE1BenBfdEU1ZTdwV0w4Um01ZlZxVWs0dVVrRHQ5ZHNEd1dkRjJaZWxpQk93T3RyODdiVXFWd1RlempucnN2M3BUYm01TUZPck1x?oc=5,stage2_relevance_review,"farmer training, capacity building"
968,1e6c394cb3f58f287a0d7c5af5218285,352 Quezon farmers get land titles under CARP,2020-07-13,Quezon,Manila Bulletin,https://news.google.com/rss/articles/CBMigAFBVV95cUxPWEd6eHhEemFZQXJKZkFURklDLVRIVWtRdmZMQjllR3I2Y0Fyd2YyWF8tOGtVYzVGQlg4NFZvM1ZfZFkybFVFZE93THlHMVZRYXJKZ3NLMFNaQVV6ZldGcVNQSGhwaGFzWWRleUJndHJrbDdBWm9lV3BhdkN3QTJSMw?oc=5,stage2_relevance_review,"land title awards, no insecurity condition"
969,3b29a53fc8dfbcc3d6d7861d30922e9f,Barangay affected by ground rupture in Quezon declares state of calamity,2024-12-16,Quezon,Manila Bulletin,https://news.google.com/rss/articles/CBMiowFBVV95cUxPQWMtdFlVMEZfRjZOaF9IUmNuclY0QmhneFlybS1rU21lVFM4ZjNZdV9Qb1dObVRwanVUSG42aWFvZkZHeU94TjZvdk9ZSDhiYUxOdTh0NHZ2bTliUUZ6X2hkQ1lsY1hKMy1Oc1FCWHk1TlZSbjBGNHlBSjg2NVBhZ1ZSdGRJM2l1Uk1BVFRubFNrNEFOdGFOTUdhRGJmeWs0QW5r?oc=5,stage2_relevance_review,bare calamity declaration
972,a31b7ee93ac7791138707be362c0be11,Baby dies after Aghon flood sweeps away house in Quezon,2024-05-27,Quezon,GMA Network,https://news.google.com/rss/articles/CBMivAFBVV95cUxPc3hKaFB4WlRRQUp4M2ZoaEtXNnNmUnJvLUV4bllmZ3JfT1BRNnUyeHByRG54aEREN09lelNRa3A5YTVYMldOenIyQlpEZVc1d1dQU2RocTdUUmc2bF9BTWx3NlZYOEFraGNCOEdfcXpVcktocjdVM0w5R3BJVWFrSXhaNTE2T1hnWGhyRkpsdDdIUW9RbkE4dFBXa2VfaFJhc3pYS2FrTmtheEpWcUFsM09SeG55ZzhPYl95ZNIBwgFBVV95cUxQWlhIWXhnV29SOGpWQ0dhUEVGdlF1QlQxUkQ4UEkwM3JRZk0zemItUzVOeTdGYzBMejJOSEpRMGN1X2ZOeW9SZFJhcHlZeWk1M1RVSzY4Zzg1TWxNMHRsaG5BbGxtR1YtX21JNUdndUMzanIxb1lHa3E0VzFDZ25sSnRiRGtJS1BhMlZPMUs3QjZsUDR0azlOMnpEUW9fYnptcHhHMHgwM3NEVDBWXzhCeEpHX05HcERjT19HdUp4Z18tZw?oc=5,stage2_relevance_review,flood fatality
973,d2658723ef82ff538cd1190d45e55582,"Flood impacts, solutions tackled in CCC’s forum in Quezon",2023-08-28,Quezon,Philippine News Agency,https://news.google.com/rss/articles/CBMiUEFVX3lxTE5SMGh6anR0NmtKU1Yxby1HeEpjc0pKTWlfQ2xyb0szdnBINmM1TFotcVZfWkZRa1V3bVNtVjl5N3o0OFBMeU5BdV9TSFM5VGdx?oc=5,stage2_relevance_review,climate forum
974,0ac895dc4935befdf065b611250db196,PhilRice uses digital technology in distributing rice seeds to Quezon farmers,2024-01-29,Quezon,Philippine Information Agency,https://news.google.com/rss/articles/CBMiqAFBVV95cUxQX3ZEaTBMN2txbkpEM3dmc0hwWm5GU3JVdXVzRWxEMFlQOXVIOTA2UndKUUhMeDVES0pINF9Zc2hVWDA1MDMteEJjRy01OHNRSklZUF8wY2JwM081cm5KMUJTV1k5ZkZVdWUyYTVJZGVzRHBmNnNZVWZkS0laYWtJUWdtMFJOSWRqX3NnUU9BSGM1T1FOalJ4bjVQelJRNDdoSE43c0NOdXo?oc=5,stage2_relevance_review,seed distribution technology
976,003b4993f623995c6ce78f44105f9b7c,P120-M Quezon road projects set to benefit farmers,2026-06-06,Quezon,Philippine Daily Inquirer,https://news.google.com/rss/articles/CBMikgFBVV95cUxOWW1vRDdvTlFyWU4tMllxclp6eXlOOWV5bnV6bHpZczZVb0dPQTM5YTdaaTE3dXBQOFZuTkZ3YUhVVm96N0ZoamJrazg4Um5KMER6enJnVjE0UXh5VGlzeVhEeVpKTU85eVZfUlN3UVkzdUJHWXFNWC03SHlSVTVRTW4wUTBFcy1JZVNOdHMzd0lFUdIBlwFBVV95cUxNaWNuaU92aEZjT0d0aU1sOWV6SVRSWF80dHJpd3BSRUpHQW5MZ2Y0MFR3NWt3aWt4TlFlaHIxaE1LeV8yX244ZWFOWGlXbXpZT3Y2d3dyb1FUVlZIUm9MbTZ1MDYyaHNXYkdtVTZEcTRUa1RENTNUTFU5UEl3NmdUYmxIUDEtM1NRWG5OUE9oRGJTVE5KQjc0?oc=5,stage2_relevance_review,road project
979,7bfe9cbcc5006d480ddce4265a4d51b8,Coconut farmer from Quezon shares why you should only get your coconut seedling from PCA-authorized traders,2023-03-25,Quezon,Manila Bulletin,https://news.google.com/rss/articles/CBMi0AFBVV95cUxOY0I0ME55eVhyNFBjOEV6Y2V1S2N4TGFOMTlJTWtxU1BoQVlYNTk1VHkyVWZBS3pLYzdtX1o3V3ZjcWF3dnpPd3hsVUg2Mk5pVTh6TzFpT0F4bV82ZEpwRTdFWTdXRzkzcTV3RGU1VU5Tbm9zVEFJeG5zSXNqR1JlTlFGRUpvRGZ1WjJ2TzlHWHIzSlk3OEgydGV0T25SSlU5U0JmRWhfRTNEQ2hwUk5aaXlsQmx0SWhPcGR0WEh4TXJoTHJLci1UOG53V2x5VHVF?oc=5,stage2_relevance_review,seedling sourcing advisory
980,5748b974b3d1ab695aec0b90e17987e0,"Farmer, 68, hacked to death in Quezon",2025-05-31,Quezon,Philippine Daily Inquirer,https://news.google.com/rss/articles/CBMifkFVX3lxTE9KbzU1M1B2WmptMUJvalg4emp0am5VZU1tdktLMGpLS3NoeTlYdnNtX3dSak9jX0pybzZQUW03NnFqTGdqV3hqSXVUM2FBWlJCQTk0a2xWalhGR2psVlJxelU3MWxEbmRPRko1b3ZWeVlDYVAxQ08yaU8zWXZsUdIBgwFBVV95cUxOQ05UcU5tX2o1SXRkWGNZUFFkRVdBUDdHOHcxMzZCdmw3Y19sanB1Ry05b1R5azhYY0hCZ0tkbi1ONmFkR040b0dNNDJ4VWNaSDdqcmlwN0FXSkxUNkRIOUhCbWZCTlN1ZzlqZTJLWWVpWlFjS2R3MU5zSVdDc2tTTGdFVQ?oc=5,stage2_relevance_review,homicide
981,65dd352d349052fa7fe04490f67c3bdf,DAR turns over P10-M solar-powered irrigation to Quezon farmers,2021-08-08,Quezon,Philippine News Agency,https://news.google.com/rss/articles/CBMiUEFVX3lxTE5CT21WRXZsTEN4dVRmakZiczJNR2lwbVlDZF8xQ2IyUE9mYU10SXM0UEhNWDN5Nm5BQURjdlNGakZOVGRGSTR2QXk5U3pIOU1u?oc=5,stage2_relevance_review,irrigation capacity building
985,0aff2c38ec98f97dff850e549000f52a,Lucban promotes organic agriculture,2023-05-04,Quezon,OpinYon News,https://news.google.com/rss/articles/CBMickFVX3lxTFA5SnA1bEZ2bE5BQktKOS10V0hOUkhsZnhWUDluOVMtNDE5R2Itb3p3bWxPb21zSmFDb1JHdk5ia0VRd05wZHVOZmJNQWtTR1RIZ0MzeXZWb0hLdGhmRVI4cHBCUkZ0SllMcDN4STJ3Vjhzdw?oc=5,stage2_relevance_review,organic agriculture promotion
988,8321d5b1d769c2d21a9dc76710195b78,Farmer electrocuted while repairing roof in Quezon province,2020-11-12,Quezon,Philippine Daily Inquirer,https://news.google.com/rss/articles/CBMingFBVV95cUxNdGVsem51Zmk0RnJvT2l0MXFyY2FOU2lLdlFUNU9lc092TFFNM3hoTjVpc0JpYnhYTGVoQ2dITk5oV2dTODU0bVhiOWtOOF9CZkdwTHdQamZJQnR2dmRKQnotdjFLT3h4cnNMTmFrVUFXaGJPLTVMYXpWNUpGcS1CY0QtTjFHbFMzbUVRVVkxWU9ITEhQb0RXUkRHdFlLUdIBowFBVV95cUxNQ3prQTF2bTRPOXdRTmJkOFdkdVZUM0R2TkdmWXFGSTJkcWtqeGIxd1pNa1hvNGJhdlJJaEJpTDhTY0k0amNqa20tcVppOGQ4U2JSVzlMaGdQNjFNNmtMSHFoLUstX1piY0V1YmxUQlVwd3ROdVNubXFJamw1cnZmeDQ4djR6Y2xUa1NTbURJLXpaekU0WmJvQXcycTc4WUs2ZDE4?oc=5,stage2_relevance_review,electrocution fatality
991,3c713f173322b61f40992e0d5288dbdd,PDLs of Quezon District Jail get livelihood training on vegetable production,2023-02-16,Quezon,Philippine Information Agency,https://news.google.com/rss/articles/CBMiowFBVV95cUxOd2JBN25aeHRSM0gyTlMtZklqWlpiaG5OdmpSSDg5dGV3VldkUzlWemNpZVZBN1gyMEplS3JSNDViWEZkbUU3Wm8xNmRIVnBmUlJCNlFmbDZ2a3A3QnNQbFpfWmJtVU1pWDdocmJYUTZWUmZiZXJBYkhhSWpyZlJCdmczYmZWM3k3NDRnR2o2R2RoUDA1RTNqeVlKcjZwS0FQcjUw?oc=5,stage2_relevance_review,jail livelihood training
996,26115e770d580bf8a45733a48b993067,Quezon town declares state of calamity,2024-10-24,Quezon,Manila Bulletin,https://news.google.com/rss/articles/CBMidkFVX3lxTE5nbXN3Q0RjT3Vfd2hFR01UX0NJeFBoVEhaMzBWNGVBOXJHdDBtNHJvMTMyMllQUlhBa2JXVm1UbEF1LVo3Y1FZS3hYbGlaU0M5cko0dVcyZzQ0bzNpRmoxVGgxNlltNFd0SDhXaThwbUJDQXFwQXc?oc=5,stage2_relevance_review,bare calamity declaration
999,f78e5f6dd190c3d76697df36ed63922c,Sierra Madre landslide leaves 4 dead in Quezon town,2023-10-26,Quezon,Philippine Daily Inquirer,https://news.google.com/rss/articles/CBMikwFBVV95cUxONXZzdFVWczAzdW5td0hlOTdZT1J2ZGVZS0ZDYzV2Q0VYRXlYLUp5c2p0V1pDdkRHTUVkZU9BcGdVbDFMVGV6b0U1ektqYUhaUHN5OTdGQzJVR1A0RlF3eW42N250SjZwaEtMRXpydUhNU19VSWdqV2dudjk5VkJZZ3dFNHllWllhcmJfY0ZWY0NwcmfSAZgBQVVfeXFMUE96OWkwVlRidzNMc21tbm5ZcFdiTExjTFZaWmpCaXBNczJXdE13ZS1hWVZlb1Jwcl9yUmZCYWJJVnRweThCNjFVdEZtVTlyaGFqMll2TWo2Z2MwdjZrQzlLNVNSN2tteERZbEoxSkVZbXFnV0hVT1dFSFhNLXVtbFZpODA4UGpXX2xKbi1HZExiMG9CRUlITnc?oc=5,stage2_relevance_review,landslide fatalities
1001,c3bc52f1508dcfcfbc80541eb2aa7c48,Farmer killed in carabao attack in Quezon,2023-11-07,Quezon,Philippine Daily Inquirer,https://news.google.com/rss/articles/CBMihgFBVV95cUxQVzZzc2FLOEliMFZVd1dmSjBjRlhBcWdpakpjZGM1TmNhRVk2eWIwQWY2ajlQUGVUNWs5dlZ3Z0d1UWJjUjhKdkpUak1WSWhqTTJfSWYyTjh6eVA1Sl8tRnNkWUw2aUh5TTQ0bnVWcURzX0hDaXgzYU9qVDFwZjRWWjZheVRkUdIBiwFBVV95cUxNNk83V3lNTUtYazFWblVidENna0lhWnp1WmQ0OTl5cUtNQk1xTjl4d3lKbm1EakdwUnRPNEEtR3FOT2I1WjJYMG1VamFtY2pQNUM1cll0WDBtNk1TUVJ0N3hOWUtfakRJcDdzN0ZMY1JSYy0wUG1JTGw2WERCRUlkNnRvbnZGMDNnRWFN?oc=5,stage2_relevance_review,animal attack fatality
1006,903e8f9a1d788d5c40efa4400adfa841,Quezon coconut farmers to benefit from gov’t support,2023-04-18,Quezon,OpinYon News,https://news.google.com/rss/articles/CBMiiAFBVV95cUxOREFVSmhYeVM2MDlnZ2tvQTU1WVBFekZnR2hDMkdsclA0Z0N0SzNoa3hKQ3hhUG9qbjJtSGNpTnBmTUxPRC1od09fMGhsTWNKNDNHMXRSNTdkc21PbmZFWEQ4Qmt0Zmt5N2xGRzk2NHJYbHFHTkNoc2Jpdk1iQlplVGV1anF2STVG?oc=5,stage2_relevance_review,aspirational support programme
1007,3488276555e964b0c281afb8b86462a0,PDEA taps Quezon fisherfolk as partners in securing coastal waters,2026-08-18,Quezon,Philippine Information Agency,https://news.google.com/rss/articles/CBMilgFBVV95cUxOcHFWU1BpQ0lMZFdxblFpRk8xQUpxaEFMT2FYT05jcHA3ZzhiY2ZFVG9Ndkx3S1djNFNycHZqal82OXFaMHh0enVmdnJHZ0JRNVoyR2FYcEFITU14ZkpUSFJ0WWdOMTdRZGVON2UwUTNXT3BqcWRVbDRpa19ISTd6UTZMbC0xdEh2YUxNZ2YtQ2tiQ1Itdnc?oc=5,stage2_relevance_review,anti-drug coastal partnership
1008,b97f872763c6dc4eab1c8edaf553ee89,Coconut farmers take center stage in Quezon festivity,2024-08-20,Quezon,Philippine Daily Inquirer,https://news.google.com/rss/articles/CBMilgFBVV95cUxNZ01Mb3VXWjM3RzRuYVRINDZhcUhWRGxYRUhFdGZrc3V5VkRQaXVrbEtIakJNZEl2eGMzVnE5LWstQjRzR3VOQUhKSVlwSFM4dHJzWENLRXItVjFTa2dQRmxXVGVVek42ak9xWjdEWHpjb21fWkRIbk9DNWNBRUY1bGdrbXNoZFJlMmNpUXZ1QTFqalRNbEHSAZsBQVVfeXFMUGFhQWxYZHV0SDlheGlvTXY1OVpwNE5xVVNxZlpUcG9TUUVteUNUamtjWFZLN2FRR0hOamNkNy1UeGltVk4wY1FDM2FWS0kzTFFXZjNvSi0wTGlRQWdoMFhfTEdvamR5LTl2eTJaMWpQVGxRRlFFMGgwUThzcjNieE1TUGNXUzg4aDAwV3QxcFlNSEdidlQtdmNqdDA?oc=5,stage2_relevance_review,festival feature
1009,38f59594613d0e127ae2d25170a58c11,"Quezon farmers get P1.4-B worth of farm inputs, tools from DA",2020-11-24,Quezon,Philippine News Agency,https://news.google.com/rss/articles/CBMiUEFVX3lxTE11b3QwLW1HYkNFdEFGazA0cF9wdzAzbzN5UXRTTmhPSkZuQUJHREx2NVE5OG1raDBWXzZuWTNBa2ZxaW1QUW1QbElKYTdUaUk2?oc=5,stage2_relevance_review,"farm input distribution, capacity building"
1010,c1c65f7ccc314383056dc9c8a017d9d6,Police: Pedicab driver hacked to death by 2 farmers in Quezon province,2024-06-25,Quezon,Philippine Daily Inquirer,https://news.google.com/rss/articles/CBMifkFVX3lxTE5hY2JScTVkX1NyNG9hcXV3SmFna1M4V0JtTGxpWVhKa0FNQU1SaXQ1QnQtbXZiNEQzdXA1cmFPUl9rNDFmVUFXcmtKbVBqWDZILUI2MDYxa0VCNldTbFBRYURwS2V1YzdhRmJHcERWczRQb25DYXlMMEZFMlQzd9IBgwFBVV95cUxNbjlHVlVWQ1h6bHBjanMwMEdoUlp5d2NQbE1wX09LX0ZpTmdoVG9VbEY2ckozT3hRXy1OakRtX212dDJreEJnUEpUS3FkWi16dTFGeHRjVWVZT3RzWE9sMDFJQ0RXU1FCeGUtalN4UzR3WldJQVdsYVIyR0ZidFVpcHA3cw?oc=5,stage2_relevance_review,homicide
1013,4d35bc27d17315842825857667dc55b1,Quezon farmer electrocuted while chasing cat,2023-06-27,Quezon,Philippine Daily Inquirer,https://news.google.com/rss/articles/CBMiigFBVV95cUxNcU8weVJtU0U2SWYtekNGWnpMR3MwUW4yMXpYaEFnUHpmN0djVXA1YVNrVUtxMHgwODNEaG5WQ3RXdFNvUkg5UU83Skx0cl9aSExoMkRISFVCLUU4QnR6MjR0LW1CRXJkQ3h1N0JHTTgzaF8yamFlNjJFbU5WSkt0NTBsamJvN1ZJbkHSAY8BQVVfeXFMTXpDX1NMNFREcUdfUWw4cFZQYURJMmFPUVZnTHA2RlNwUVpiSktrbkdQM2hnQ19BV1cyaHBrTF9BOXg3ZlBiTjh6dUJvSlhfNldhR1lHUGJUV1J5RFVSMUNXSVQ3R2lDeUUwWFRTbGtKVG1KdndGYVJrazJTWTFvTFRNbHp4OGcwcmotbFN0Qmc?oc=5,stage2_relevance_review,electrocution fatality
1015,10def543bfa2d7e7c857d23032f946ef,Farmer stabbed dead in drunken row in Quezon province,2023-02-28,Quezon,Philippine Daily Inquirer,https://news.google.com/rss/articles/CBMilgFBVV95cUxQOVgzVm44VVp1M2dVYW1taTNCWHBFcFdGSXFFODVwTkZhanRZdDJPcDk1V2NELXB5dEJlSi1QbWZ1RU9Oam1zLVlXVGdzQWNwU09FcFlQZ2NiREpWNVlQUERnZWJsdnZhZjk4MVlGd2lWWDJ6QlZWLUhXTmJaYlZ2NTBfalVSMm5GUkRXYmswMkFOaWxodVHSAZsBQVVfeXFMTjJBakRVak03d2wwekRvNXc2Yk1RbF9idlJUTWx0bEwyZk9TLVM3UVo4d0x2Z0xqa3lvNU1scC15X2pQUlNnZi1EVjBETzRkZDF1VlRrdEgxWG4xdjNwanJrZndIRGwzN1VIYVJLbjZzS25wX1JhemU0VVZZUVA1Ni1pMGFfcHRkWElCRVRqcVVOM0x3Z1ZHUmxWZFk?oc=5,stage2_relevance_review,homicide
1021,28f5100722dee2149c77811d54af8830,Missing fisherman rescued in Quezon,2024-09-04,Quezon,GMA Network,https://news.google.com/rss/articles/CBMiogFBVV95cUxQamFUZVozTlc3SFA1aHM1Ri0tbG9veFRhLVBGM1NNVXlzbDJTRTZ2aG1oVWV2Y05nMFZoR1ZTcnFfV09XZzNheHV1ZFh2d2VsdExOZVRiR3E4NTF2akt2dVJ6eGlteHJCcWcyNl9Pcnc2NVp3RGJTaEdKYi13R21leS0zcGxwTGpkS1J4ek9YeTBnUThPUllZRFBwejJlNEstQVHSAacBQVVfeXFMTTk4b2NpZXBseE8wcTFZbkMtczZicGlTTHpGRndkdHQwWnNaWXZOUnoxamtycnlzUUZNMl9pZHU4U1p0aUl5MVl4cVF5U01lcS1QZl9JdjBNSUFKU0NmdHF5X2RhaWV6S3pqWTZUQkd6VWNsb1Bkdm9naDMwTldSa3pxWGRjQjhrdmwxU2tlUjRMNzdqaVF2NlB5ZE1ZbE8yZ015WFpqeDQ?oc=5,stage2_relevance_review,maritime rescue
1022,9a4e8a2f594067602de2bcc770c12801,New solar-powered irrigation system in Quezon to boost farmers’ income,2025-05-07,Quezon,Philippine Information Agency,https://news.google.com/rss/articles/CBMimgFBVV95cUxON0U2a2ptdlJ2dG5wZjI4MW8wcUVDOFR6aHZib05ObVA2OFBaQk9Xa0xYMVQwRUlDT3ZGSmJOZnJhTkRRaWJhS1h1WjVpNFJQVE9LYTlDZGpUeTM3RktZSkJUTGZFWFlsV0pnOGhYR0pBUG5xVGN0aXpuTkZUcDBCci1IeDVnY3hUQk42Q2xtZk1GWXFpeHRHMXd3?oc=5,stage2_relevance_review,irrigation capacity building
1026,0f97934162d68a0d27009f28be42084c,Quezon farmer drowns while helping students cross swollen river,2025-09-17,Quezon,Philippine Daily Inquirer,https://news.google.com/rss/articles/CBMiowFBVV95cUxNQzZEWHhOTmZIdkM2XzlBS25CdkNqRS1HTjRRMDFwTHRjcm9QSThFdmt3LVhnRlBYdnhmMVlpYm9qMnBKM1lZQWxWMGhHX3FhUEQtSzZrRm5HRUotVFNLcjRhb2hyWjdiTnRuOFZScXJuNlNrZGY3el85RllRekpTeElMaDlMaXJZNjQwRGJUSGt1Xy1kdFNpTHJ1OEJJd1Y4dVBV0gGoAUFVX3lxTE41SElVc3VzTTl2UnVTVFYtSG1SNkpsbTJjc29xZURWdFYtZVJsdGRBX2V1TWpRUjQzRGxPVm93LW9xOHo2UXcwczVzcVZycFBvZVNYUDVWVzFvUDFoQktYMldYaURNeWloYXoyWUZkTFV4akIydUhlTmxBZGstYjBNRW4xel9rcFZKX1dhaFo4ZTdVY3lnTzNJYmtPeFVXdi1hLVJsT1dnYg?oc=5,stage2_relevance_review,drowning fatality
1029,fadd17d5a7f6ef803c6635d1863148a5,"Quezon governor backs Marcos, but wants assurance coco levy fund will be returned to farmers",2022-03-23,Quezon,Philippine Daily Inquirer,https://news.google.com/rss/articles/CBMiyAFBVV95cUxPSk45LTY3SFNtTktOY1ZseF9jSVktZDJPUS02QTBwQkszMFJCdkdxWlAzc1ctYUdta1Z3bVprOHRlb2xpRUZWSktIYXJCOFBjcHYtbGp2RUZ6ZzlTdGRaUUhyYTdjMmxPRmowb1pfTmpMakF3WkNMWV9uLUwxd1lOXzlHZ2RXVDNxTS1sUDRZYUpWRk8wT0dBa2VQalMzSGRxNTE0LVlkVTF2OG4xMmtET0V5OVFVbm5DZmVET2J6Y0dDNEFERWpyd9IBzgFBVV95cUxPdUhPLUFuZWkzMmgwTHhuY1dGWHJ6VjB6WE1tZkktOEEyd3hPakF4eGgyZWVpel85eVZuVEJNM2xWV3ByWXpMVkJzSDN1N2xaVE1EXzF0LU5sTzM1ZzliMFJseUV5aTBUekRPZjFySkU5aWNwaG02QXJqUG5TZ0ZSUXJ5NVlxbzlGeHZBNURRbjhBbDdmdFFURUR3cWVlckJTaF9YOWp2MHp4STMxZWd5YVhQSlFFV1kxalhJUVBnXzI1cEhwTGRLM1ZqZlY2Zw?oc=5,stage2_relevance_review,coco levy politics
1030,278e20b274ff5c1f3d2c12d01a19913c,Quezon town under state of calamity due to storm damage,2024-10-23,Quezon,Philippine Daily Inquirer,https://news.google.com/rss/articles/CBMimAFBVV95cUxNak9HVjNfdVVoV0pNZzlaNkFub3VaTHUwWi1UVEN2aHNkNGRMcURCSUJnLUFvVnVBVnFaX0M2MWZNbGI1M1VUYVBvSXdtTDJpWEc4N2JpZ0JoeVhnRWZJeExkalJONExsRmIzLWFiVWpiUnJDQk02UGFfRE00bUE2OTlmTmlONGl4Y2RHbDZTTmY2ZXdUOWpJTtIBngFBVV95cUxPb2dsMm5lYXd1Smk2TEZIcTdycXFqM0t6dFExMG5ZZjJrVnRnRU9OUW10ZVctNFEyWXNMSkJpU1lIY2lITllfclBSbnZVaFVGWlkzMFl6V2NIdDRCQzk4S0tUYnF5NVpTT3l3OVp6bWRFcmxJOWprcWc4c3JoTlQ2aS1ueXR5ZjBDVDJ2QnAzbmV1eVRhYy1uTjlJWWtaZw?oc=5,stage2_relevance_review,bare calamity declaration
1031,e1d4bb7946312e88b9e1a814dd01664a,SM Angono farmers' market features local crops,2022-06-24,Rizal,Philippine Information Agency,https://news.google.com/rss/articles/CBMikAFBVV95cUxPd0h2bzJWV3ZWZ29nbWlmUDRDRGRGRHlLWmkyYXEyT2FOUDJMN2kxSE1fbkZNT1RYUGRwaTRTbjJfeVNaODA3cVZzVGF1ZHpTWFRWNjdBSktIWEUxR3RBV0UzdzRpQVlwUmJIR04tU3JjMzFYMW5RelZJREwxRGRGeE5XSWRZanNRQVhqbV8tOUo?oc=5,stage2_relevance_review,farmers market feature
1032,8ffa3c91b6a6fe2b8b66540b3eaf4247,"DOST helps organic farmers of Angono, also seeks to fuse science and art",2021-07-30,Rizal,Philippine Information Agency,https://news.google.com/rss/articles/CBMiwAFBVV95cUxPQTFNZXp0cEJmVDRwTVZXd19wQ3lDSzNZeFRvSEk0a0pTVVVwMFFqUTV6c2swVExvcnRTZlg4WVByMGduQUZ4Qng3bVVSNmFkWW9NbFR3NlZ4N3AycFVHU1RmOFFRTHhCVGZ0aElBVThLOTY1eGdqc1dNNVJNMU1CRFBpMjNXVm1ObnRuaTlqMHhENGNieDBFb29SNE81Y25Vdms4YWw0NGNBNW1BRU5PSkV1TEN5NFA1WV9qRGlPb1o?oc=5,stage2_relevance_review,organic farming capacity building
1034,d8c241c315855282993b6cec24c479e9,4 dead in Antipolo landslide,2024-07-11,Rizal,The Manila Times,https://www.manilatimes.net/2024/07/11/news/4-dead-in-antipolo-landslide/1956531,stage2_relevance_review,landslide fatalities
1035,7f5cb0efde30d563dcea8d31d749bae4,Puno shouldn’t act like a Mafia underboss,2026-01-18,Rizal,The Manila Times,https://www.manilatimes.net/2026/01/19/opinion/columns/puno-shouldnt-act-like-a-mafia-underboss/2260829,stage2_relevance_review,political feud column
1044,b36de281508c349a7d10e09c8887f99f,Antipolo bags highest nutrition program implementation award in Calabarzon,2023-09-06,Rizal,Manila Bulletin,https://news.google.com/rss/articles/CBMiowFBVV95cUxOUXJpMzVCMHoxaHQ1WXJ4emRZQ1pJYlY2NHNhQnZ6a1dmbE8tRUF3S3BPc0RCS1hLMGYyOHR6QzB6OU9rQWd5US1wZmtvY2lDVlFZWmx3TkFpaE1RSW1SMGs0T0N6VDRmSkFPbnBDRmNocC1jXzZ4c3l5aF9VMzcwRGlyN1VDcTVvY3NneWhCWkU5TEQxSjlaZWh6OEZNb0hwVHR3?oc=5,stage2_relevance_review,programme award
1046,8cd95cf14b8cfd4364a6098b3fbc5018,Antipolo City farmers rejoice as DAR distributes land ownership certificates,2024-03-20,Rizal,Philippine Information Agency,https://news.google.com/rss/articles/CBMipwFBVV95cUxPdHBnYjRNZUNydVdILXZMaDRWVXNhc042TTJyMzMxT3luMkxXYmdLdTFrZGRQMmo0Q2U5QzZjSV9pZE5OakdLOXcyMWt5Vng1aWhMdFdZbzdaRVRmdVhhYXdlSk93SGxBRmJlRzE5SGI0aG1VZnlab1RVSHZtajRqeEFxV3dUdDFsbkU5TTgxRElQMHlWVklFbmpJVTRpRlNoZnJ4c2txZw?oc=5,stage2_relevance_review,"land title awards, no insecurity condition"
1048,c912997f78cfafb3bbe4e3986e3ca119,Comelec bans ayuda dole outs in Antipolo 2nd District ahead of special polls,2026-01-28,Rizal,GMA Network,https://news.google.com/rss/articles/CBMixgFBVV95cUxPYnhZVnJ2QXppeHVOOXVnX0E3UjZVM3ZLWkl6NEhBd2VFdDJHWHdTUUlfX0QxSU5DT0RpUEZhUTJnU2xvNEItbHJVM2k3ZTByRVQ2b2NVMkJiRWJkaEJBNXBRTE96eVRwb2NiX1R1M1FXSERQbC1iLURHTFNlUHF1TzAxeFRCQlNpUnZ3S29POGd2LXlzNmN2bm9sZ3pNU0lraWlkeHV1QmU4WEhDWDJIcDk0WFpXbV9PeS1jOVo2SG8tZjJZT1HSAcsBQVVfeXFMUDVDNlo5aHZwNGFvRGVuWTlyak1MY29Dd1lOOWVMQXprNXNhLTJnZXRMZmZTa3R2Z1RkWFZjdUVIZDNZc2IwaWMxZnFLMnR0cUNVSjZBbXZCS3Q2SUdRSmhaVnRFS1hMTDNwbk9TUVFRaWpuTzNrVXdic0Y0X0RjU2NEV2NIamV6cjVMcExlUXEyaFFnUmkxZjhvZndpR3F3R3hXc1Q0cldHUWZsUWxpeEJ2Wl96aXl0Q0FjcEFFV3ZVTjdESUN5UWQ0YUk?oc=5,stage2_relevance_review,election rule on ayuda
1049,90bbc75ecef3c1953e9fe1eaeb916cbd,Baras features ayuda-themed nutrition month cooking contests,2022-07-18,Rizal,Philippine Information Agency,https://news.google.com/rss/articles/CBMipAFBVV95cUxNYWh1cWFkZFplem0tWmRHaFM1a2VfWW5DS0hjQkhrNVlFRU1VUHRsNmVPMTZxTVcwMkhfQWQ1QWw4QlBvWmh4SWhVZDdMYUx2RlR6eFpoR2l1QVZYeWpHWWlSRjJCelI4aWc3dHRvRGlkVkZpS2FUVFJETEtEV29PdjY0LWVCREdOejBUd1BuamM1TDQ2eGh3dWdjeEgwQ1ZXQ3A5Mg?oc=5,stage2_relevance_review,nutrition month contest
1050,2697ccaa0d5860e41b6d9e694425ccd3,EDITORIAL,2023-07-27,Rizal,PhilStar,https://www.philstar.com/opinion/2023/07/28/2284424/editorial-life-saving,stage2_relevance_review,editorial column
1051,5e5e4a86e868b44197b7e12217962b8b,PCG rescues 67 from half-submerged boat in Quezon province,2023-08-03,Rizal,Rappler,https://www.rappler.com/nation/luzon/philippine-coast-rescues-people-half-submerged-boat-polillo-quezon-august-3-2023/,stage2_relevance_review,maritime rescue
1052,b326983a33eed7945f0baaf2dff9660e,"UPLIFT beneficiaries allocate cash aid for food, medicine, home repairs",2026-07-20,Rizal,GMA Network,https://www.gmanetwork.com/news/topstories/nation/995535/uplift-beneficiaries-allocate-cash-aid-for-food-medicine-home-repairs/story/,stage2_relevance_review,"nationwide cash-aid programme illustrated with Muntinlupa (NCR), Binangonan is a geocoder false positive"
1054,ebd2353634ac4358a36c6745dc845320,"No classes in Cainta, Rizal today due to inclement weather",2023-01-16,Rizal,Manila Bulletin,https://mb.com.ph/2023/01/16/no-classes-in-cainta-rizal-today-due-to-inclement-weather/,stage2_relevance_review,class suspension
1055,365e96bc414302bfa7c532d66e1e8cd9,LTO closes Cainta office temporarily,2024-07-27,Rizal,PhilStar,https://www.philstar.com/nation/2024/07/28/2373556/lto-closes-cainta-office-temporarily,stage2_relevance_review,government office closure
1056,e33ef6d2d3f1eeaeb672ee66093671d2,PAOCC Usec Gilbert Cruz uses dresser as makeshift boat to brave floodwaters,2024-09-02,Rizal,Interaksyon,https://interaksyon.philstar.com/trends-spotlights/2024/09/02/282671/paocc-usec-gilbert-cruz-dresser-makeshift-boat-floodwaters/,stage2_relevance_review,flood human-interest item
1068,1d2f443b6e57635be8a216f280cb51fa,"Cainta, Rizal declares state of calamity due to floods",2025-07-23,Rizal,ABS-CBN News,https://news.google.com/rss/articles/CBMiqAFBVV95cUxQWjZiMmFZS3d2MlVzZURPdVMtRHJqSS00R1dxNWd4M0dwTnJYMzlYLTBLTUdXTFJ5d1BpSW0xTEFscXUyS2wtYlMyQkNxNS16Q0RTZTA4YXFFZjlqQ2FEdDdjSlg3Ym1NMFJyaUVGRWFhUUZMRDBlQXgyQ09lcFF6dnNCczBvbVZVRm9tUTZZMTBRNEZJNlB0d3ZDSkpXWXQwVV9OSzdKdko?oc=5,stage2_relevance_review,bare calamity declaration
1069,58a866060da3645f154014c658095ba0,2 women drown as Egay triggers floods in Rizal province,2023-07-26,Rizal,Philippine Daily Inquirer,https://newsinfo.inquirer.net/1807662/2-women-drown-as-egay-triggers-floods-in-rizal-province,stage2_relevance_review,flood drownings
1070,d60d90e2391dbaa270205c5fae946c2a,"Cardona Marian shrine to hold medical mission, feeding program on March 29",2026-03-27,Rizal,Manila Bulletin,https://news.google.com/rss/articles/CBMipAFBVV95cUxPNS1qY2J0ak5uNUY5MjVXUkNKVjNTeHhJX2FMdzA4c3cwd2cyY1dzUlhyWlR0YzZUMWxoSmsxbFMxcDk3d2RiTjNCN29OcEZUajV6ZV9zUWNvb3lCcDFod2YxSUJpVDRHd2toZWhMdkhLR1Q3d3ZkWmFIaTctNzhLNXczZ01FNW9TQW1USmpSZ0VjbDYtM1YzUlpYX3lpZE1qZi1lTA?oc=5,stage2_relevance_review,event announcement
1079,62c74331d3354978fbcc24e33ad7450e,Leni Robredo Did Not Bother Visit Typhoon Ulysses Victims Rodriguez Rizal,2020-11-26,Rizal,Rappler,https://www.rappler.com/newsbreak/fact-check/leni-robredo-did-not-bother-visit-typhoon-ulysses-victims-rodriguez-rizal,stage2_relevance_review,political fact-check
1080,3807eab1f1ec664e883ba901138a3ceb,"Floodwalls, pumping station eyed at Araneta Avenue",2022-08-27,Rizal,PhilStar,https://www.philstar.com/nation/2022/08/28/2205633/floodwalls-pumping-station-eyed-araneta-avenue,stage2_relevance_review,"Quezon City avenue, Rodriguez name collision"
1081,6b4224161d60ad3d9967b80db460c879,'Accountability must prevail': House probe sought on Rizal dumpsite collapse,2026-02-24,Rizal,Manila Bulletin,https://mb.com.ph/2026/02/25/accountability-must-prevail-house-probe-sought-on-rizal-dumpsite-collapse,stage2_relevance_review,dumpsite collapse probe
1082,a79e0f32bd3697bd7f383a48226c435e,Siblings cooking lunch killed in Rizal rockslide,2026-08-06,Rizal,Manila Bulletin,https://mb.com.ph//2026/08/06/siblings-cooking-lunch-killed-in-rizal-rockslide,stage2_relevance_review,rockslide fatalities
1084,d0ec0435b6db0221e8319b68fbb50c5a,Philippines: The Upwelling Wind,2026-08-19,Rizal,ICSF,https://icsf.net/samudra/philippines-the-upwelling-wind/,stage2_relevance_review,"author surname collision, no CALABARZON tie"
1085,96545f864904e6a88578c3b3dd0c3c86,"Kim Rodriguez, Jelai Andres distribute relief goods to Ulysses victims in San Mateo, Rizal",2020-11-13,Rizal,GMA Network,https://news.google.com/rss/articles/CBMi5wFBVV95cUxNZXBLcWJldlJ6ODFWaVNyOXB5emx4YlUyMG9EbTMzTHpqbEZiOUZTbnVzQTUyRnZNc0lqUjFyUFNBSi01NG92NFROV1NUUDR5emVpemxWV2lZbzJlVi1uQTdDcDN3X1lqVnZQeXIwRVByMmZacFBsNWdfNHA2V2VtRmlGQ3VCWVVhakxhMVo1V0RsNXQ0cko4ck5INGpEZ0FYV0VkaXFQRDNDb3dKOVhqZFctU2RjZkhJQzQwUlFkWThUQ0pZVkY0ZFc1RG1FVkZSYVZoY2ZrYjVwNGk2YTB4dERDR0dfZUU?oc=5,stage2_relevance_review,celebrity relief distribution
1090,a6833246fb058cc9ebc1400d34bcd796,Patiis San Mateo Rizal Knee Deep Flood Control Problem,2026-01-02,Rizal,Rappler,https://www.rappler.com/moveph/patiis-san-mateo-rizal-knee-deep-flood-control-problem/,stage2_relevance_review,flood-control project report
1091,d4ead8c1dbf112041e5b0f10763c6937,"GMA Kapuso Foundation collects 1,462 blood bags after donation drive",2026-08-10,Rizal,GMA Network,https://www.gmanetwork.com/news/lifestyle/healthandwellness/998041/gma-kapuso-foundation-collects-1-462-blood-bags-after-donation-drive/story/,stage2_relevance_review,blood donation drive
1094,b3d6eff0bf42b14d4a47f305aca4ae79,"FALSE: Robredo donated chicharon to typhoon victims in San Mateo, Rizal",2021-12-04,Rizal,Rappler,https://news.google.com/rss/articles/CBMirAFBVV95cUxNeFRVRmtmdDBmYjZfSU1pdzJXYUI0TUJUS3NTaUNGNmY1a193VTVHdkx6MlRTaXNEOFJyY3psVkNIM3duaUhkMmlGM29OVUwybm5kWTNwbUE1UEF1Q0U5aVhfLUlTSDVGRlJxRHdWZzlaZ1c0S1d4ZGs5OWZMWEdZd05NWnFTa1oxalpWZ1daM2Q4TFVXcks0Nk81WFB5ZGtXNkZSem5JMjZvRWlN?oc=5,stage2_relevance_review,fact-check item
1098,48682b5f14f70002b86c55190dd0dcd4,"Reaching out: Typhoon Ulysses Victims of San Mateo, Rizal",2021-08-03,Rizal,Scouts for SDGs,https://news.google.com/rss/articles/CBMihwFBVV95cUxQd1dJZHNWdExZYWk3MzZjN1lpV1AxdDBlMTl3WmFxT1hUNnltQUI2MU0zaVc5T3ZwRG5wZlhEejhnRC1qaWh3amtPaGRzekNGSnNfWWdiUkJIZmFSMGx2djdYZzRfX3NUZVpMenZ6dkxNOFliYVFSVWVhX2VQcEJydUViX19pQUE?oc=5,stage2_relevance_review,non-news source
1100,665a2129a35b6003b85304dfab82b048,8 die in Tanay flash flood,2022-12-11,Rizal,Manila Bulletin,https://mb.com.ph/2022/12/11/8-die-in-tanay-flash-flood/,stage2_relevance_review,flash flood fatalities
1101,4b3669bdbdd0922b7fd01f5e369e75ae,TP leaders build hope through community service,2025-05-24,Rizal,The Manila Times,https://www.manilatimes.net/2025/05/25/tmt-newswire/tp-leaders-build-hope-through-community-service/2120386,stage2_relevance_review,corporate community service
1102,24c69dce924a431a47debfa1c13a746d,"Tanay, Rizal couple helps fellow farmers in cacao growing",2023-05-15,Rizal,Manila Bulletin,https://news.google.com/rss/articles/CBMijAFBVV95cUxPTE0wZzM4bHZ5Tjl2ZGFWTmtKcG9JVEFtZEJqS2JtRWFxbEVyNFVNVXlCQk1CQ1F3cVc4OW1SU0RlMmExRk0zNzJHaF96dVhZT2RqSnJfaXFQN1JKYnNEUGhubDNGSWJxV0VHMnZRQlZTNnNOUHBPTldNa09NTlh4VUZEbEZVTm5mR2l6Rw?oc=5,stage2_relevance_review,farmer feature profile
1103,941cd3a254fff0519eecafda59ddddc9,"8 passengers dead after jeepney swept away by flash flood in Tanay, Rizal",2022-12-11,Rizal,GMA Network,https://news.google.com/rss/articles/CBMi0wFBVV95cUxOQk1FTDJiU3dxZjZZZGlFUU5Xc3owdjQ5R0dfVjVVMmQ2YWpEOXlQZjJsSm1Fak9ydWNCSldGQWpwdkFtS2I1UFJndHBfMUs4Wk5ZZHhsM1Bfb18xX1U4ZGxrVl81dWx4M1BEYWMwZWs3WmR4elJ6azdyUDBfelltUXlISGxVVURCUDd4Z1NKbnR5QTU0ek53NHpzUGUtSjRiU1o5azFVTl9QZkUzRnVsLWJLZnZXYnYzVUZya1pOUHRBcVBITGVNMWhhQ0FYWFlTQ3BZ0gHYAUFVX3lxTE9GNUdONGtPWVBLT0xwa245VHhOX0RWaEEyLUU1Mm5CTGdEVVVxbi11Sjd4T3k5X0c4XzczUnFGeUh3UDJSdklEQnhFVjNSaHFfbkpZY1p2ZmVqaFBabmVrLS1ha2FkNlpPMTZpQWJXaUxjZnQtdV9mVWlMbTFWa3lJRHZpN0NSdjkxR2hzTGxSeHBJSUdqbTdUZkI2emI5MFJfSGJwV3J5bnBGajhIZkpKY3F4S2NPTGp4OVFoc2NDZHJCNDNaVVF3cE5oUDY3eWJCbEpuMmVIbw?oc=5,stage2_relevance_review,flash flood fatalities
1105,1287cfb55b377c762a7c1cd5937da014,"Farmer accidentally shoots partner dead in Tanay, Rizal",2026-03-31,Rizal,Manila Bulletin,https://news.google.com/rss/articles/CBMiiwFBVV95cUxObzJHM2lmTUVGR3VfRGh0Rkh0VFlvaG1PbWVydlZMN2lYQm5pUjhWNllOel92RG9HMkJOYWQtS1p5VWdfSHRxcDduVUFaMm1wWVdYZEZrckd4dzBjUFdkN0hCSnZ4cl95REV0YktLZVJTRzZFX1RWUWpjaUYxMUtnNnBpNGp1OWYyVkdF?oc=5,stage2_relevance_review,shooting fatality
1106,bfaf33e22b1948bd9c8c77370f80037b,"Belle Mariano extends help to flood victims in Taytay, Rizal",2025-07-25,Rizal,Kami.com.ph,https://news.google.com/rss/articles/CBMilAFBVV95cUxQSDVRLUhGUkhra1pDdHRMNjZtQ2hLSF9TTDBCOHpaQkVZN3NTWG5aWElGOHF4bmM5UkhMb2Q2MEgzREVTc2N2NThSYi05UVdrUHlscXlCQ0ZBU3NJTWdpei1PT040QUVicGlPS1RxM0VMeDV1YlNkZ3RpSjFtajhiNldhQXJtTmtwcmxaZHpVZmJYOXE0?oc=5,stage2_relevance_review,celebrity relief distribution
1107,2391b4d56d714997117dc88149ce8af9,"Belle Mariano brings relief and encouragement to flood victims in Taytay, Rizal",2025-07-25,Rizal,LionhearTV,https://news.google.com/rss/articles/CBMiZ0FVX3lxTFBiRGFkLXQ2eHJoYld3ZGN2a2hnUWVRQ2dxb2hRZzdaRnl3TzBJWVh2aDNrVDJYUnJIQ19DQUo0VGcwdjdaQndoMjZDdEg0ajZVZjh3WEFGU1RHbUNha1FHQTJuNU90NDg?oc=5,stage2_relevance_review,celebrity relief distribution
1109,0b338747440c7b00c7e33ecd2c804c33,"Belle Mariano donates relief goods to evacuees in Taytay, Rizal",2025-07-24,Rizal,ABS-CBN News,https://news.google.com/rss/articles/CBMi0AFBVV95cUxNNkZsTDBFNjNoNzdzQktMN3FRV1BVX3JCb3M1eWJTcFdyQU0wblBWV2FhTzdXQkZMNVJ5dnJSRXIwenJHODUxa1ZJalI3dEpEZHNrR3V4WDFUMWZuRHN3cmJhbnRfRVg1RDdWWm5IUFBLOVV6VkxYZU9CbGpLbkhfRVRPNWt4cFkzenlUNXpEOW55NGtaN1JOV1RGUjFlSU1PWjdUbVJuUVhydzZQUzNEREEzdVp1S0FJUUtmNHlHMTlPdDNxZHZkaS1OazZKa3lK?oc=5,stage2_relevance_review,celebrity relief distribution
1111,42c45cbd05a562b3a7f5489065ec72ab,The Talibubu of Taytay: an old fish dish gets a new lease in life with tilapia,2024-11-28,Rizal,ABS-CBN News,https://news.google.com/rss/articles/CBMi0gFBVV95cUxOQzJBTnRhQWtINHp4MFRCODdhWUxteFExX0ktYW1CVGIzdEduRm10Q2lPcUZDclJEd3FsUnBkWkJMNXNQT2dBaEtvWEZJZklObDhvR1hoMDZUbUJiRi1kQm9OSTctZzd4UVA2MXVnNUJRcVpxNmJ1bWlMbWVnRkU4T3dFZVppeHh3TWRGVE9HVzFFUHgxQUVYRW5OTmtUWWtXY202d2JfNE5fcXZIQ3ZuN2RRZ0JMN2pVdkJWOEtzSDZxTWVJVFVHUTdjb0RrOFpDN2c?oc=5,stage2_relevance_review,food culture feature
1113,97350a361c1b4a9ff707a0c70c074f96,"3 preso tumakas sa Fishport Custodial Facility sa Taytay, Rizal",2024-09-03,Rizal,ABS-CBN News,https://news.google.com/rss/articles/CBMirAFBVV95cUxORUQxWVZKYlprU05Sc0NsWTFBVXFqeHF1LUgxU20tUm1wUDVYZXlNQ1RDVjdFdENDYmpqWWVsZV8wanJxWlJpTmRrX2ZLUW5CMFpHOUVOSmZXVWtNVDhrMF9scDk0OWVINGg3Mks4Tl9vb1hyX0E2dWpKaWxZdjE5YWJEZlIwbDNKaUpvZ3M0ZG9qT2lDV2RYaGRYT1Z2ZzN2OXBTLVExRFhLbEZj?oc=5,stage2_relevance_review,prison escape
1114,55b2a6bde24c8a69e2a2b1e7b372258a,Teresa LGU suspends classes due to Typhoon Henry,2022-09-02,Rizal,Manila Bulletin,https://mb.com.ph/2022/09/02/teresa-lgu-suspends-classes-due-to-typhoon-henry/,stage2_relevance_review,class suspension
1116,CBMizwFBVV95cUxOMm1CbVFEMVBnOUNzQ19YRnM3dlR2VUdOTVd3czN4UC01S21zakdpVG1SUDE5OG9rbEpkTE5qUU9QbXFFWFlfSGhfODdzVWdnM1Vkam9FR2RkSzZEcE1ncm9pU29iMFFYOEExakMyZDZlTEdoTmxqNzVrZ0ZZcHJpOXRpS0lRWmw3NzJnZHJzUW5jSDN5dldVRU5ZN1YteHlFQTcwdHJ0UWVXeTJjcDF2cGFsanZSWmsxeV9fZTlxSk81b1RRUTI2eUI1Zm9BdU0,"Worse Than Ondoy: Typhoon Ulysses Triggers Massive Flooding In MM, Rizal, Other Areas; Residents Caught By Surprise",2020-11-13,Rizal,onenews.ph,https://news.google.com/rss/articles/CBMizwFBVV95cUxOMm1CbVFEMVBnOUNzQ19YRnM3dlR2VUdOTVd3czN4UC01S21zakdpVG1SUDE5OG9rbEpkTE5qUU9QbXFFWFlfSGhfODdzVWdnM1Vkam9FR2RkSzZEcE1ncm9pU29iMFFYOEExakMyZDZlTEdoTmxqNzVrZ0ZZcHJpOXRpS0lRWmw3NzJnZHJzUW5jSDN5dldVRU5ZN1YteHlFQTcwdHJ0UWVXeTJjcDF2cGFsanZSWmsxeV9fZTlxSk81b1RRUTI2eUI1Zm9BdU0?oc=5,stage2_relevance_review,"flooding, no displacement or food content"
1117,d05d01dce952a67e1fdbd4e7bf46311f,"Solon: Create body to protect Sierra Madre, prevent floods",2020-11-22,Rizal,Philippine Daily Inquirer,https://newsinfo.inquirer.net/1363548/solon-create-body-to-protect-sierra-madre-prevent-floods,stage2_relevance_review,watershed protection legislation
1118,e078532ebcb2ff0665d7b1a1a7998db5,They used mud to make art and help typhoon victims,2020-12-05,Rizal,Manila Bulletin,https://mb.com.ph/2020/12/05/they-used-mud-to-make-art-and-help-typhoon-victims/,stage2_relevance_review,art fundraising feature
1119,ff5f45fa750f5b9e5738a62e34deda81,Senior Citizens Die in Rizal Town Flash Flood,2022-12-11,Rizal,The Manila Times,https://www.manilatimes.net/2022/12/12/news/regions/7-senior-citizens-die-in-rizal-town-flash-flood/1869876,stage2_relevance_review,flash flood fatalities
1120,f1133d55cad536b49824e8960abcbef3,Passenger Jeep Swept Away by Flash Flood in Rizal 8 Dead,2022-12-11,Rizal,The Manila Times,https://www.manilatimes.net/2022/12/11/news/passenger-jeep-swept-away-by-flash-flood-in-rizal-8-dead/1869876,stage2_relevance_review,flash flood fatalities
1121,a467873bcb61c63b13707caf9848b272,That maddening sight,2024-07-31,Rizal,BusinessWorld,https://www.bworldonline.com/opinion/2024/08/01/611383/that-maddening-sight/,stage2_relevance_review,opinion column
1122,763f486bafcbfb84129f550f73bdc656,‘Alay Sa Mag-Nanay’ pre-Valentine show to support indigent mothers in Manila,2026-01-17,Rizal,The Manila Times,https://www.manilatimes.net/2026/01/18/entertainment-lifestyle/life-times/alay-sa-mag-nanay-pre-valentine-show-to-support-indigent-mothers-in-manila/2260728,stage2_relevance_review,Manila charity show
1123,78bea080112bce46b88b197edf931b2e,Rizal Landslide Leaves Woman Dead 2 Children Injured,2026-05-18,Rizal,PhilStar,https://www.philstar.com/nation/2026/05/19/2528901/rizal-landslide-leaves-woman-dead-2-children-injured,stage2_relevance_review,landslide fatality
1124,2dc0215abc971a0dca40d59f23b05d2f,Budget release rate hits 88% at end-June,2026-07-20,Rizal,BusinessWorld,https://bworldonline.com/economy/2026/07/20/764713/budget-release-rate-hits-88-at-end-june/,stage2_relevance_review,budget utilisation report
1125,46f7a45670c354ed37150defcf05fc4f,DoST pushes urban farming technologies to strengthen Metro Manila food security,2026-08-06,Rizal,BusinessWorld,https://bworldonline.com/agribusiness/2026/08/06/768666/dost-pushes-urban-farming-technologies-to-strengthen-metro-manila-food-security/,stage2_relevance_review,Metro Manila urban farming
1126,927a933014a453c374bf3db9d912eb9d,Montalban in Rizal declares state of calamity,2026-08-10,Rizal,Philippine Daily Inquirer,https://newsinfo.inquirer.net/2281609/state-of-calamity-declared-in-montalban-rizal,stage2_relevance_review,bare calamity declaration
1127,bbf5b7edcdbc187a834c1aaefd84d082,Indonesia's Prabowo to present high-stakes budget plans as support slips,2026-08-14,Rizal,theprint.in,https://theprint.in/world/indonesias-prabowo-to-present-high-stakes-budget-plans-as-support-slips/3014393/,stage2_relevance_review,Indonesian budget politics
1128,20844ea6a56b1673863532b29e83fe8d,"Indonesia to export 1,000 tons of premium rice to Malaysia",2026-08-15,Rizal,en.antaranews.com,https://en.antaranews.com/news/427209/indonesia-to-export-1000-tons-of-premium-rice-to-malaysia,stage2_relevance_review,Indonesian rice export
1129,082b78577733eaeb260f224a7ebb4af8,"Indonesia ready to export 1,000 tons of premium rice to Malaysia",2026-08-16,Rizal,idnfinancials.com,https://www.idnfinancials.com/news/67503/indonesia-ready-to-export-1-000-tons-of-premium-rice-to-malaysia,stage2_relevance_review,Indonesian rice export
1130,616be8d5b1f6ee64d591124d5ea5a3a9,"Indonesia to export 1,000 tonnes of premium rice to Malaysia",2026-08-17,Rizal,en.vietnamplus.vn,https://en.vietnamplus.vn/indonesia-to-export-1000-tonnes-of-premium-rice-to-malaysia-post350210.vnp,stage2_relevance_review,Indonesian rice export
1131,4693d6830efd88b03632a697f60d0a32,Dapitan: Where Rizal's stories live on,2026-08-17,Rizal,The Manila Times,https://www.manilatimes.net/2026/08/18/fast-times/dapitan-where-rizals-stories-live-on/2406613,stage2_relevance_review,"Dapitan heritage feature, Rizal name collision"
1132,8cddb21dc6ecbb1dd409c054706840d5,"Vince Maristela, lumusong sa baha at umangkas sa trak ng bumbero dahil sa trapik",2026-08-18,Rizal,GMA Network,https://www.gmanetwork.com/entertainment/showbiznews/vince-maristela-lumusong-sa-baha-at-umangkas-sa-trak-ng-bumbero-dahil-sa-trapik/137289/,stage2_relevance_review,celebrity flood item
1133,a462133d0094fac2cf529b9fb7cf0b32,Marcos: 30 underground water catchment sites identified for flood control,2026-08-19,Rizal,Rappler,https://www.rappler.com/philippines/marcos-underground-water-catchment-sites-identified-flood-control/,stage2_relevance_review,flood-control infrastructure
1134,b956fcd087b96c87bd4ac01ecf8e6c3d,Rizal street vendor appeals for ‘ayuda’ to pay for son’s burial,2021-04-09,Rizal,Manila Bulletin,https://news.google.com/rss/articles/CBMilAFBVV95cUxPZUNUYV9oS1dKWnBqTC11OW9iNzJyRUR5UFo4UTY0bXNTTzNxY1hKcjNWWHk4UTh5N1Z5bEJ0REdBS0d5alBpSFBhOEpvNDc5UXM2dmZ4M3Z0UzJJYUlIWjZDTUtwUDdmU3FuLVk1c0o5RmNRdWszNWU2MUFNaWlvQjhQNEdtLVNvZHBDTjN4XzlFRWkx?oc=5,stage2_relevance_review,"burial cost appeal, not food related"
1137,2504d9a543b4d692957f7c25c8f2636f,"Small livestock, big rewards: This farm in Rizal embraces the earning potential of chicken and goat farming",2023-09-29,Rizal,Manila Bulletin,https://news.google.com/rss/articles/CBMizgFBVV95cUxQR1ktX1RLU05ndUJqeTU2cFNHU3BFMzl5cGU5UG81ZkNfQnBOdGdNdWQ1RVNSUUxDN0ZJLWJncWtPYl93OWt0YUE5UjBja0pPOHlZWE9raDRFTGVDNU5RcU5VX1M4Q085RnZtOF8xT0tNVWRKMTB3SlZ2ZERiMVpVWENZMlYwU3hQUjlQMkQ2TEFzNjZlTENOUnRzN2ZKZWJOZjlZMFM0VGJjZXhjbkFpdUFFRU1OU0dwemxOYThmcUhBSVZmZHV5QUV2RUNEQQ?oc=5,stage2_relevance_review,farm business feature
1140,52c81fcc11679932b3748628962fd95e,Rizal agri office plants vegetables for front-liners,2021-12-13,Rizal,Philippine News Agency,https://news.google.com/rss/articles/CBMiUEFVX3lxTFBaNUFHWkJoM3ZIM3BiWkVNRVRaUUY5ZTFzeDhWRHRWNzRpR2cweDk3ZjRvX2cyLTBpN29ZTThzVkQ4V0pVdDlDNUpzWVkxcDZB?oc=5,stage2_relevance_review,frontliner vegetable donation
1141,37e15e4a482688861697cedc581741ea,Stop and Smell the Flowers at This Scenic Farm in Rizal for Only P50,2023-03-20,Rizal,spot.ph,https://news.google.com/rss/articles/CBMixgFBVV95cUxQTi16bFROdEk3bzVvQkdJZmRnMGU3UHJBNUdRR3R5cjd0bFVteEtZMjBqU1VjU2tra1hodGNxcmlUblJsb2daTmVTRkN2dVRYZkpoSWE1Y1hXQnlDTF93Vk92TkowRVVNV1ZjdVFmOXhMYTVsbF9JbndDSTFDbGdrWTFUOWlMTzl6aks2NmJRWDZjaDhwOGptdGowdjZURmFfckIxdUY1RzVGT21wV050dlN4THhNOWVWRGJvZnlJeXZtVXJVV3c?oc=5,stage2_relevance_review,travel feature
1144,039bdc7daaa03deca8107e24efbe6c0f,Ilang bahagi ng Rizal lubog sa abot-dibdib na baha,2024-11-23,Rizal,ABS-CBN News,https://news.google.com/rss/articles/CBMikgFBVV95cUxPcDdNVGNmTXVSZ0pJR3pCd3d3Qm5PanptTWZhVEctR3pEcVpoWXV0SlU4R2FWb0tvVzcwbkc1ZnFtYktDd1JkVk04Nmd2OUppbG9ZWWRfc0FYLVV1QTNkcnhQLXVMdTNXY1lDQVBFc0t6aHUtZ0EwaUdfTkFnblJna0xOUldBYTQ4d0lpZVdsX0E4UQ?oc=5,stage2_relevance_review,"flooding, no displacement or food content"
1146,10bcf61ed88da288df620ec3698dec33,Take a look at the first ever rice paddy art in Rizal,2022-12-25,Rizal,Manila Bulletin,https://news.google.com/rss/articles/CBMiigFBVV95cUxOZzVpcTBIX2R1MzRRMDJPSGE5UWt5eVlFd0pTNEZONG83MkpsQUtkQXphcHpGM09rNTYzbldMaTBGUnVYWlpsc0VJYzUzMVVRR3lDeE9GWnB1UDVZcDd2Y0lOd2pYZGcyeEZGSGJjVUMtRDlRSGhYWTRvY3NwQWpISWQ3TkRwcGRua0E?oc=5,stage2_relevance_review,rice paddy art feature
1151,36e44a794650e4294cd4546264666ff6,"DA, Kalinga eyes food hub with modern rice silo in Rizal town",2026-05-28,Rizal,Philippine News Agency,https://news.google.com/rss/articles/CBMiUEFVX3lxTE5DcDN2Q2lRMlNpOWxYWk5rZ1NObkgyTV9UcDhXeHdrVTFJU2VmTlZGXzhHa1EzWHczU280bDk0RnlsX1JiRExoYU1LQmFBS2NR?oc=5,stage2_relevance_review,food hub capacity building
1153,16a683ac1bac8a7f8763fa46179acd09,"Rizal landslide leaves woman dead, 2 children injured",2026-05-19,Rizal,PhilStar,https://news.google.com/rss/articles/CBMipgFBVV95cUxNa2NCM3hqbEdXTnpfaGZpNWhUNUdpQm5DRlkxNkR3QW80SFdiMGMwVVo2amQ4cG51emx2aVU0MWt5ejlsUDc1V2d2SzRlUmt2LTNqdVlXdzF3REFEZEdjV1k4eDB3MUxhTzFvV2szMVBIV05HZzNPWnA4MW1Ca2JrcmlVdnZzVkh1UEwxdDM0UEtEQU1IV3Izbmw1aktXZS1FUEQzWkRB0gGsAUFVX3lxTFBaX3V2SXNoTHduOTJScHgyWjQ2VXpXUXB6b3FlOFlySl8wWV9TOVFYZ3FjaG5JWkFxSTZLbFJ1YXdhS1AxR2JVTTRuRkdPOHNaR3RkV19IbXN1RHZXNl9qaUhwVVdiajE4X3RTWGh0czRndHFnWnVqUkZzZ3k4QnpZVFF3WnhVdnJmYTl1X1FXdlZDaDd1aHpGeV92ZDFyZUNQZU5VZWRZTTFkekk?oc=5,stage2_relevance_review,landslide fatality
1155,10773c8a38c239f82f58b096dc441b50,Spores of innovation: Agripreneurs in Rizal took a leap of faith into urban mushroom farming and product innovation,2023-05-23,Rizal,Manila Bulletin,https://news.google.com/rss/articles/CBMi2gFBVV95cUxNMUl6ZzFiNGdpNWcwa3pqYWdTSmQ4ZkVoUDBFS2ZtM1RWYnUtREpKc2prS01CUm12VW1WTllUNHgwV3R3akJzOGZlaWM1UDd4NzZmeUJabjdrOXJXOXgyQlEwaWZxdURaWC1pOGlNOHFWMmJRYzZOckdfcV9rWWs4cEJObDF0Yk51b3Atak9HOV9QOF94bXcza3lqb1g2UnpEWVhZRFJvVXpwbmdLWVpVeV9UUUdHdE1BekhnUzRfX3NoT2ZyNzZGVWJHWE4wZk9Yc0YtMjZFcUozdw?oc=5,stage2_relevance_review,agribusiness feature
1160,213451bfc0e4072b2e1c4e24450a37e4,SMFI’s farmer’s training kicks off in Rizal,2023-06-14,Rizal,BusinessWorld,https://news.google.com/rss/articles/CBMimwFBVV95cUxPTnJITGVjZ09aSE1FYTd3NDBndWxzWkczWE1mZlFnY2pzcGtIWmJ1N0NlWkoyOWNVSmJPRGxyTDNwdWVKU2JjS0VtNm5keGRDc2ZpQUVTMzNRMUVGdGdRR1RqdjkwWHBOTXJqT3R6NXVEZ1lyaDJDU3paYnFRM2Z6aDByRTgtd2tzM3JUTTlMMXlPbkhlN29pakFSdw?oc=5,stage2_relevance_review,farmer training
1162,f047a0249a025b23a11671a04e47bc2c,NDRRMC: Woman dies from typhoon-induced flood in Rizal,2023-07-26,Rizal,Philippine Daily Inquirer,https://news.google.com/rss/articles/CBMisAFBVV95cUxOLTdmYVlOdjlxSm0tU0lFXzE4SUdMNXZUM1ZMNENBc2VKeFhIWTJVQk8yRWVoMkVJQWh2S01IS25lM1FBRV95eFc5YnBUYjVqQ0F3LWdTNm54OFRJR013cWZGeEhaOUxlcF92cDY1Zlk2OUV4eHd2UDdvaFR2MnByekFLTDUtVTg2cFJTMWJ5dEVBcXlQTnVNUTZ4QXBRZndEdjd5N194akZma1AzaTgtMNIBtgFBVV95cUxQd21Ea2paSjFXclJwWEc1eC1YU1RvZkhndi10Q1RvaXNVb19BeEUwZ19EcFNveFJ3QnprWEdtRk5tQUtzdFBOMFB3U2xHcy00TnVsRmllZVY3ZXlQWkcwWW1XZ0ZkVk56d1BPTWhnQmJDa0F3TFdtZ29BaFJUcU8xczRHTUxuOXY1X3lTTXBjc1B3T2h1LW5uRmF0WGFmbmljUXNDbkJkaTgxRTRMTHhaTS0wVUI3dw?oc=5,stage2_relevance_review,flood fatality
1164,506df25890b55482629842f989818442,"Groups launch own SONA on food security, coastal livelihoods",2026-07-20,,The Manila Times,https://www.manilatimes.net/2026/07/21/news/national/groups-launch-own-sona-on-food-security-coastal-livelihoods/2387775,stage2_relevance_review,"national-scope driver, outside the CALABARZON province/city scope"
1165,18316abc21c251bdfbbf8e771c4562b6,'Protect our seas': Fisherfolk respond to Marcos' Sona,2026-07-29,,Philippine Daily Inquirer,https://newsinfo.inquirer.net/2273610/for-posting-protect-our-seas-fisherfolk-respond-to-marcos-sona,stage2_relevance_review,"national-scope driver, outside the CALABARZON province/city scope"
1166,3a1cf44da7294cb55beb17dd146451bc,"DepEd, DILG sign IRR for Early Childhood Care and Development",2026-08-06,,PTV News,https://ptvnews.ph/deped-dilg-sign-irr-for-early-childhood-care-and-development/,stage2_relevance_review,"national-scope driver, outside the CALABARZON province/city scope"
1167,4190985b62e9860134809a4695a482ef,Philippine floods: Over P1 billion in agricultural damage as monsoon hits vegetable farms,2026-08-17,,khaleejtimes.com,https://www.khaleejtimes.com/world/asia/philippine-floods-over-p1-billion-in-agricultural-damage-as-monsoon-hits-vegetable-farms,stage2_relevance_review,"national-scope driver, outside the CALABARZON province/city scope"
1169,da30b0a0a31a5c1d8cd8b1b7f374ffaf,Batangas diving town swaps trash for rice to clean up its beaches,2024-07-04,Batangas,Interaksyon,https://news.google.com/rss/articles/CBMizgFBVV95cUxQZEYyRnhkWUtwX1J6c08wYmJvMkFHR0dEN0hXZjhKUDkyak80MC1UQ3h3U0NXSVZBU0ZPY1VBd2tZXzg2M19JNTFvU0dXeGRZeUJRaEs0dVh0dnlnaVJOMktqUTVxak0tYjdUZl9obndQZzZlZExwQ3pqZmQ1aGFRZUM4RmUxUEZSYlhqcHFYMTRRb21HOVlnWEFwUUdVeDU3VzRjZUpTdnBiel9ka3ktMHN6RjNFRGFtdS0wYjhuNWZha3NUZ0FuTHRUMHRfd9IB0wFBVV95cUxPVEZtN2lTM2gyR0p5VjdRRk1lTl84enowd3NnSXk4MHFxT3I2ZUlCZFBKS1FZUHVGQ1p5NjBiZERYWnhzZWNLZE1aMnhLRHFfLWFwckhxZWxhcVF6bUhBcFVROHlvNDR1NjRCdnpvU2FrUlhPeWd4a0dvRU50TWN2ZEtyZmhyN3o1TGlZa0VlRHJhWWt4S3N5cUJzN2tySzg0ZjNvRHRrcE1MZUtnejg0MkIzZVN4Ykp4TEhwMXl0Y2cxejJvZG5DWFFsU0lnMXBVUTZB?oc=5,stage2_relevance_review,near-duplicate of the retained Batangas beach-cleanup-for-rice story
1171,08af04d452dc13f08cf39b2defb89a2d,Comelec suspends exemption to ayuda rollout it granted to Batangas LGU,2025-04-24,Batangas,Philippine Daily Inquirer,https://news.google.com/rss/articles/CBMipgFBVV95cUxPVGw2ZldYY0lUT2x6T0FydTlRQ0V3TkdOb242ZEY0LUxjMlotM1lxa0dGeC1iM0J1RkU4cDVQa2hhREJvUGZPYWlHYkU1bEtrTENlaU1LUmxjaDRtWExQWGhhXzV1Q05xaTd5S21EclI3UVBEcVR3MWthM3Z1SDZDMFZXWUxJSWEtbTZSWE5oOG45Z1NqaWVvdmNzVExWYVh3SFhabU5n?oc=5,stage2_relevance_review,election administration ruling
1172,1d7d220f920dddefd7560e1f6df597dd,Marcos: Mega’s Batangas plant to contribute in achieving 10% growth in agribiz investments,2023-03-01,Batangas,GMA Network,https://news.google.com/rss/articles/CBMi5AFBVV95cUxQN2NPelhjVV9DQmFjVndmSDJNMVFjbUF6cnF2YmlTcXZva1VRNENWUTZPZFlfcGVabmQxcUlCNHRjUkdLLU9tb013dUpZemN2WGVQUWVwQ3g4d1NBV2dPemt2bUEtNFN1SHBYLWk5S25CMHN0T0c0b2otMllmcUVyelJSMUkxME9iTXRIRS05emk3Z0JQZjZReUhtTDRkYVZOVWNvUGJxQlAxYlB3NS1KbWJmc1VuZnEyZXJwNHFDWnFwdlFVNmxhZTYwNjV0RW45eEpvenVtay0yRVU5cWpBSEJVcVrSAeoBQVVfeXFMT2gxeHhKRnBjbmJwVFpPY3FxZmlwRHFDeWJEX3VBZjZ3dFpoUDJ4QXQzb3BsdWFncWxJdFpRWjRZaXNLay1TcEQ4WWVvZFQ4VEFTQTBST05TT2JDaTR0Z2l1MDU0a08tQ0FsSE9KR1o0ZnplSU5QZjVqT2RuRFZmZ3NCVFZPMHZ6MmQ4MFFrWXlWQVdndTQzNVZYdm14YWZxT2xpTWhsdmI4bWVIQ0dlNGpOUE1FZzR0MzVwNzhkVXItMjU4Y0gySWtzZnNja1VDREFDbTVJNmZxeDVCRDRnWFl0WklIWlE4RjBR?oc=5,stage2_relevance_review,corporate investment announcement
1173,e8bff836e8acf2d25d297bd781d450c0,PBBM: Batangas mega plant an example of upscaling agri operations to benefit PH farmers and fisherfolks,2023-03-01,Batangas,Presidential Communications Office,https://news.google.com/rss/articles/CBMi0gFBVV95cUxPUFFMcHpKOWdQbEFhQk4ySnVMTnlOX29BTVBVT1dzZnY5UTBCS1dTOGVkU0phNWl2RFk5T2xHVEhJNkFHUndxVnZISXBzbXZDR3pzaGstUU9LVVBQb2ZuWUxLb3ZhendlVWNidnBmcFBMWjczdVdwYXMzR2NRUW4ybmktVmU5WEducTVRSmMyVVAxRHpNb21jc2lDVVNPOEk3aWdyNENhNUhIMmZFMGVBUUpVSVAxeTVERXl1N1RORVlXaHZVY1NZemd2MmdzTjdLMWc?oc=5,stage2_relevance_review,corporate investment announcement
1174,3d912830bd00f5b8379dd50fe2552797,"NAIC Supports Over 199,000 Farmers With N700bn Risk Cover In 2yrs",2026-03-06,Cavite,Minister,https://news.google.com/rss/articles/CBMingFBVV95cUxNcVQzaS1tS1ZVWlZ6QXZaNzV0UEVqbDdBejZyU293eVYyQVd3bkExVEZ2ZlFfcUE0QTRkOHpqVE96bktuNXdGWnVPQjNZd0JBTVNtaFNSTTQtSElmT1QxYzVOQ3EzeEZkVEFpMFotMzZSbzluSURTaTRNY2JVQkZvYmo5RWhFV0pvck9Tc1VIdUw0ZldpV3R0MUpRZklBdw?oc=5,stage2_relevance_review,"Nigerian Agricultural Insurance Corp, Naic name collision"
1176,d9304ddecb933d3c2ed9022fbcbe3672,NAIC urges farmers to embrace insurance policies to enhance their produce,2020-12-21,Cavite,vanguard news,https://news.google.com/rss/articles/CBMirwFBVV95cUxNeFU1UGc5MTFsQjNSS2ZlNHQ5RTNrTl9aejQ3TktxaHFiczlULUtyS2VsNGptTGRmR1BxTnhjT3RKVG1ZNEFUdlN3R3J5Qno3cEdldjdKbHBGaElobkNqWE5zNjJFNE5mb1BCMGJNRDI5NUZscUtwLXFEdUlneVROV2ZuekRBZEpfZ1Y0MXpxaGMxNk8xZnhndlYwRHNhbHFhbm1hUk0tTURYc25zWXVJ0gG0AUFVX3lxTE5aUFhYdmQ3bWFHUUFTWnh5bFEyZ1JabW1hTHh4T2JUQW9rVXRNQUFWMkpqRUFhbHc1WHVZZUFoYVY2b0pjRVE1QS12QUdqcEFwV3Vfc25RMHNNWjRQeFRrbTBjNl92OGljbGY3akVKMDFteERiaWxUTDVrVlUxVUFxQkEyc2lEcXJ2a2EwR3FQaEhUeEVuVzlldHBseFhlUWhqOXVOMnE5elR4bDlIdmNsU1dQUA?oc=5,stage2_relevance_review,"Nigerian Agricultural Insurance Corp, Naic name collision"
1178,028c82e6afc9b2a667b6440750217a19,NAIC reports State Farm holds largest share of private auto insurance market,2022-03-16,Cavite,repairerdrivennews.com,https://news.google.com/rss/articles/CBMiwAFBVV95cUxOQ2gzcjk3eW1ZVnRVZXlTcHRSYkRkQVJ4NUxoRE9zRkl5UnNGaTE2aVdDd0JhYTdJM3drUzN0aVJvZTkxekRwRlRZWVVJS28xUDJYTVhsdUF1N29pVldRdElsR3RMTzRCNkMxSkhZVnFKNnVMOHVSQktiSWg0eU1NWFhlLVBTNnJwUWFiM1Fpam8tWXNSWnZxU2dOSXhCQkJ3TFRiV1FFaUptcTE3WlNKTUx3X25hVHdKV001ZGRJLXg?oc=5,stage2_relevance_review,"US insurance commissioners body, Naic name collision"
1179,e6aca6dab8af5e551ca1e56c91651ff6,NAIC provides N1.01trn insurance cover to farmers,2024-06-26,Cavite,vanguard news,https://news.google.com/rss/articles/CBMijwFBVV95cUxPbzBlQW1rM1AyNW5ReFF1ZkNnQ0dCd1dtUGdsdkpqYnRBX1ZPYnRWVXg1cllIZ0FrTGxPUUpTbHZVR1ZaQnBZNnhjSDRFc19GNE5PX3dkcWNoQWFQNUdtRGpxTVhtaE9oMU1lczBDd25tdTlCQzI3VVVQNnN2X2hXQ0tWb1RKMEJwWnZiUXZVSdIBlAFBVV95cUxNWGtwbFM5U0VvRmlrVE5ONWsyYzJCS2tCaHlCdHo0R0lhdHgxTF9vZkNLVVB3MXB0c1RsV0VOMUg4TTFtQVF5S0I4T0d4X3NmV0FyWWVseGljRVdoMFpVRklFVUUxNVlBbVAxSTRqblNUWTdRQmlhT3loc1k3MzVJSjF6Q0dmb0Jwd1NGWk5Nbm1kbHhj?oc=5,stage2_relevance_review,"Nigerian Agricultural Insurance Corp, Naic name collision"
1180,62558c0e5d579ac43a7ecc30cd64f225,Philippines: DA backs investment in PH enoki mushroom facility in Cavite,2026-08-14,Cavite,vertical farm daily,https://news.google.com/rss/articles/CBMivwFBVV95cUxNakNrVU04VjAtdW9pRnU1STBWdFNBRi1NNE5MdEVtQTM3V0l2SHVha0lBSkRnMExrSXNseFp5dml0RERDRUY2NXUzbDMyV3I5RmkzRVdvbFhFcWw3T0o1RHBlLXBaQ1ZwT0ZsYkVjNldQeVFmUzYyd3lOaEdZSDlJdnVDTzhfRE9RbjZfZXdfYjJxSTJpbjFRSHpoblBIanRRc0dfR3Y4bFY3akFiZ0Z6SGhvYVpFZEdRTnhnWW96SQ?oc=5,stage2_relevance_review,corporate investment announcement
1181,be3e814b9ac3195be42dcef8470cc722,Jolo Revilla gives ayuda to Cavite scholars: ‘Mag-aral kayo nang mabuti’,2024-01-26,Cavite,politiko.com.ph,https://news.google.com/rss/articles/CBMivAFBVV95cUxNN1ZzRjF0X1ljRVVwVUl1TTAwZHRuc2E0NElJcFVYWUVSMUNmT0Jad1RyQ0ZCUTI4XzFnZkR2UVYxb2FpeWQtWkJvRFduaE1yNDRrNm9ocFFPNzNFXzRvN0Mxdmt2aUh3YkhHZ0FrM0thRGRId2R4SU5VaXFCbUVHOVFkYlhPcEhyaG5qb1g3c3JGc19feGFRaDgwU0Q3Tjg3ZXhMUjY5N180MzhGRTlINnFnYnVob21rcU5HVA?oc=5,stage2_relevance_review,"scholarship assistance, not food"
1183,78de51a8d624918ffc23e3b3a65163cd,"Cavite prov’l gov’t provides ‘ayuda’ thru ‘Arangkada Program’ to TODA, jeepney drivers",2026-05-12,Cavite,Journal News Online,https://news.google.com/rss/articles/CBMiqwFBVV95cUxOZjUzVjVmWXMzYzVneTJsR3hYc3ZENENYeXc2a0t1Y0RJX2l1MXhHaDd6QXNHLUhSZ0hYd3Fib3RSZDUyb2lZUmhpREs4TFM3QXJtTGZvV095em9RLUF5a2Z4R3BCZWFvVVc3OTA3RU9WNWJUb0xIZDhQVGN5U3VjRWx3a2FIOEpQa2hqY2IxTmp4Zl9McGRQVGFOUmY5RjltUjBUR3lrMFhpS1k?oc=5,stage2_relevance_review,"transport-sector cash aid, not food"
1184,a046bb87e9fc00b66cd936b7f6d062dd,Animal pound in Cavite found starving cats to death,2024-03-20,Cavite,Philippine Daily Inquirer,https://news.google.com/rss/articles/CBMikwFBVV95cUxQNFNUajdZMGNObUQ1Y3RtaEFTcld6QzhIWHNZMXQ3VW5IY2tiVGZGY05aTV9VRmUtSU84emFDNVIwNkJZR245YXp6b093c3kxeXVvOG9jaE02bmthelZ6eG9oZlJndm95ZzF0OFk5X095Q1lEQzNXbUxFQVdCTzJtY2pRcXZVNE9Od19VMVVfazRSRFHSAZgBQVVfeXFMUDUxd2FPbzRMblROYXg1VGZTb01WVWtNOVVWdGdIUzkxUE9sRjJPdmhmcUpQSTZRdlhRUXRWejdpeWE5eXZYNFpGd2xkOXU4TklISGFlRDVHWkFVemJVUkF4VHhRUEdsZ0xyTkNzU0haX2I4bW9GaV96NlNzb0FaSks0VXNFRG54RUVIMWJCQWRKc3YyYU9qYjI?oc=5,stage2_relevance_review,animal welfare case
1187,9a380d39835317d7ba6981edfd9acaae,DA eyes Laguna Lake rehab to slash ‘bangus’ prices to P50/kilo,2024-01-19,Laguna,Philippine Daily Inquirer,https://news.google.com/rss/articles/CBMingFBVV95cUxPTVowclZWa09MOUpEcjNPa19HckkyajBZYnI0Z3BoNGxpbl9uNEpfVnNieGhiTFlqZ0V6bUl5VlY1dno4Nm5kSHh3WjBxb2lZUXVCR05FXzZhaXdXdGJqUnY1SW9Fb3F6eWQwMV84cFVMWEFRNzdIVmF2aVZXeDZGUXlzN3NReVo3QmNtb2NZUk1BMVpBbTRmRmJSSEZNd9IBowFBVV95cUxPR3FjenhRUVpsbl9ZWHBVMWRsUldRSlNRdU9FSDg5QXRQVS0zX19UZlYxZHo1c3BPWnVEOFZZN2s2ZUppeW1BaXdxaXJ0a3lkdEpCV0NCZ2U5eXB1OU56SUNSczNRY0V1U2VzcTNvM3NFWVBIYnFXSTZ6cmdaZnVkVmpSa1V5YWRqSnhUWFlIZmJvaEdBa1VfQy1pUHlUTm1rU3pv?oc=5,stage2_relevance_review,aspirational fish price plan
1188,d62c6e0607ec76e7a92adf43c4e6c1be,TPWD assessing Laguna Madre fish kill,2021-02-26,Laguna,port isabel-south padre press,https://news.google.com/rss/articles/CBMijwFBVV95cUxNdHQya0xtTnVCNC11bkUyd3NMcFhjR0tsOTd5cUdwcGZpZUo1d1Zrb2UwVXJRNVB0cWRFQmtaeDd4ekdUVTAwUnZPcllycExEeVI3enZnWGNxaV9lSjk5NkwyV2VaV1kxNGZuMFVNTlp4ZGZ4YlIxM2x1WHo4RERHVzVjUVdQMFNXWk1fYmlqVQ?oc=5,stage2_relevance_review,"Laguna Madre, Texas, name collision"
1189,24ae03d1e3387c46474875a4a64c6a6c,Mitsubishi’s donation helps solve youth malnutrition in Laguna,2025-10-06,Laguna,united news ph,https://news.google.com/rss/articles/CBMiZ0FVX3lxTFBtc2NMdTRNMV9QeUhqOWJZMVB1VDZ2V2NSNmRqSEMwUDZuNDdfdFJEOHJxM2VkMEN5ZEwyMlU4N2F6ZW16M2Q4SS1yMk5PcTZtOW80RlNvTXlPSTJEUDJLQV80R2VVRkk?oc=5,stage2_relevance_review,"corporate CSR donation, weak source"
1190,9ab924552a96862fbf5846c0041d50e2,Farm To Table: Chef JR Royol visits The Good Food Farm in Laguna! | Full Episode,2022-05-09,Laguna,GMA Network,https://news.google.com/rss/articles/CBMi4AFBVV95cUxOOEpTQzVER0hvaHhlM21jcEtvNzRIenBUNHpITnM4b2V3dGFVX3ZnZjBrYkF6RTNUQmtOZk8tVGJtcFFOY2UwRjRVQUpHa0luYi1WSkprY1R3MF8zODRPcVR6R19uWDhSWHJFQWNMMHR1LTgtOG5ubWR5QTZEWG12bmM3WWpmQ0lVQmRlUU1NTTdFVDlLYkhsVXNqYkc1ald5N2tfU1lmb1BwZjFVWjR6TFpiTy1xWHdwRE4zNkkyaUtMTXljSkJLVU82ZTIzcE9KUFIzblNpTXdvb040SUExVQ?oc=5,stage2_relevance_review,"cooking programme, food culture"
1191,470f056a0425d88079d0c2aa395326bf,"Laguna Food Pantry, volunteers meet the moment for those facing food insecurity",2023-06-17,Laguna,los angeles times,https://news.google.com/rss/articles/CBMi2gFBVV95cUxQZGVEY0k2ckJuTWJMek5CbC1xSkkyTE4xQU1OcG9ENFZqQTJBLWZJaUtmOE9VdFpJWFpncDFfaUZKc1Y5dWF1TGoxUnR2VVVmcnRRQ0ZpU2I4SWYxc2E5QlhXT0JaR0U5ZThqcG9XMlk5WWQxa0ZaZzVvVDdXYmpIVVB4RW1MSHNPcDNReDF6a2Z3d0lOeklwcm55X0h6eWl2aEp4blB2NU5ySVp5V0gyc3FrdE5kSGlac3BudWpNQ3RiQk1hTVNBazVPakIwQmtLWnFURDBEanlQdw?oc=5,stage2_relevance_review,"Laguna Beach, California, name collision"
1192,fde862bb82c576c0048592bdaea28055,Laguna Food Pantry Meets Increased Food Insecurity with Joy,2021-06-06,Laguna,patch,https://news.google.com/rss/articles/CBMimwFBVV95cUxQX0RzUWpHQ242MXROVEFWWUVGUWlJWjNENXhtazFNeThWMF9QN3dVSW5PcXdWdlNtdUl0YXMzTVNyTEF0VUxJM29GaTJidEZtc3dQaGNpb1lOeXhlSnlWWXlTWktCU3lnVDR0LWdwSnpSVFVpdE5aNmdqbHNvb25HdWJmTzNMOVM1N1lnYjNteno0OEprMEVvUVBaYw?oc=5,stage2_relevance_review,"Laguna Beach, California, name collision"
1193,9e15cb382ac954988070bfc85f014465,DA starts rollout of P20-per-kilo rice in Laguna,2025-05-18,Laguna,OpinYon News,https://news.google.com/rss/articles/CBMigwFBVV95cUxPN3VaZ0dmMDFwTEpiZ2hiQU5VRVZDWTNvblpPOU9oQ1lnc2JhMnpKejViS1JVMU1QTEVCbDJmZkh2Vjk1aE9Remk1N2JDT3ZpaDM4eXRLc2I0RjlGdEswUjEwU0FIYV9qNnNoLTQ4S21mNHhCZUgtZlpXTkliSldRdHhuNA?oc=5,stage2_relevance_review,near-duplicate of the retained Laguna P20 rice rollout
1194,bb9969ced99a7a279093b965c1eb720b,Organic farming in Laguna: Cultivating a sustainable future,2023-02-02,Laguna,Manila Bulletin,https://news.google.com/rss/articles/CBMijgFBVV95cUxONHpTN0xPVnVXclphUXdyLUNBcUJma3JCMFZYdWZVSENuVUJqRHRpUDU2QXFYZy1vNlNmTHRsLVpUeTNoOXI0TjJ0WERLRHpvQ2pNMTdMem01MkNOOTZZWVhPTUhBRmZIc3prMnR5Y2JrQTZKZlJyZ2d6aEF5SnBvRU52M1BrX1RIVm9HZUdB?oc=5,stage2_relevance_review,organic farming feature
1195,4ac42d99507ae91ad60d6853c2c9060e,Cold weather triggers fish kill along Laguna Madre,2026-02-05,Laguna,port isabel-south padre press,https://news.google.com/rss/articles/CBMioAFBVV95cUxNM091UkZBSWFLTnJpNWdsU2hEXzJONXJxZkdvOGRRLW9mRWVxMksxekFHdERva1VqbGdIWlM1Qk5GLU1yTDFPOUJveXlNeU1NMG90ZFZ0LUlzUm96NF9LUmp5SmhsUjZSUk9ORWQwRHJIMVNMbEhpeG5DQ1hLaHNUREpYVUpHMzdqcG9YZmJhcTJ5Y0FzVm1LVEJ5bDAwTS1J?oc=5,stage2_relevance_review,"Laguna Madre, Texas, name collision"
1196,86a6310b817190c7ee2eab80b8372d44,Ilang taga-Laguna dumaraing para sa ECQ ayuda,2024-11-21,Laguna,ABS-CBN News,https://news.google.com/rss/articles/CBMiiwFBVV95cUxPMURsYlRtZnppQnNxc2swenJKbDlXb2RTempYM3VtSTFMSnZybFhLSTE2Wmt0TnRsS0dZNFBXTU9GWDdfcXNSdUVGaElWdnY3UjNLQ2dhZWtfY1Rrb1JGYkU0d2c1YUtSeVhoV1l4YnUxSzJXeHZtTG1rTnlvcmZtY2pBODRaemREWURj?oc=5,stage2_relevance_review,unverifiable date: ECQ-era content carrying a 2024 feed stamp
1199,793855043c8f4239ec4c13f30ae0abc9,Food fans satisfy their hunger at the Taste of Laguna,2024-10-09,Laguna,los angeles times,https://news.google.com/rss/articles/CBMiuAFBVV95cUxNM1VKVkxYLWNPVFhybUdIcmpQNHNUVXdWZE1Yc1lXS1Bjb19FYVhRM3BMWjE3TUcybkJpRGVwTkNGWU5GV282OXQxZEx1QVlBOThJNVhRRVNMQW1WQkpNd1hWa0E0a01hVE80RDJkOUtMX2tqRDktRGFuRmF3eFJfQzQzWm5lbG1XWlJNeW54UGVkZzQwWElpakh0ODZ5QUVwZ3kwOG5ycnVMcVpaU1YzU1did0tTUVA1?oc=5,stage2_relevance_review,"Laguna Beach, California food festival, name collision"
1200,077b1b3ffc4f9ef29e3db9de7e508c33,Gov. Hernandez: Laguna gets P2.7-B ECQ 'ayuda',2021-08-18,Laguna,OpinYon News,https://news.google.com/rss/articles/CBMieEFVX3lxTE02eElzWUU3cXAxU19uY05SZVo0M2h6RURwdEhYdk1xNGVtUS0yaTZ4bXN5WjNNa05Qc1hqcVBiM2NqSndwLWt1S0VHeUVlRmpNSk5RZmVTU0x4OHNFMnRHNXlPMHJvLW9DQ2gzcWVsNDVQOXNINXdCUw?oc=5,stage2_relevance_review,near-duplicate of the retained Laguna P2.7B ECQ ayuda story
1201,7a3dfd3e2d16132bffcbeb25f6ff0cb9,Other Government Releases - 244 Laguna farmers now landowners,2024-06-26,Laguna,Presidential Communications Office,https://news.google.com/rss/articles/CBMid0FVX3lxTE02aUNSbHJMa2tWYmRfRmJnY0hBaUJXMnRRV0tOTzJ0MW1LTFhxeEEwclZNLXEzY0IxTkNTSGZrUG1RdUtrS0xFdl9nWk9ZMW9RYTlCcW1KaW1LcjRsYUpSNGR4dU40OF9xWk9lX1NYSTBVS05jUk1B?oc=5,stage2_relevance_review,"land title awards, no insecurity condition"
1204,2ce4d42c5956bfcfb9ccc8f699e5750d,"Tricycle drivers, fish vendors in Rizal affected by fuel price hike receive aid from GMA Kapuso Foundation",2026-04-10,Rizal,GMA Network,https://news.google.com/rss/articles/CBMi0wFBVV95cUxOQjhGcXB5b184bFVvdzE4TXFHTXRfaldwU2lqOV9lT3RULXJIZ2ZIOW5yTE1VTVRjdDd3LVdLOUozVmMzSnM0bERGcnVXblZydUhVSFpGaE9ZT094UDUzWFZCVnkwZTVpRmVOVVlpVkFfS2RoWXFabVFOaEVTQjh4dU9ncUZZXzlxYUhlcGprbm5JNUhzLVd5VEZacjFKQ2xBRG9SYzBVVHZadm1qSl9FWU9IUFJxRjhtMzVhZlc2akN1NkRST3NwT3lOak9YZHlhNGRZ0gHYAUFVX3lxTE5JMUtNcy1vbW5jSFRXMnRPQ0E3X00zdkdGd1BRVkVUaWt2RWdtWWs4a3RkU3N4czNQWUtlYWdZbEktLURGUW5XOVdUUHpoVlNpcENCTDhQcldKa3ZJbjQ5SzN6NE5majVfV3NITlVUM0tCbmFDRVk4ejJSS1YyeXVoLW45UjYxaFFPNVlwaFlYUGVDQWJha055RHJ2XzQ4ekJ2TE5zX00xZG4yU0JRc2JZcVdubXFZajlmaUdEbHJpQU9SaHItemxISWUtSVJFZ1lMZFc4Mkp3VA?oc=5,stage2_relevance_review,near-duplicate of the retained Rizal fuel-price aid story
1205,f33523f7cd0a0aa0a05434d4d6ee8c5f,Solar irrigation project to boost farm productivity in Rizal,2021-09-20,Rizal,Philippine News Agency,https://news.google.com/rss/articles/CBMiUEFVX3lxTFBlMmNjaldndUhfcHhxc1MxX0FiYmFlMjl0aDVfRkxCdHF0SDRZMnVTYjg1Mm40YldBaEtwZTQ4WEUyU3Y2RFQySUE5UGtneHB6?oc=5,stage2_relevance_review,irrigation capacity building
1206,2faf3bc947cf5ddc7d16069a88e56a4c,"A year after SONA 2025: Improvements made, but education challenges persist",2026-07-24,,GMA Network,https://www.gmanetwork.com/news/topstories/nation/995887/sona-2025-education-challenges/story/,stage2_relevance_review,"national-scope driver, outside the CALABARZON province/city scope"
1207,0677eb0b12c0043050e4d682f7aa0d20,Legarda: 5th Sona must bridge growth and Filipino lives,2026-07-25,,Philippine Daily Inquirer,https://newsinfo.inquirer.net/2270397/legarda-5th-sona-must-bridge-growth-and-filipino-lives,stage2_relevance_review,"national-scope driver, outside the CALABARZON province/city scope"
1208,8c6b23f4a7a4b2bf6a566fffee38c276,Marcos enters final stretch; 5th SONA to set final agenda for next two years,2026-07-26,,BusinessWorld,https://bworldonline.com/the-nation/2026/07/26/765950/marcos-enters-final-stretch-5th-sona-to-set-final-agenda-for-next-two-years/,stage2_relevance_review,"national-scope driver, outside the CALABARZON province/city scope"
1209,d2ea600c8a51c599c37b7e08b9268d8f,"DSWD Strengthens Marcos Administration's Fight Vs Hunger Through Walang Gutom Program, Soup Kitchens",2026-07-27,,Journal News Online,https://journal.com.ph/dswd-strengthens-marcos-administrations-fight-vs-hunger-through-walang-gutom-program-soup-kitchens/,stage2_relevance_review,"national-scope driver, outside the CALABARZON province/city scope"
1210,19464fa7e0eafecfbc7d49fdeb83e6b8,SONA 2026: A guide for kids,2026-07-27,,GMA Network,https://www.gmanetwork.com/news/lifestyle/content/996318/sona-2026-a-guide-for-kids/story/,stage2_relevance_review,"national-scope driver, outside the CALABARZON province/city scope"
1211,26d2decd17dd1c059dddd803e5a23bcd,Unemployment seen rising to over 5% as economy faces mounting headwinds,2026-08-11,,Manila Bulletin,https://mb.com.ph//2026/08/11/unemployment-seen-rising-to-over-5-as-economy-faces-mounting-headwinds,stage2_relevance_review,"national-scope driver, outside the CALABARZON province/city scope"
1212,85bba0a00b7616ac33051022f8aa97d9,Groups urge court to restore wage hike,2026-08-19,,The Manila Times,https://www.manilatimes.net/2026/08/20/news/national/groups-urge-court-to-restore-wage-hike/2408629,stage2_relevance_review,"national-scope driver, outside the CALABARZON province/city scope"
1213,20dc9333cfb541e9bd6d722d80ad98cf,"Gatchalian vows to carry on DSWD's fight vs. hunger, poverty",2023-02-03,,Philippine News Agency,https://news.google.com/rss/articles/CBMiUEFVX3lxTFB1RGFWdVItcU1XSmpBaThiNkZqM1ZpbjlOS2x5MWZRZVF2N1VzTS1BckhBQUJiMGdfR0lJelkxU2NUblpKdTV4U0hZSXhBaHZw?oc=5,stage2_relevance_review,"national-scope driver, outside the CALABARZON province/city scope"
1214,cbd5126d6df00a7d50f553a5b33ee0e6,"PBBM: Gov’t taking steps to lower food prices, boost food production",2025-04-04,,Philippine News Agency,https://news.google.com/rss/articles/CBMiUEFVX3lxTFBtOWZZQXFrQ0pqVVZKM1dIRFpuU3FMMEV3NnZDeUlIblJ6OTlBRDhKWmlTYndRWW1FczVmek9DT2loQWdBREh6Nl9FTENaSDBB?oc=5,stage2_relevance_review,"national-scope driver, outside the CALABARZON province/city scope"
1215,8945ed0de0125259d197198cc2a6bf49,June inflation at 1.4% as gov't measures help ease food prices,2025-07-04,,Philippine News Agency,https://news.google.com/rss/articles/CBMiUEFVX3lxTE5XMWR5eEhiV3lBN3dfMGgxM1VaUTNqRG91N3BIVFJGZ2FqMVV2Mms1amx4RDU0R1RET2pSX1plcllRcmxjN1JtNmlseXM3MXMw?oc=5,stage2_relevance_review,"national-scope driver, outside the CALABARZON province/city scope"
1216,d1c0074a375df67ad0cdf8c69d66b7d7,DA tightens watch over food prices amid inflation pressures,2026-03-06,,Philippine News Agency,https://news.google.com/rss/articles/CBMiXkFVX3lxTE5aNUp5dlJoU0piQ0ZDcGdjWmIwSFBQZnN6UzJGcV9FV0ZUWlRzcm1Fb2w5cm5FSnE1cFVMUUNPR2NCTE5jZ1Q4NnhYMWtUYXRpVmhCNzBZMnYwWERGWWc?oc=5,stage2_relevance_review,"national-scope driver, outside the CALABARZON province/city scope"
1217,042a660a9ad81d48a26b35667bfc0309,"Marcos: Food supply enough, prices won't move",2026-03-20,,Manila Bulletin,https://news.google.com/rss/articles/CBMie0FVX3lxTFBRUno1MTZueVpCM210VzE4RlpRa0hyV19USGxsYlo1WDdTaUlEUjRraExzcjVhZEx4TmVUVGthblhES2dnaS1ZNWtRaE1jUWRkY29uaF9uQTEyTDFWV0F1YTlGQ25aN25haS1JMGI4MVpwOU5iOFg4NzgxOA?oc=5,stage2_relevance_review,"national-scope driver, outside the CALABARZON province/city scope"
1218,58473759912644e664a0c2c477baf6ce,House panel to probe rising food prices Feb. 2,2026-02-02,,Philippine News Agency,https://news.google.com/rss/articles/CBMiUEFVX3lxTFBDdlBTXzNua28wX05QYmd1aUFjaFVVQTY2Nm9JYUhzNFVkMWg4dVhXTjFkVXZGcEp3NjFmTjJvdmc1SkZEdmRKVVd1YjBXbDNo?oc=5,stage2_relevance_review,"national-scope driver, outside the CALABARZON province/city scope"
1219,86a42fae868106ea9443a2907c2963a9,Senator files resolution seeking Senate probe of spiraling food prices,2025-07-14,,BusinessWorld,https://news.google.com/rss/articles/CBMiwwFBVV95cUxOX1FOWDZxTmh2SHN4Z2ZFRkdXLUdPVGVMZ3RHdlF4Zmt2d3dUVVZFSEZPOEswVEJsZ2JGUExERWt5aHpvdG1vNEY3cVlEMGdJenpEM3NjQnpZWDMwakhaZmtVRWllWFpEM3VCa2VkMjRHLWIxQ3gzOVlVSGU1TVZDT3Y3cy0yaFZkTE5TdVRQMDRFUmtvQXhEajhZSDdFdGRwcTdqdDZET1h0WGQtWkhxREVhWGJ5dHZ6aVljYlZGZk0tVmc?oc=5,stage2_relevance_review,"national-scope driver, outside the CALABARZON province/city scope"
1220,fe4e5dac66b1a62738a9834f3ae1449f,"Agri damage hits P1B amid ‘habagat’; 30K farmers, fishers affected",2026-08-17,,Philippine News Agency,https://news.google.com/rss/articles/CBMiUEFVX3lxTE10S3Zjem03ZzBpdDFnUmx0dUM4Tm9wcHZlYVItTmtFSkVkTXd2a0hXcFZuVEN1LTc1SXJyNUhWNHlVLVZ3cEJjN2ZjZ2ZGVkVY?oc=5,stage2_relevance_review,"national-scope driver, outside the CALABARZON province/city scope"
1221,e31cb4c8cfc518c53524c36eec4a69be,"Food, accommodation prices drive September inflation rates in CALABARZON",2025-10-20,,Philippine Information Agency,https://news.google.com/rss/articles/CBMinAFBVV95cUxPYzZoZ21xTzloNEFRZW9yRnlGSDBaNkwtdHpmcFJWcF82UW9oQ1pzcDltYzlRTkRkU2VsVU84aUJIc0h0WXQ5RWJKRExsWTJlSF92MU5ZemJuTF9Vc2hWdk1MNk8ybUllU1A1V00xYUxtV3p4RDNYcEg2UDRCLWpsaTdvQ2tOWVN0aWQ0ZVhwQ3FvczI2UWVqLWYwdnk?oc=5,stage2_relevance_review,"national-scope driver, outside the CALABARZON province/city scope"
1222,7281c555bd11c508e0ec4e55ac6c1307,Rice price ceilings take effect Sept. 5: Palace,2023-09-02,,Philippine News Agency,https://news.google.com/rss/articles/CBMiUEFVX3lxTE11bTBVc0JuVlpPd0FqTVFMNUtLQUZhaTRZTjNCWFllZ1FxV09ua1lFcjhwblZUbUhFcmc2Z29xZXAxMS1VV0JqSTdFam5OX2Iy?oc=5,stage2_relevance_review,"national-scope driver, outside the CALABARZON province/city scope"
1223,b6d6698a6fdfac161f92ab6a00c875bb,1st batch of rice retailers from 3 cities receive gov't cash aid,2023-09-09,,Philippine News Agency,https://news.google.com/rss/articles/CBMiUEFVX3lxTFBGbGswazJteWpIWkJHQ0c0UzBPdzBScy1pejI0Y2ZXemc5M0VIR190QkpqOGZyX2xtMEhzUGJheV9BaEptWWUxVXpfZ1poTmpq?oc=5,stage2_relevance_review,"national-scope driver, outside the CALABARZON province/city scope"
1224,5c9f15f1863ffb8d0035985fc32f8602,"Gov’t on tight watch over food prices, power supply amid El Niño",2024-02-17,,Philippine News Agency,https://news.google.com/rss/articles/CBMiUEFVX3lxTFB2aXVMeVFCRkE2WVJ5NHRCLURTWi1FdmFPMUxabGRoSWRqUWt1eS1tR0lJUW5OM0hxR2JZWEEyX0VpbVByNUpUMUpvRm9Sd25H?oc=5,stage2_relevance_review,"national-scope driver, outside the CALABARZON province/city scope"
1225,e784b9f0bd40dd63858450da48dd6fa7,"Food prices frozen: Marcos promises 60-day relief, but what happens after?",2026-03-21,,diskurso.ph,https://news.google.com/rss/articles/CBMisAFBVV95cUxOTV9TcTZobFJrbzQ0ajdDNmxabzFBSVQ5czVscllXWU1aM2xmaHhxR0dmeWo4cmZrVmF0WXlYRS01dXctTHcxaDAwemh4ODJrOEtMck94Y3l1MHlmRWJndXJLM3M5ZkxUdF90cDZJWEtPUE1YSGEyT0c5MVRoMFdaY09hZ0xDa1B3VkwxbzNaaWNIc2pRLVNoVGVjdWFTX0VLSWMtN0xxM20xVE82akxpNg?oc=5,stage2_relevance_review,"national-scope driver, outside the CALABARZON province/city scope"
1226,aa08fd2a9c8d851ebb435af9f221fb60,"'Ituloy lang natin': Luistro sees need to sustain Marcos admin's anti-hunger, poverty efforts",2026-01-24,,Manila Bulletin,https://news.google.com/rss/articles/CBMiuAFBVV95cUxNOUVwa3VrR1o1VVc1Q0VaOU8tdkZIUFBwYVd5MHBkRTNMSURiSklqUnRKUnVzNW1uUlRNS3AxYkNoNmtGbTZHeG1qUEtyMU14UHAtV24yWDNoMzVxN19NbHNWOGtnaVB6M19IMWh5Ri1IczM0M196VFhaa0pKTnk1ZEgxLTV2QVBsTjFFMmJtTEpvT3Z4TGVKTTF5N29aX2NBWG9hQmtwb0xaMktiSW41RDByM1ZVajct?oc=5,stage2_relevance_review,"national-scope driver, outside the CALABARZON province/city scope"
1228,4c77b4279de6d8b1bd42880fc5a3feac,DA: Tighter measures needed to sustain stable food prices,2026-02-05,,Philippine News Agency,https://news.google.com/rss/articles/CBMiUEFVX3lxTE9wbkpua3B2OWEydkVqUmt1MjljYjlrSWJtSEU0Ty1IVlJZWERYTkwwbmwwZWVobmE3Nl9SYTZqcmk4azExR3hJeWNReXpXczRS?oc=5,stage2_relevance_review,"national-scope driver, outside the CALABARZON province/city scope"
1229,7dc826c2f9ded2f6887c082b3a3c43dd,"Marcos lifts rice price cap, says supply boosters in place",2023-10-05,,Philippine Daily Inquirer,https://news.google.com/rss/articles/CBMinAFBVV95cUxOblF5dGJtR2VjN3dDMXd0SjZzT1IwWUtUZnpmaktjSFJNRGE1ZWNLVHRydEJTdHFFbXg1Yl9CWnI4aEpvbzZ3NFRiVzIwNUJWVTAyOXFpOFJnUm9mVlZHTDJlLV80MmVyNlA0NV9nNjVDek9aWEVUeFBTbW4tMWk5enF6QjktY09UdEs5YVRKS0w2WG11YzVlZTFmVFLSAaABQVVfeXFMUHFaWFlNRGZzYUMyWkZXbFJRQ0RralBDdmhPeEhnOUVybktUU05na2hOejhhN2ZyWmpaUWN4VE1yY1l6TE9tUDRGaEZ0d01XeTRYM19JaU9RRFdjU3RldU5kTWJfanhUTTFTNlVfdjFWSldhUlJFQ1VXRTRvckg2YTJYNnRmX0xqN09ISzh3SlUxWXlKRk90aWN6LXgzb0FBRQ?oc=5,stage2_relevance_review,"national-scope driver, outside the CALABARZON province/city scope"
1230,84f511200a2b90fe4d7740413a416311,DA sees ‘P20/kg rice program’ to further tame rice inflation,2025-05-08,,Philippine News Agency,https://news.google.com/rss/articles/CBMiUEFVX3lxTFBuQlYxNVRtMXpvREcydTVaUDY4bGZwV1Zpc2xHYU00UkNlYWtTSTNjclJJR2dmNFd6aXZZOHFnSGdYYlJYM2tISWdrYy1nYjJa?oc=5,stage2_relevance_review,"national-scope driver, outside the CALABARZON province/city scope"
1232,f6eed4e04091c7ba09bf64f4acb84fc3,"PSA: Rice prices to dip despite typhoons, but veggies may climb",2025-07-24,,Manila Bulletin,https://news.google.com/rss/articles/CBMilAFBVV95cUxPY2g2X0JINEU4VzQ1M3lrU2xEMGNiZzhmUWtkclNMRVQwT05DSDE2a2RDd2E1blNFQUpBTGYxdEdPVENFS05oNHZQbEJxSVhmQ1JKQzA2Zl9wX0UyQnpHdzlITnVHakZobGlpM2hKMWJVRUs2dXJkckc0M29pZXBNaGI5VVFaN05wMkVFNGU5cE01UzNS?oc=5,stage2_relevance_review,"national-scope driver, outside the CALABARZON province/city scope"
1233,ca13886c2b2ed7ab57837454d05dfbce,"DA, DILG urged to deploy more Kadiwa rolling stores amid rising food prices",2021-01-28,,GMA Network,https://news.google.com/rss/articles/CBMi1AFBVV95cUxQYXdSVk9NSVJBUHFJN244UXhXbF9ta0pMeTVtbmFfZFpZcEFRTXUwZGhaMjQ4b1NkQ2xWLUNFVTRiYU9vc01mT2U4RzctMW1qVzE3YU5DYWhaNFNUNEVRMDJDc0kyVFlYSjg4cERUMjJVekJXSmhPRHFxZWVWWktzRkVUSEtkUnZsc0RaeFhnNlVXMlVwc1B5QWdBNHdhV2Q4RkJrTG9GTVNZazZ0TmtDNFM0clI3S1laN3dWX3FlQW1vcE5oamdjYloyd1NzMlNXZGV5MNIB2gFBVV95cUxNWnlnTHYwU2lXUW9MczVsSUgwbWlLRjZ2ZlhaUDBEakQzMmx4bGZ6amhES3ptUm8xQ1ZSRDVKNmRYSjlvUHMwMjdyVzJlTlJXN2Y3VmE2VEhuSHRSWUpaUHRFME1IZnNqMmwyVWdNcXFmOFJ3Z0tCLU9yY1hCbEtRTVpkN2xvWGpmdmdLSWZVXzdJY1JuSXBJZnM0NWZyYnJiTWJSQ3dldGhJV3hnWkFVVGdXeE5tUXBQQzA5MmE0ay1JVlc0VTJSMlphUjdzLWNpdXAwMVZhVldBdw?oc=5,stage2_relevance_review,"national-scope driver, outside the CALABARZON province/city scope"
1234,956a995bb53e9e1c8627e68fdecfab38,Government to discuss lifting of rice price caps,2023-09-28,,PhilStar,https://news.google.com/rss/articles/CBMinAFBVV95cUxQQnk3YU0xZDQzc0d6ZEgwOVpNYnBBaXNyTXl1OU40UHFncGhVWHRPSkxxRWNFVE9vbGhTanFGcVRNYlhIRWNab3ZaOGRFeVFfXzNCT1k5MFBMbU9UWXd0WkVUOEFTQldsVlZYMnlISUsyRGFLS2NnenhzaUo2MEZGMFA2djdzNXp5ZTNUNk0wNzJvLWlEeXFwdWl3RHTSAaMBQVVfeXFMT3cwS0lsUnEwMnhXZkxwRi05aWZHSHZldG11YVlaLUFnQ2lidk9ub0ZaMy1WR3ZiZi1TbUhXTWtfTGJuTVNLQk5LUmdpZl9LLVltb19QVVI4WVdUM09kaGhvMWJWeXRacEpoMF8tMTMzTzlOUWJ3NWpCSEhTMF91Z0N3N3lEV2pyelZ5Vk94S1Q4SnBOaVZzcWIwS0kxNS1RUEt0cw?oc=5,stage2_relevance_review,"national-scope driver, outside the CALABARZON province/city scope"
1235,2eb1b6519f2b9718d6f726c0cfa44d31,Recto: Agri-trucks toll fee hike exemption to cut food inflation,2024-05-30,,Philippine News Agency,https://news.google.com/rss/articles/CBMiUEFVX3lxTE5jRWRKZkNvN0pvNWlmZzZqLU5FUGJPX3g1R2FRb2lnLXpCeFFpZnRpakp0QzZTb0x0NlVuT0RhVjhDZk42dUJIUXRveW1YaEx3?oc=5,stage2_relevance_review,"national-scope driver, outside the CALABARZON province/city scope"
1237,915a5a2a49563347638ec29999289baa,House continues pursuing measures to reduce food prices,2025-08-05,,Philippine News Agency,https://news.google.com/rss/articles/CBMiUEFVX3lxTE1HWlg1OXVvQll4SkJudWdqcWFTMG1ad1luT3M1blJXNDJqQzFKYlM3eERheDEycW0wUnQtaTB1Rzh2VVVjVU5CUElDT2tMMkhN?oc=5,stage2_relevance_review,"national-scope driver, outside the CALABARZON province/city scope"
1238,241c93431b9bed3c8e8b3ecba6335932,Rice Price Ceiling Sign,2023-09-05,,Philippine News Agency,https://news.google.com/rss/articles/CBMiS0FVX3lxTE5xblJPY3hDaHpjWGFMdHRtYjFjcWFsSW1qbE4wcV9VSFR0dzJDeE5PdFAxRUdkczBLd0tNUy1hajRrd0RCcjhtLTdSNA?oc=5,stage2_relevance_review,"national-scope driver, outside the CALABARZON province/city scope"
1239,3490b971c2799e710181a3b218474e20,Philippine rice inflation hits highest level since,2024-02-06,,nikkei asia,https://news.google.com/rss/articles/CBMingFBVV95cUxPUS1BQVJzWXdiUGVQTUVneDZ4X00wNi1ucl9aZVpIbGlWSEN4R0RkX0dSR0RjejVjbEFfYlZkVXlLVmNhcVVHNVAxWHlMTS16aVYtREpoX3ZCNWxhVTZISkFCUWg4VVF1ejBjdGM2LTZabzM4UGQ2MTFpZ1JEaDJWOTdSZlk4TkRVcThVUnBUcFhHMDZuWEJFdUUtMkdodw?oc=5,stage2_relevance_review,"national-scope driver, outside the CALABARZON province/city scope"
1240,7ce42484705d3dbcae1b27f0182a8e08,RICE PRICE HIKE,2023-04-11,,Philippine News Agency,https://news.google.com/rss/articles/CBMiS0FVX3lxTFBlNlViZjdqaW5rZ1FMWmdWanctNHlrbjkxNHJNYmp0YkEza3ZtSy1wLUJtbnh3R1N2YXp6TmpQLU5uNU9vdXRZQld2Zw?oc=5,stage2_relevance_review,"national-scope driver, outside the CALABARZON province/city scope"
1241,1cae45eed2418544af1677b195706aa8,P20 kilo rice? Marcos promise weighed vs inflation as SONA nears,2024-07-16,,ABS-CBN News,https://news.google.com/rss/articles/CBMisAFBVV95cUxOcWY2Ry1NUmlfLVVyRnpiRlRhcV91QXJwNlBreDA1ZkNpTXlGemFBYVpBSjJLNXFDV3F4VWdnd3hfOEtBQUVFNzhsd0Q1Q1FmR2QzR3pMa2N6cDBCX01CQW55VTF5a25kampNeS1OMDE1bC1FU0xsRENKQnNqM2VhMnJPV1BFcG5OM1E5cnpFQU5IZkpHYm1GZDdmb1Vmal9BS1hWOXBtazk2ZkloTG1tTQ?oc=5,stage2_relevance_review,"national-scope driver, outside the CALABARZON province/city scope"
1242,24ff6e807ecf5a78cf5fb9b1e376d189,Marcos’ claim that cap stabilized rice prices has NO BASIS,2023-10-17,,vera files,https://news.google.com/rss/articles/CBMirwFBVV95cUxNcUQ1ZlMwbm9pb2thbXQ0VUxkeGd1YzZWbVdHQ0R2VnFrbzNhNVNRT2VNQ2hrN25QTlRXSEN0ZlZfa2ROT1Z0ekpTdHpHME9vTW9Hdm9zZVNsV09YQnpzNjR4NS1JeUgwODd2VHVRSl9YdllmOGlHWEJUYWMtU0hZLTZFd0ZlWnM1TjZLRmV0WUVCcWNhMWlXTUlKTHFMTXc2emlfSVRVbE5uVzBxNGQ0?oc=5,stage2_relevance_review,"national-scope driver, outside the CALABARZON province/city scope"
1243,2f6ee325f62d7294761365b37a94439b,Marcos optimistic about achieving P20 per kilo rice price,2023-09-19,,PhilStar,https://news.google.com/rss/articles/CBMiqwFBVV95cUxPZWxzLWhvX0JZZnloVk12Z2QzZWZCOEhJRmFLLTNCQWZmNDMtcUMzWVZCRXg0Wnc1amVPQS1BOU1JeTFLT3hwamUyM3VqTjNDNEtKckdwdzRmb2s4YW9vcTNYRmVCdjF5ZEY5TXdkbVNTQ082amhZdGs2RU9teXJVbXJzYWRBemVGQjJDRGhjdlJVVGl3cW9YRzNrQlpmTWhpLTVxNDg3dDhoV2c?oc=5,stage2_relevance_review,"national-scope driver, outside the CALABARZON province/city scope"
1244,422f6d1bec1f3d3b04882224c712a8a5,"CALAX completion to help lower food prices, Palace says",2025-03-25,,Philippine News Agency,https://news.google.com/rss/articles/CBMiUEFVX3lxTE9KR0JLNXY3dDR6cGM3aFkzejBVMlpBSlk3QTZld3l2UUZseG5KcGxTcXhQak1OMmtkLWw3QUs3Z1NKQ204TUNIREJzem5Jd2o0?oc=5,stage2_relevance_review,"national-scope driver, outside the CALABARZON province/city scope"
1245,4626e0390d6a378798f0dc3085ded259,Marcos lifts rice price cap imposed to curb inflation,2023-10-04,,Interaksyon,https://news.google.com/rss/articles/CBMivgFBVV95cUxNNFZKTzl3ZEdwLS1oZzVCcEgtQ2htallPQkoxUThua3diNlpTVm14SWl1bEpYVVBRdXFpdTFmUU8takljS3VUbU1hcTN0d2JJQ2F2QVRrX2Nnc0dZWXFETGlYeDE5d2VHWm1IeDN0RDhTNUo1U2lrQnBPbXhaOC1XTmxEYXVPaUJiVHpiT0pvVEl0dzhkMmFHLUJucGl5ZGR6QkFESXR3Zko0RHhrX2VDTDhDN0llRDNubC1ZTWlR?oc=5,stage2_relevance_review,"national-scope driver, outside the CALABARZON province/city scope"
1246,c0e62b152c1ac5f5d4988a29ea6e6c44,Reduced rice prices necessary to achieve inflation target,2023-09-06,,Philippine News Agency,https://news.google.com/rss/articles/CBMiUEFVX3lxTE9TTEZ0Zkh2TW9MV3VVc0hidlJ1ZUFzdWZLSllscEFKc056a25qT3VmSy1idW1CS2RvNXdyM1pleldVSUNOczRneEp3TkNWNU8t?oc=5,stage2_relevance_review,"national-scope driver, outside the CALABARZON province/city scope"
1247,8d5d85f114112b506149c75087d8bb42,NBI ordered to name individuals behind rice price manipulation,2024-12-11,,Philippine News Agency,https://news.google.com/rss/articles/CBMiUEFVX3lxTFBwSjRvWXVkSEhncXFFRVFiQTFoUDBKcjN6ekpLRnJPUWxRTkNYbU5yWmJtbHhDMU02ODlfTXlJd1RDV1RWNnV2dVlia1FRb1FF?oc=5,stage2_relevance_review,"national-scope driver, outside the CALABARZON province/city scope"
1248,ef8f0880929f7b88225474990d71c9e2,Economist: Rice tariff cut to ease inflation,2024-06-12,,Philippine News Agency,https://news.google.com/rss/articles/CBMiUEFVX3lxTFBXNV9HOVhyM0RqMm01Qll1SjcyQTF6ak9BZmtoRWNyaGlUZmQyWTVFT3lXcDRDZmowYXB4d2lQLXUxQ1FNS2pVanNPS2t6RUVo?oc=5,stage2_relevance_review,"national-scope driver, outside the CALABARZON province/city scope"
1249,cc9a4e947dab5bf1beec0acec9c209af,Lowering price of rice to P20 a kilogram ‘difficult’,2023-08-23,,Philippine Daily Inquirer,https://news.google.com/rss/articles/CBMingFBVV95cUxOSG9teHdDQ0hMUU1kcHJ6UlV4eldEX3p4NEN2c21KbnMxSWliVFBEVnU1cGJmblozVHZBd3FUMktBZFhkeXBqTnM4bkpYRkZQczBWQVJsMVJ2SkdZbU1KbDNQTk5nYmxwejV5TTNZaXlKb1VGWGFEUkJfTXBtR01IMlhxUHRZV1d1U3J3Zi1LNHRUNThRM1R2ZHJETk1sd9IBowFBVV95cUxNZFk5Qzhpb19ueHFVYzR1dTFOcGpHczhXa2VvUXBSampDNl9CaDNqU0lNZF8weERKeURwTEJwYjRFQWFZVWhJSE1NYldNZnl2aUk3SVl1R2c4N0U2N1Mxemh6VE95VXBqYmNJUWMySlNRZ21BTV85TFhGeUlrVm05TEg5dllseUphanVvUXFCN3hTTFQtNE5MempuRllITWVteC1J?oc=5,stage2_relevance_review,"national-scope driver, outside the CALABARZON province/city scope"
113,CBMiUEFVX3lxTE1VbHFURUcyN3JUX2pnQ2VIRFBqdGNuZmlHZ3pkZWlKTEVGT2thSjdoN05hc1NTWWdrbGpDYVJfTndxZ1R0UjZiMGdCZ2dISkg4,Agri damage due to Taal eruption reaches P577-M: DA,2020-01-14,Batangas,Philippine News Agency,https://news.google.com/rss/articles/CBMiUEFVX3lxTE1VbHFURUcyN3JUX2pnQ2VIRFBqdGNuZmlHZ3pkZWlKTEVGT2thSjdoN05hc1NTWWdrbGpDYVJfTndxZ1R0UjZiMGdCZ2dISkg4?oc=5,stage2_dedup,"near-duplicate of 'Taal blast destroys P577.39M worth of crops, livestock' (Philippine Daily Inquirer, 2020-01-14)"
115,CBMinwFBVV95cUxPbmVvVWRaNTR4NnVNSEZkSlZfbzFIM2paZWtONU1qRW9CVzFxMkUtUEpQbUwxMlNfTTFTZmdmLW1YZUdPVkFWSzVTOXMwTGVOdmd3bDNYTEJaeF9IM1FKc1R4dU4xMGk2ZlBGMFc2RzdyVFVyWFQxc2Qxak1jVi1KNS0wU3Q1Q0lfeER4Zk1GNTY4UV9wV3AwcUZFVy1wU2M,Agricultural damage from Taal Volcano eruption hits P577 million,2020-01-14,Batangas,Rappler,https://news.google.com/rss/articles/CBMinwFBVV95cUxPbmVvVWRaNTR4NnVNSEZkSlZfbzFIM2paZWtONU1qRW9CVzFxMkUtUEpQbUwxMlNfTTFTZmdmLW1YZUdPVkFWSzVTOXMwTGVOdmd3bDNYTEJaeF9IM1FKc1R4dU4xMGk2ZlBGMFc2RzdyVFVyWFQxc2Qxak1jVi1KNS0wU3Q1Q0lfeER4Zk1GNTY4UV9wV3AwcUZFVy1wU2M?oc=5,stage2_dedup,"near-duplicate of 'Taal blast destroys P577.39M worth of crops, livestock' (Philippine Daily Inquirer, 2020-01-14)"
114,CBMiswFBVV95cUxOWWQ3b3Vua1RDRlEtSktweWdiTTA1OS1ISFNROUF3VmJvUHpFWTJCT09MS1BFTzNOZmVEODBxWnVfOXVJNFNwbTdkMzlKMVBaaGlWVVpCY2cyNGR2WXBrYW1NN0d6bERVdTBOMkhUc0NXOHhTc3ZJTEFWaHV3dEtzVnNkMEp6d2VlTEVINHA4UVVSbDRBbHpJbnFJd1FrdUNTek5UNTNkQkxoVnZCSkVYcVdkc9IBuAFBVV95cUxOc2RkZlZDcmJWNEprZ2R2OTVNMFNFd1lrUFBaMEVVNHhNMU9MRS1qeXUzUlNnUlQzU2hBRWd4clViQ0pKdDVNbkpuZHlpWTVVMUJnWENfeS1VelV4NVJ6OTE3TWJ0TXRSMENCUW9VZU1kdnR2Tm1ZYUU4YWZMOEFCWS1JQklLUE9Ccy1xejd5RDR1STVUeHlmUmVQTGRxeUlTZVd2ZFJ2dU1TemJpYzNpdFRnYVFHX056,P577M worth of crops damaged by Taal Volcano eruption,2020-01-14,Batangas,GMA Network,https://news.google.com/rss/articles/CBMiswFBVV95cUxOWWQ3b3Vua1RDRlEtSktweWdiTTA1OS1ISFNROUF3VmJvUHpFWTJCT09MS1BFTzNOZmVEODBxWnVfOXVJNFNwbTdkMzlKMVBaaGlWVVpCY2cyNGR2WXBrYW1NN0d6bERVdTBOMkhUc0NXOHhTc3ZJTEFWaHV3dEtzVnNkMEp6d2VlTEVINHA4UVVSbDRBbHpJbnFJd1FrdUNTek5UNTNkQkxoVnZCSkVYcVdkc9IBuAFBVV95cUxOc2RkZlZDcmJWNEprZ2R2OTVNMFNFd1lrUFBaMEVVNHhNMU9MRS1qeXUzUlNnUlQzU2hBRWd4clViQ0pKdDVNbkpuZHlpWTVVMUJnWENfeS1VelV4NVJ6OTE3TWJ0TXRSMENCUW9VZU1kdnR2Tm1ZYUU4YWZMOEFCWS1JQklLUE9Ccy1xejd5RDR1STVUeHlmUmVQTGRxeUlTZVd2ZFJ2dU1TemJpYzNpdFRnYVFHX056?oc=5,stage2_dedup,"near-duplicate of 'Taal blast destroys P577.39M worth of crops, livestock' (Philippine Daily Inquirer, 2020-01-14)"
111,b924257c148918446e777f9519865890,Agri damage from Taal eruption reaches P577M,2020-01-14,Batangas,The Manila Times,https://www.manilatimes.net/2020/01/14/news/latest-stories/agri-damage-from-taal-eruption-reaches-p577m/674301/,stage2_dedup,"near-duplicate of 'Taal blast destroys P577.39M worth of crops, livestock' (Philippine Daily Inquirer, 2020-01-14)"
116,c457c79d1861ae5d1f846875184ef088,Agri damage from Taal fury reaches P577M,2020-01-14,Batangas,The Manila Times,https://www.manilatimes.net/2020/01/15/news/national/agri-damage-from-taal-fury-reaches-p577m/674445/,stage2_dedup,"near-duplicate of 'Taal blast destroys P577.39M worth of crops, livestock' (Philippine Daily Inquirer, 2020-01-14)"
361,405348d5132f180c6efb7fb2af328203,Taal Volcano eruption agriculture damage hits P578 million,2020-01-15,Batangas,PhilStar,https://news.google.com/rss/articles/CBMirgFBVV95cUxPbVZwSVBCMEY4WHA1RXUyRkRNSnYzSHdXRTF5SGloNVA3TXI3amhtSWhaVWdmV0QxWU5qYWU5a3p4Y19QQ1pmcjdyOTJTcGZVc2d5cEtiVHFuMlZVNGpxY2hTbElFWWxNdXNNYXFwb2tvQXhZMXBUUXVfYkpXY2FQSlBCRnpITmJvU3ZOQTBxY1l3OHc4aVZvRW9SV1FDSG00RW5hZzBvRTJZVFN2aXfSAbQBQVVfeXFMT3Ixc2wwNkRpWGFUTUl4Z3N4c1d3NmdENVRObVY1OWVqWk5BTHFsU0psR19jaklKUGdSTVA1VDZyZXV1OXFYb1U2bTU3VkZCZ25TR2xUdW1LRlgwVFFSMkpIcmxxbUY5VmtKMzhlcWtHQkFJNDZoc1hzQkJURmloaHhYNXlTczFHU25nUlI3RmVyX21KdnJETFhwd3RBQV9QRFJ2VVVubnRpSGpNemlrVHNBMUVp?oc=5,stage2_dedup,"near-duplicate of 'Taal blast destroys P577.39M worth of crops, livestock' (Philippine Daily Inquirer, 2020-01-14)"
129,CBMiwwFBVV95cUxPdUFVckxkTFJFNU5CT1ZFUC1kODB5SWE3TUhPaGlKa3ZGRXo0WnFZR2VYbDIwMU1WTXhoSk5MSElMZ1QzMm1YbERXbDRIQ0dQdkNwT0ZYUHVTUFVMdWQtRXMxd04wSlU0OTR2NVIxalRjeEdqcHBvVWRPQi15OVBWWk5fQmFseFRYVTFld3pIODE3dGVucWZsOWVxY2FJbTdHa1dSTnlNbzZ4eGRLTVBUQXI2STFlYVhFRVRVRzdoV1lDYWs,More than P500M worth of crops and livestock damaged by Taal eruption,2020-01-15,Batangas,BusinessWorld,https://news.google.com/rss/articles/CBMiwwFBVV95cUxPdUFVckxkTFJFNU5CT1ZFUC1kODB5SWE3TUhPaGlKa3ZGRXo0WnFZR2VYbDIwMU1WTXhoSk5MSElMZ1QzMm1YbERXbDRIQ0dQdkNwT0ZYUHVTUFVMdWQtRXMxd04wSlU0OTR2NVIxalRjeEdqcHBvVWRPQi15OVBWWk5fQmFseFRYVTFld3pIODE3dGVucWZsOWVxY2FJbTdHa1dSTnlNbzZ4eGRLTVBUQXI2STFlYVhFRVRVRzdoV1lDYWs?oc=5,stage2_dedup,"near-duplicate of 'Taal blast destroys P577.39M worth of crops, livestock' (Philippine Daily Inquirer, 2020-01-14)"
119,cee52aa55c652c46f2f904f076d6c2db,"Damage to crops, livestock at P600M; gov’t aid listed",2020-01-15,Batangas,Philippine Daily Inquirer,https://newsinfo.inquirer.net/1213708/damage-to-crops-livestock-at-p600m-govt-aid-listed,stage2_dedup,"near-duplicate of 'Taal blast destroys P577.39M worth of crops, livestock' (Philippine Daily Inquirer, 2020-01-14)"
117,281f8532781f3f1254338063fefcfb6d,Grey pineapples: Taal Volcano's unrest devastates Tagaytay farm,2020-01-15,Cavite,interaksyon.com,http://www.interaksyon.com/trends-spotlights/2020/01/15/160332/grey-pineapples-taal-volcano-tagaytay-farm/,stage2_dedup,"near-duplicate of 'Gray Pineapples Volcano Devastates Tagaytay Farm' (ABS-CBN News, 2020-01-15)"
126,86b4819ef8e093217474a975ef288418,Cavite Now Under State of Calamity amid Restive Taal Volcano,2020-01-15,Cavite,Philippine Daily Inquirer,https://newsinfo.inquirer.net/1213495/cavite-now-under-state-of-calamity-amid-restive-taal-volcano,stage2_dedup,"near-duplicate of 'Cavite State of Calamity Taal Volcano' (CNN Philippines, 2020-01-15)"
362,c4404af26f56b6bd73dbeb3dc5c788cb,Cavite declares state of calamity due to Taal Volcano eruption,2020-01-15,Cavite,Rappler,https://news.google.com/rss/articles/CBMirgFBVV95cUxNbTRjZldZNU1ncTNTTF9mZWRsdXdQeEs2V19kc1djbXAxTm9RZzhEOEhpWWxkUlN5ZG5DVnZGSi1XNkl2ajVfUnRRVjBFSVFNZUhHendBWWdkd0E3Q016NEVaUUZMM1RkMUZIajNZRUJtcUlWajAyUjBzRmU4M1VUWl9wUDNmend4VS1RZ0hEY3prVEM3cHYwWVlBUkZVY296RXZzcUwtSjMyQUJQX2c?oc=5,stage2_dedup,"near-duplicate of 'Cavite State of Calamity Taal Volcano' (CNN Philippines, 2020-01-15)"
123,f0ff35afb3e2b1dc99e0a544b337b9a6,P74 5 M Damage to Agriculture as Taal Unrest Continues NDRRMC,2020-01-15,Batangas,news.mb.com.ph,https://news.mb.com.ph/2020/01/15/p74-5-m-damage-to-agriculture-as-taal-unrest-continues-ndrrmc/,stage2_dedup,"near-duplicate of 'Taal eruption destroys P74' (SunStar, 2020-01-15)"
133,61d6ff5f177e221140fad39fba92c855,Agri Losses due to Taal Eruption Now at P3 Billion,2020-01-17,Batangas,ABS-CBN News,https://news.abs-cbn.com/news/01/17/20/agri-losses-due-to-taal-eruption-now-at-p3-billion,stage2_dedup,"near-duplicate of 'Agricultural damage by Taal Volcano eruption climbs to P3.06 billion' (Rappler, 2020-01-17)"
223,8a71976a667d670d1030dbe1e1dfb24b,Taal Volcano eruption's damage to agriculture reaches P3.06B,2020-01-17,Batangas,PhilStar,https://news.google.com/rss/articles/CBMirgFBVV95cUxPNU5MdkZ2aXRDd2FoTjc2QTNwU2VtMjlGQ0htZnNyWlhHNFlpM3djcmxicExCb0ZMTldmUGRhTnRUWXJSNDFMMnhNdVp3TVBQSW1USzJCcXJEaXVLWmlQSl96NjNmWjE4cTB4cWpKcFpheVU0bElxb0hORUo0S2VibTltOVRGcDJ3aWFsbjRyVkJrUmdhRU9NVUpjSERnREVpbmRMa0dFby1PUVlIb2fSAbQBQVVfeXFMT0x0NHlPWXpNSnBTYWRmTFhiQmp0eEJpTDU4b3VrWU9WbU9RbmhvdUc5NW85WXVBVVNrZG5HdjVMTlFLcmVNOU9IbjVvQ2tYbEZVS1NvbkhtbDlaQjZPUzVPNkJubzVnWEVWbV9KS2JGUU9tVVhXaU9LSDJXODNqQkFXM1B1cTdQOUg3MVQ4amU5Q2dndjZobm13RVhNa0pMMGliaS10TU9mMEpOU01aSUtGbGNI?oc=5,stage2_dedup,"near-duplicate of 'Agricultural damage by Taal Volcano eruption climbs to P3.06 billion' (Rappler, 2020-01-17)"
136,CBMiUEFVX3lxTFBzSzlpcFU3b1Y5clZ4VUFJakpRZVBORUF3SXgzYWtHVmZvZjRMZzFnMk9zLU9qdkFFSnpDNWtyWGVCZXlGYXd1UUJVZ1JhWmNU,Agri damage from Taal eruption soars to P3-B,2020-01-17,Batangas,Philippine News Agency,https://news.google.com/rss/articles/CBMiUEFVX3lxTFBzSzlpcFU3b1Y5clZ4VUFJakpRZVBORUF3SXgzYWtHVmZvZjRMZzFnMk9zLU9qdkFFSnpDNWtyWGVCZXlGYXd1UUJVZ1JhWmNU?oc=5,stage2_dedup,"near-duplicate of 'Agricultural damage by Taal Volcano eruption climbs to P3.06 billion' (Rappler, 2020-01-17)"
137,bee398d8422da0292ca8a359fb64e589,Agri losses from Taal blasts reach P3.06B,2020-01-17,Batangas,The Manila Times,https://www.manilatimes.net/2020/01/18/news/national/agri-losses-from-taal-blasts-reach-p3-06b/675385/,stage2_dedup,"near-duplicate of 'Agricultural damage by Taal Volcano eruption climbs to P3.06 billion' (Rappler, 2020-01-17)"
132,d18c042235a8c9a9ffcc1e03bd289c7d,Taal damage to agriculture hits P3B,2020-01-17,Batangas,Philippine Daily Inquirer,https://newsinfo.inquirer.net/1214696/taal-damage-to-agriculture-hits-p3b,stage2_dedup,"near-duplicate of 'Agricultural damage by Taal Volcano eruption climbs to P3.06 billion' (Rappler, 2020-01-17)"
139,7ae19fc67f7e750deb144e157169093d,Damage from Taal Hits P3 Billion Fisheries Most Affected,2020-01-19,Batangas,BusinessWorld,https://www.bworldonline.com/damage-from-taal-hits-p3-billion-fisheries-most-affected/,stage2_dedup,"near-duplicate of 'Agricultural damage by Taal Volcano eruption climbs to P3.06 billion' (Rappler, 2020-01-17)"
140,5e2c4ce3465f92323ec77add5d996dce,Lost and damaged: Taal volcano steals livelihoods,2020-01-19,Batangas,ABS-CBN News,https://news.abs-cbn.com/news/01/19/20/lost-and-damaged-taal-volcano-steals-livelihoods,stage2_dedup,"near-duplicate of 'Lost and damaged: Taal Volcano steals livelihoods' (Rappler, 2020-01-18)"
661,CBMipAFBVV95cUxQaW91Mnl3dHJMRzFPa3pDcEpxN051a0thNGFVbmNOcWdVYkx6QVlhd3ltQm8taTZfNGZ5T0ZsRV9CeXF0ZXJYZExuMWxENVh6QUN3S3BXaVJzRU5KRDg5SDVJT01HSGhWcDYwa3VIenByV3Rka09POHFXNm9sM2RHMGQzM2tqSFFjT2VsM0lIMmJHVmE0YWYyLWRqTWtrQkNSYzZQWg,"Almost half of Mabitac, Laguna flooded; agricultural damage placed at P3.4M",2022-09-26,Laguna,Manila Bulletin,https://news.google.com/rss/articles/CBMipAFBVV95cUxQaW91Mnl3dHJMRzFPa3pDcEpxN051a0thNGFVbmNOcWdVYkx6QVlhd3ltQm8taTZfNGZ5T0ZsRV9CeXF0ZXJYZExuMWxENVh6QUN3S3BXaVJzRU5KRDg5SDVJT01HSGhWcDYwa3VIenByV3Rka09POHFXNm9sM2RHMGQzM2tqSFFjT2VsM0lIMmJHVmE0YWYyLWRqTWtrQkNSYzZQWg?oc=5,stage2_dedup,"near-duplicate of 'Almost half of Mabitac, Laguna flooded; agricultural damage placed at ' (Manila Bulletin, 2022-09-26)"
509,91c30a44bf88f4184a508940e3c28026,"PBBM distributes 1,200 sacks of rice to 4Ps beneficiaries; P1.577-million DA assistance to farmers in Cavite",2023-09-22,Cavite,Philippine Information Agency,https://news.google.com/rss/articles/CBMi7gFBVV95cUxNVGdMV2wxVEVnUHB4VVZqTzB2Vlc4X3U0NGdHbFNZRFpySlZVNktURTF4Z0dvRkd4Q0Vfc1lHZ3FLbHRIRXZ6Uy12RVJTY1Z0OUx3UzVpMHF3STVHakJzLVF0X2JBYUwwTUtkTkdENnVoY3c1bzdxQWJEOV9NQlcwdjlkSElmdTR6TzBoTW4tcDNGbWtHRWZOSFZjWDQtY2lwZWRKV0QxUTdFUjl2cWJzcTN3RmlsR2s0Y3kweUh1YlpvYkhFZFJvNmNRQ0xZT3l2Ry1Wc0d0OFlXa19fV3IxaGlPZ0RUMmwyODhBSThB?oc=5,stage2_dedup,"near-duplicate of 'PBBM distributes 1,200 sacks of rice to 4Ps beneficiaries; PhP1.577-mi' (Presidential Communications Office – PCO, 2023-09-22)"
561,c513b49b01c50a704e7e7e7b91e04372,BFAR: Massive fish kill in Cavite caused by algal bloom,2023-11-16,Cavite,Philippine News Agency,https://news.google.com/rss/articles/CBMiUEFVX3lxTFA1bWpZT2JPazhmYjZHam9sRjZiaWNQY1h1M3hXVmRlWkswdUJ0SDNUTlowbXlBV3VPVVF6TzNJZkZaR2pvcE5FNC1VRlFra1hF?oc=5,stage2_dedup,"near-duplicate of 'BFAR investigating massive fish kill in Cavite' (ABS-CBN News, 2023-11-14)"
502,533c0c3cee8f5a776a0943cbca248f62,Algal bloom caused massive fish kill in Cavite — BFAR,2023-11-17,Cavite,Manila Bulletin,https://news.google.com/rss/articles/CBMiigFBVV95cUxOaGNNMF85ZDZVSW9kb1FBakFLSTJLSzRYMEJpb0NMMXNhQ1NWcnJrYXcxVGVXNXFPYXNjVC1meG5tR3FBZjgxRy1kSW5TR3RQWl9SWThRSG5sOHBQWl9IZk9GRmZOSjFYaXFMVWxSSlozaENlZ01iNnBwSWF4NnRib1otVl9ObFpXSlE?oc=5,stage2_dedup,"near-duplicate of 'BFAR investigating massive fish kill in Cavite' (ABS-CBN News, 2023-11-14)"
562,dafe9db4d71647feeaa556872652b42b,Fish kill monitored in Cavite,2023-11-16,Cavite,PhilStar,https://news.google.com/rss/articles/CBMigwFBVV95cUxOd2w3TXlQNWFlWEw3SVBiSDBYMmk0V1h1SFpwZE9wWm15UmkzWDEwTkRiajAtcXpyVFdMOXVOQnRPdWo2bl93UW91aGtsYXBya3pxT0FqbC03ZGhZaUpBc1lJRlZSYUp5R1hkd0lJSnFMMWRpT3h4OVVvLXUtN1cxX0lVSdIBigFBVV95cUxOdzY0WHZqYldUOVJvZ1BKdzhKU3RWb2tBc09aejNvQ25kSG1YXzhBSkN3NmtfYjZETk5ZSEhzUGpqRkZjMUkySjJpWTJJTy1EZmw0cUtZWE82QUJ4YXJNY1FFT2k2RmNSajR6cnFpeUxGX3h5TnBDVUFqS3hZUDRzLTU2QzluY3hkZWc?oc=5,stage2_dedup,"near-duplicate of 'Fish kill reported in Cavite' (GMA Network, 2023-11-15)"
485,934232c1febd50be22f39eb628d015c2,Parts of Cavite Under State of Calamity due to Oil Spill,2024-07-31,Cavite,ABS-CBN News,https://news.abs-cbn.com/regions/2024/7/31/parts-of-cavite-under-state-of-calamity-due-to-oil-spill-1142,stage2_dedup,"near-duplicate of 'Oil spill reaches Cavite; State of Calamity declared' (GMA Network, 2024-07-31)"
484,ce54fc1d44c27d4ac3e47ad33c931e7d,State of Calamity Declared in 8 Cavite Towns due to Oil Spill,2024-07-31,Cavite,GMA Network,https://www.gmanetwork.com/news/topstories/regions/915340/state-of-calamity-declared-in-8-cavite-towns-due-to-oil-spill/story/,stage2_dedup,"near-duplicate of '8 Cavite towns under state of calamity due to oil spill' (PhilStar, 2024-07-31)"
550,7e2e3c616f11ab0b06e7eb1dba4b7340,Oil spill: 8 Cavite towns declare calamity,2024-08-01,Cavite,PhilStar,https://news.google.com/rss/articles/CBMimwFBVV95cUxQb3o1VUo0X0pWZThWeXlCamYwWVhJSVRRbGp0TDI4cXRseUtnVnNjdlF3bzU2cTFpbkxYZDBoNGJxLWlfQ3dMZ1FjOUVySnpOZTBBXzRfLThpangyYlFzcnpEUFlLb3RZN3hHcE1hVWpPc05manVjZ21tN0JoQ0Y0bWJENGVhbjNSX0k1ajZDMlRndTFJdndIRWxWVdIBogFBVV95cUxQQklGd19iMzFEMVI2NFFaRDRUa01icHJOek5ueFo5NWlLY0tFTGFnUndUcWZ0NTVPYTYwUXpOX0JsMjFadWttUktjb05kMUQ5bm1BN0JvRUJTZDljME04bjNGLThlLUxqTWVEU1ZsOFNZS1NVMTNabWphaGhkczgzclFsaGdaS2lSc1pNcS1MckZoVVRZZXk3Z1p0ZVRyZVV4Y1E?oc=5,stage2_dedup,"near-duplicate of '8 Cavite towns under state of calamity due to oil spill' (PhilStar, 2024-07-31)"
57,a49c6260db50ce57aac2a7fb792df217,Lobo town placed under state of calamity due to ASF,2024-08-08,Batangas,ABS-CBN News,https://news.google.com/rss/articles/CBMingFBVV95cUxOdUpnd0hhUkhOc3hpeExBXzNQamVJQUltcjZsaUxRMXI0NGhscXlZdkg2UEdRWTRseUpGS1gtN3BrODkyZHBYYUE2REFhQ3hXcUdTMGJWdWdadnVBZUNTaG9zU2lKR3FiMWpsMU9KU1RRaFk5NWFGSnhaUnNtcmRIQmVIcVdwdVF4N1Z1SnlESWt1d1FlY1FvU1kzWHh5UQ?oc=5,stage2_dedup,"near-duplicate of 'Lobo, Batangas placed under state of calamity due to ASF' (GMA Network, 2024-08-07)"
51,e5ff0e48e7fe3ad4f7d546991fe098b8,Batangas Town Under State of Calamity due to ASF,2024-08-08,Batangas,Manila Bulletin,https://mb.com.ph/2024/8/8/batangas-town-under-state-of-calamity-due-to-asf,stage2_dedup,"near-duplicate of 'Lobo, Batangas placed under state of calamity due to ASF' (GMA Network, 2024-08-07)"
247,7db5545ab148e23c4c787adebf5a93ca,Batangas province under state of calamity due to ASF,2024-08-12,Batangas,GMA Network,https://news.google.com/rss/articles/CBMimwFBVV95cUxNOEhXekJULUNXMUNiemQ2XzE4aHhyeVJhejdrbXlOZUZrdzVJY2ZxMHZLRld6ZmhiLV9hSDBGam5zekhYZlNpdlIwcUZ5d083SjlvVGVTTjJXNm81YWNNRk1GZS00Mk9rYXN6RWxQUmZkNDVBWC1kbXBwVUItS1hPbHdEeUlPWks4dy1RdXdYdG1SbDVrcm1CSEJqd9IBoAFBVV95cUxQM1Vqam5vRGprdk1hcmtHQnRJNGl2N0M5SUR0UU9yYllaeWFFUHVrZGFyWUZMMTZjTXUxRlZWUEJ2YjhzYlR1dzhtUlo2TlhWc1p4a3NUai1IQ2VlSW9TQVRxSXg0YkMxQ0kyMHd6RU9WWmdPdFFXUXFXWldPdUNRM004b2tROVhKZDNJWXN6QTJtZEoyaVB4SlBidFVQcXNz?oc=5,stage2_dedup,"near-duplicate of 'Batangas under state of calamity due to ASF' (Manila Bulletin, 2024-08-12)"
327,f736bb4c6135efdfed279b25dcc03e40,Batangas province placed under state of calamity due to ASF,2024-08-13,Batangas,Philippine Daily Inquirer,https://news.google.com/rss/articles/CBMingFBVV95cUxNbjR2SzZneUZlU0NETWJaeVA0b3dBN1pUVHNEZ1AzWWlLeWFsQkJGNWRpdEtlNnlVQ3hxcHlRR05xeVVhQ1JRQTFfUDV6R3pyTVRnalNEWTNCLU5qUmFSZUxwSUQyemZjRXNPR3RpR29OTERtRm9xRzZheDdjM1VucWNCOUtBT1JLWVVpLXNjZVlkdlVYY1BEMXFwSkNIUdIBowFBVV95cUxPRThIV0tyWEJKSHhQOFNIR2NMd0FzT3RKZGRYYVJSZ0M4VGpyOVZRMXpWSU5lbHJfTkJTYUF2eWJMZE1iWHN1NmxLdjhUNEZLbEFuYnVlVF9KMk42amxwUlBuT1pCdkoxLXJnaV9NbHRjU3Mta0NZRTdrN1BZWW1QR1VNa21kSk9odlEyN3k4TDc5My1lX3FvcWxMblRLRFdqcVE0?oc=5,stage2_dedup,"near-duplicate of 'Batangas under state of calamity due to ASF' (Manila Bulletin, 2024-08-12)"
535,c619aa12b8473a7b99e1cd542a1b56f3,"Fish, shellfish from Cavite still not fit for human consumption – BFAR",2024-08-17,Cavite,Journal News Online,https://news.google.com/rss/articles/CBMimwFBVV95cUxNZjdzVlU3Vm9yZzZRT3pRaEhGWmVJQjlMTVA4U0dfeC1obUQ0bTB6YzY5c3Y0SXl2SG92S0s5Y3JSVEROOTFKVU1ldC1YNEFoWmVuOXdmNXpVbTczUk13b3ZQSUNFOG85MEx2ZGN1eWdQWmRYbVIxaDRqX2JYUHNRV09HSmhMOHpOaDRZVW5FdzNLVzB4U2lsd3VHVQ?oc=5,stage2_dedup,"near-duplicate of 'Fish, shellfish from Cavite province still not safe for human consumpt' (Manila Bulletin, 2024-08-14)"
379,CBMinwFBVV95cUxOOWdvVVJaYUpWaVE0b0pRY0JTMDRMOEhPVGlxRkJaOVo1dExUbzg4ams4aVhsUHJ5ZGdpT3dkY2hwZDJpbmJmeXBsQnBZVmtldWZvTzZSdzZLVFV3WDJGSU5KRERIWm5JWklLMHdGQVJCWVF4MHE1Y3dUbVRWd25xOTNkNllQc05JalNXTVBOUEd5ak1hTWswSmF2ZS1QbW8,Marcos launches ‘Benteng Bigas’ in Bacoor; more to benefit from P20-rice,2025-07-02,Cavite,Manila Bulletin,https://news.google.com/rss/articles/CBMinwFBVV95cUxOOWdvVVJaYUpWaVE0b0pRY0JTMDRMOEhPVGlxRkJaOVo1dExUbzg4ams4aVhsUHJ5ZGdpT3dkY2hwZDJpbmJmeXBsQnBZVmtldWZvTzZSdzZLVFV3WDJGSU5KRERIWm5JWklLMHdGQVJCWVF4MHE1Y3dUbVRWd25xOTNkNllQc05JalNXTVBOUEd5ak1hTWswSmF2ZS1QbW8?oc=5,stage2_dedup,"near-duplicate of 'Marcos leads launch of P20/kilo rice program in Bacoor' (ABS-CBN News, 2025-07-02)"
769,cac132bf1f3e935bcb7eb18d0c6724e8,Invasive ornamental fish threatens Laguna lake's ecosystem — study,2026-07-05,Laguna,PhilStar,https://news.google.com/rss/articles/CBMi2AFBVV95cUxOLXgyLUdDYUF5UXF6Vm5BVHdBcXd4MmNpVG0wSlo3RTJNU3UtakItX2R2UU42bzdrbGlLcUoxbkhPbVZ6UXFVT0FTakhqSlVwVzVNNU9LQ0xpbS1BTU1EeEpkS2thd1VNZVBuel8yOFFlNC1iREFqeDF6RUZZWlJOZkRPNG5PWG0yeUVhNEI3OUtoU3gtX2JBM1FmMEh3S244d3ZDTXEtejdtbExEdTZyT1Bibk8zckNsTjJGcVg1cGc0dVhGeVNiOGc1RTFZNy05N2twV3JMRkbSAd8BQVVfeXFMUC1DTmpnbExXOUNuOXJsZXNVRWZXdDNwWEZmak1hRnZ4S1hfRzdraVJKQlVOZUo0NFVHWmpkM0UwcGZ2b1luSWNiTURjZ0tyRXlxaUZPNDZOU2lmZU9FSHlGejNndzdJejVkckJhcUZqZk1FWEVyLUpPNjJkUXFZRk9tcTB0MTFrUDJlNjRfQklzQ1owS2VBVnFmNTc3ZWJwbWY3MHJmY1Y4N1h3cGFEb09RbUE3NHJTdE1rR05mckZDbUxUeGJNRkRTWkItZ2hRU1FTYnNzb2dkWFQzemQwaw?oc=5,stage2_dedup,"near-duplicate of 'Invasive fish threatens Laguna Lake' (Daily Tribune, 2026-07-04)"
381,CBMitwFBVV95cUxOa01LcXJVTnQ4b2tYdG5TeUx0c0ZJSHp0bkhZTllfeUVQOHlhT0ZUS1RfcDZXTW4wUkJRZ2ZTbjBaeEowZkRKSnEzOWM3VzB3ZGxyNWtfM181WTUwR01Oa1dXS0VXYmV6T29DbTdJX3ZCWEpDc09HaXV3SllrQi1MSkt3NDBvcXdQc2FEUkxaOWdFQmxtOFJXSzJFckJCN1JxMFVBLWQzOGE2ZzVOUGhuTnF2X1o1eDQ,Revilla-backed reclamation project blamed for dwindling Bacoor ‘tahong’ harvests,2026-07-16,Cavite,Rappler,https://news.google.com/rss/articles/CBMitwFBVV95cUxOa01LcXJVTnQ4b2tYdG5TeUx0c0ZJSHp0bkhZTllfeUVQOHlhT0ZUS1RfcDZXTW4wUkJRZ2ZTbjBaeEowZkRKSnEzOWM3VzB3ZGxyNWtfM181WTUwR01Oa1dXS0VXYmV6T29DbTdJX3ZCWEpDc09HaXV3SllrQi1MSkt3NDBvcXdQc2FEUkxaOWdFQmxtOFJXSzJFckJCN1JxMFVBLWQzOGE2ZzVOUGhuTnF2X1o1eDQ?oc=5,stage2_dedup,"near-duplicate of 'Revilla - backed reclamation project blamed for dwindling Bacoor tahon' (Rappler, 2026-07-16)"
214,1f2eb0e0fcdf29ceb703dfd0fae0233c,Batangas town under state of calamity due to ASF,2024-08-09,Batangas,Philippine Daily Inquirer,https://news.google.com/rss/articles/CBMiiwFBVV95cUxNMmVnQmx5NUdhallRRlY1N3ZsLXhaVk4xTW1kdWlYNUxuVkk4MlVaWGlSR2g4TUZac0xGTWRHSGNCa1IwWVMzRDNWTGYwT1l4cW9HWUVUa3dKNDlRQzFGeDUydjVOSFN2MmhMQjlvcFMza29pU2ZfRERDU0wtVkdiQ1NrRDZMQWFYWEFN0gGQAUFVX3lxTE41dl9qeGlhSDRNUkZnWUUtaldtNFFfUUwyQVBGZmFnQ0I1bXFTcTA0SDM5SFh4V3dZdjdkSlVuekNSOEpyRnc0eEZRckVxYkQ2bEIyelQwc1JaRVpJLW5uM29SdEk5TFZQWWd1N0Y1anpXQmkzUWt2VUE3eVVIMGJOcTE5NmV1VHZCU2w0NzQtVA?oc=5,stage2_dedup,"near-duplicate of 'Batangas Town Under State of Calamity due to ASF' (Manila Bulletin, 2024-08-08)"
563,7f6bef2520c55394e99c37617a7e8a84,BFAR: Algal blooms caused fish kill in Cavite,2023-11-16,Cavite,Philippine Daily Inquirer,https://news.google.com/rss/articles/CBMiigFBVV95cUxONXVhdWlFUnVfWDRLNUN6SThvNkptWTVoTVBIY2J2cmVBNkFRMHFpQVVsczhCTTlZOTJtbXBWRXA3N1BVWVA0dHBpR2VBcjNNdVY1WlQxRDIxNTFVQVhKZlhoMjdmR09kaE5Pbkw4cUF0RlA1R3lBdjNucVY0dlU0LTJVLWNKWk5aVFHSAY8BQVVfeXFMUDhnelBtampRQ0I4Q1Nqd0N6U3BjT3RCTXBILTNMb2FDOGJZUGtmN2ZpNURJREpsWXI2b0ZPcmpodFRDSC0xMkl1VEo3WnlDZ0lvMXVSSk81akxsRWFTLXkyRjc0NW40dGM3UDVFRXVGNHhGRnRONGZoUUFwdk52U3Q4dWtyd2lWX1RKZWlXSUE?oc=5,stage2_dedup,"near-duplicate of 'BFAR: Algal blooms caused fish kill in Cavite' (Philippine Daily Inquirer, 2023-11-16)"
422,ed8a83856ca27d14ef8165eea458f02e,"CALAX project hastens death of farming in Imus, Cavite",2022-09-19,Cavite,PCIJ,https://news.google.com/rss/articles/CBMiigFBVV95cUxPUTNNQUV4WEEzQXJQZkN1cHV1dzRLbmF6SWxxcnhVT1BZa25xUmNoVHZaS2l0WXZxTm1rc3NFTUVoRHZwSEd0TVlJR01aa2NBUGdleFZNYVVIdWlNdUktUXZOUmR6VjlKdlh4cmVhd2ZONGZYMGtMdEM3MHV0Z3p3Y2hZdnZobzNLMVE?oc=5,stage2_dedup,"near-duplicate of 'CALAX project hastens death of farming in Imus, Cavite' (Rappler, 2022-09-25)"
1136,3ccb0540bde0199e82f99d4fa604b48d,"Driven by hunger, sick and elderly residents of village in Rizal forced to eat salt",2024-11-29,Rizal,ABS-CBN News,https://news.google.com/rss/articles/CBMiwwFBVV95cUxOYV9INWxoUXY1OVpHLVZEVnZ0akJkeDgzNEdtUGltVTNKTUtpX0xSYVRId1NvSmQyZ1lhbFpzSVphVWJVc1JraVF5amhtbExxMXNpTTJJSVMwVWpyRGF2SXU0N2RmZS1KOHFQZFE4Qkw5cW5qSlo1eS1XM0h0RkI4Z1Zqd1lBMkZYTmNhWTN1NWFicnQ1VTdBM2MzYmVwMDBOZHBrWFpYSmJZNmVwSUVxTVcxZEtfaFRnREZVX1piYV9rdVU?oc=5,stage2_dedup,"near-duplicate of 'Driven by Hunger Sick and Elderly Residents of Village in Rizal Forced' (ABS-CBN News, 2020-04-27)"
518,d6ab643411aebd3128eabc878f512842,Fishers’ group wants Cavite fishing ban lifted,2024-08-12,Cavite,PhilStar,https://news.google.com/rss/articles/CBMinAFBVV95cUxNV190aHpLUVdOR2hueU1tejJRM19mQzlnbzk4SWFRY0pHVl8xaU1zOFoya1ZLMjlwM0EwOUZkMEpiT2JxTjQxeEYtZlRHWG5zZHlHX3AwdUxGMFNwRnJQMlZ6Tzd4bzJQSGJtaEE1dVFpc1d1M0YxVDV0WVEzc0wyaGZzdkhTdzU5QTJLUnR3b1pXTmFZS0gwN2Zxd0LSAaMBQVVfeXFMTl8tWUp4bXpFUkY2OGI0RzBURGEwYkJGOXBUcm1jT1ZtNVZpNEJLRjh2TFNRT292UWtXb2x3Z1VLckRQQ0pNZWpvc2ZHak5KcllkTlNScGFQSjNwTy1pZjN0RTdnVHlPTk11ZXdqcmZpaGt3V3U2Nmc1ajJ5NWhRWG9WdzZ2RUlsWXkza3NiT1V6bGhjMk8wRE1aYk5RQXBfUm1Zcw?oc=5,stage2_dedup,"near-duplicate of 'Fishers’ group wants Cavite fishing ban lifted' (PhilStar, 2024-08-11)"
